Start date;End date;grid load [MWh] Calculated resolutions;Grid load incl. hydro pumped storage [MWh] Calculated resolutions;Hydro pumped storage [MWh] Calculated resolutions;Residual load [MWh] Calculated resolutions
Jan 1, 2023 12:00 AM;Jan 1, 2023 1:00 AM;38,346.00;40,422.75;2,076.75;6,337.75
Jan 1, 2023 1:00 AM;Jan 1, 2023 2:00 AM;37,777.25;39,545.00;1,767.75;4,601.75
Jan 1, 2023 2:00 AM;Jan 1, 2023 3:00 AM;36,939.75;39,990.00;3,050.25;3,581.00
Jan 1, 2023 3:00 AM;Jan 1, 2023 4:00 AM;35,932.50;39,636.50;3,704.00;4,973.75
Jan 1, 2023 4:00 AM;Jan 1, 2023 5:00 AM;35,486.25;39,287.00;3,800.75;5,082.75
Jan 1, 2023 5:00 AM;Jan 1, 2023 6:00 AM;35,647.25;39,706.75;4,059.50;4,945.00
Jan 1, 2023 6:00 AM;Jan 1, 2023 7:00 AM;35,231.75;39,480.00;4,248.25;4,636.75
Jan 1, 2023 7:00 AM;Jan 1, 2023 8:00 AM;36,172.25;39,460.00;3,287.75;4,972.25
Jan 1, 2023 8:00 AM;Jan 1, 2023 9:00 AM;36,829.25;39,601.25;2,772.00;6,264.50
Jan 1, 2023 9:00 AM;Jan 1, 2023 10:00 AM;39,226.50;41,130.00;1,903.50;6,773.25
Jan 1, 2023 10:00 AM;Jan 1, 2023 11:00 AM;41,005.50;42,731.50;1,726.00;6,821.75
Jan 1, 2023 11:00 AM;Jan 1, 2023 12:00 PM;43,703.00;44,995.00;1,292.00;8,243.25
Jan 1, 2023 12:00 PM;Jan 1, 2023 1:00 PM;44,205.75;45,400.50;1,194.75;9,899.50
Jan 1, 2023 1:00 PM;Jan 1, 2023 2:00 PM;43,621.75;45,212.25;1,590.50;11,222.75
Jan 1, 2023 2:00 PM;Jan 1, 2023 3:00 PM;43,231.50;45,061.25;1,829.75;10,989.50
Jan 1, 2023 3:00 PM;Jan 1, 2023 4:00 PM;43,691.75;44,713.50;1,021.75;12,912.25
Jan 1, 2023 4:00 PM;Jan 1, 2023 5:00 PM;45,668.75;45,930.00;261.25;17,928.00
Jan 1, 2023 5:00 PM;Jan 1, 2023 6:00 PM;48,732.00;48,915.25;183.25;22,239.00
Jan 1, 2023 6:00 PM;Jan 1, 2023 7:00 PM;48,882.00;49,269.25;387.25;23,058.50
Jan 1, 2023 7:00 PM;Jan 1, 2023 8:00 PM;47,468.50;47,962.50;494.00;22,176.25
Jan 1, 2023 8:00 PM;Jan 1, 2023 9:00 PM;44,883.50;45,516.00;632.50;19,641.50
Jan 1, 2023 9:00 PM;Jan 1, 2023 10:00 PM;43,222.75;43,847.00;624.25;17,643.75
Jan 1, 2023 10:00 PM;Jan 1, 2023 11:00 PM;42,278.00;42,802.25;524.25;18,641.75
Jan 1, 2023 11:00 PM;Jan 2, 2023 12:00 AM;39,092.75;40,133.75;1,041.00;16,156.00
Jan 2, 2023 12:00 AM;Jan 2, 2023 1:00 AM;36,789.75;39,604.25;2,814.50;15,221.75
Jan 2, 2023 1:00 AM;Jan 2, 2023 2:00 AM;35,423.75;38,999.00;3,575.25;14,467.50
Jan 2, 2023 2:00 AM;Jan 2, 2023 3:00 AM;35,284.25;38,895.00;3,610.75;13,016.25
Jan 2, 2023 3:00 AM;Jan 2, 2023 4:00 AM;36,058.50;40,634.75;4,576.25;12,476.50
Jan 2, 2023 4:00 AM;Jan 2, 2023 5:00 AM;37,796.00;42,139.25;4,343.25;12,404.00
Jan 2, 2023 5:00 AM;Jan 2, 2023 6:00 AM;40,899.00;45,272.25;4,373.25;14,202.00
Jan 2, 2023 6:00 AM;Jan 2, 2023 7:00 AM;47,069.50;49,517.50;2,448.00;18,184.00
Jan 2, 2023 7:00 AM;Jan 2, 2023 8:00 AM;52,317.25;53,251.50;934.25;21,928.00
Jan 2, 2023 8:00 AM;Jan 2, 2023 9:00 AM;56,231.00;57,131.50;900.50;23,661.25
Jan 2, 2023 9:00 AM;Jan 2, 2023 10:00 AM;57,444.75;58,092.25;647.50;22,505.00
Jan 2, 2023 10:00 AM;Jan 2, 2023 11:00 AM;59,241.00;59,561.00;320.00;23,304.50
Jan 2, 2023 11:00 AM;Jan 2, 2023 12:00 PM;60,654.50;60,717.75;63.25;23,446.75
Jan 2, 2023 12:00 PM;Jan 2, 2023 1:00 PM;61,571.75;61,968.50;396.75;24,319.00
Jan 2, 2023 1:00 PM;Jan 2, 2023 2:00 PM;60,448.00;60,869.25;421.25;24,613.75
Jan 2, 2023 2:00 PM;Jan 2, 2023 3:00 PM;59,188.25;59,502.75;314.50;25,511.50
Jan 2, 2023 3:00 PM;Jan 2, 2023 4:00 PM;59,014.00;59,189.00;175.00;28,664.75
Jan 2, 2023 4:00 PM;Jan 2, 2023 5:00 PM;59,885.50;60,079.75;194.25;30,977.50
Jan 2, 2023 5:00 PM;Jan 2, 2023 6:00 PM;61,094.00;61,327.50;233.50;32,017.75
Jan 2, 2023 6:00 PM;Jan 2, 2023 7:00 PM;60,650.25;60,897.25;247.00;31,182.25
Jan 2, 2023 7:00 PM;Jan 2, 2023 8:00 PM;59,584.00;59,740.75;156.75;30,564.25
Jan 2, 2023 8:00 PM;Jan 2, 2023 9:00 PM;56,001.00;56,678.75;677.75;27,888.50
Jan 2, 2023 9:00 PM;Jan 2, 2023 10:00 PM;53,154.25;53,660.50;506.25;26,242.25
Jan 2, 2023 10:00 PM;Jan 2, 2023 11:00 PM;50,189.50;50,427.00;237.50;24,647.00
Jan 2, 2023 11:00 PM;Jan 3, 2023 12:00 AM;47,103.50;48,416.00;1,312.50;22,473.75
Jan 3, 2023 12:00 AM;Jan 3, 2023 1:00 AM;44,238.25;47,576.00;3,337.75;20,814.25
Jan 3, 2023 1:00 AM;Jan 3, 2023 2:00 AM;42,383.50;45,572.75;3,189.25;20,131.50
Jan 3, 2023 2:00 AM;Jan 3, 2023 3:00 AM;41,816.50;47,100.50;5,284.00;21,044.25
Jan 3, 2023 3:00 AM;Jan 3, 2023 4:00 AM;41,849.75;46,979.75;5,130.00;22,533.50
Jan 3, 2023 4:00 AM;Jan 3, 2023 5:00 AM;43,469.00;48,405.50;4,936.50;25,537.25
Jan 3, 2023 5:00 AM;Jan 3, 2023 6:00 AM;45,864.50;48,459.25;2,594.75;29,393.00
Jan 3, 2023 6:00 AM;Jan 3, 2023 7:00 AM;50,854.75;51,473.50;618.75;35,313.25
Jan 3, 2023 7:00 AM;Jan 3, 2023 8:00 AM;55,893.00;56,123.75;230.75;41,124.50
Jan 3, 2023 8:00 AM;Jan 3, 2023 9:00 AM;58,364.25;58,429.50;65.25;43,964.25
Jan 3, 2023 9:00 AM;Jan 3, 2023 10:00 AM;59,363.25;59,457.75;94.50;43,278.25
Jan 3, 2023 10:00 AM;Jan 3, 2023 11:00 AM;60,057.25;60,112.25;55.00;41,305.25
Jan 3, 2023 11:00 AM;Jan 3, 2023 12:00 PM;60,964.75;61,003.75;39.00;40,082.75
Jan 3, 2023 12:00 PM;Jan 3, 2023 1:00 PM;60,692.75;60,699.00;6.25;39,683.50
Jan 3, 2023 1:00 PM;Jan 3, 2023 2:00 PM;59,218.00;59,225.75;7.75;39,642.50
Jan 3, 2023 2:00 PM;Jan 3, 2023 3:00 PM;58,408.50;58,417.00;8.50;41,521.75
Jan 3, 2023 3:00 PM;Jan 3, 2023 4:00 PM;58,068.25;58,073.25;5.00;44,163.50
Jan 3, 2023 4:00 PM;Jan 3, 2023 5:00 PM;59,324.00;59,339.50;15.50;46,044.00
Jan 3, 2023 5:00 PM;Jan 3, 2023 6:00 PM;61,914.50;61,987.75;73.25;45,801.00
Jan 3, 2023 6:00 PM;Jan 3, 2023 7:00 PM;61,545.50;61,653.00;107.50;42,447.75
Jan 3, 2023 7:00 PM;Jan 3, 2023 8:00 PM;59,743.25;60,054.50;311.25;37,552.25
Jan 3, 2023 8:00 PM;Jan 3, 2023 9:00 PM;56,607.75;57,020.25;412.50;31,235.50
Jan 3, 2023 9:00 PM;Jan 3, 2023 10:00 PM;53,669.00;54,591.00;922.00;26,050.50
Jan 3, 2023 10:00 PM;Jan 3, 2023 11:00 PM;51,470.25;52,341.75;871.50;22,642.00
Jan 3, 2023 11:00 PM;Jan 4, 2023 12:00 AM;48,352.00;49,637.25;1,285.25;17,625.50
Jan 4, 2023 12:00 AM;Jan 4, 2023 1:00 AM;46,164.50;49,478.25;3,313.75;13,419.00
Jan 4, 2023 1:00 AM;Jan 4, 2023 2:00 AM;44,741.75;48,913.25;4,171.50;9,915.75
Jan 4, 2023 2:00 AM;Jan 4, 2023 3:00 AM;44,259.75;49,895.50;5,635.75;8,838.75
Jan 4, 2023 3:00 AM;Jan 4, 2023 4:00 AM;45,149.75;51,348.50;6,198.75;10,513.00
Jan 4, 2023 4:00 AM;Jan 4, 2023 5:00 AM;46,925.00;53,790.50;6,865.50;11,407.75
Jan 4, 2023 5:00 AM;Jan 4, 2023 6:00 AM;49,768.50;56,313.50;6,545.00;10,073.25
Jan 4, 2023 6:00 AM;Jan 4, 2023 7:00 AM;55,701.75;59,764.25;4,062.50;10,074.50
Jan 4, 2023 7:00 AM;Jan 4, 2023 8:00 AM;60,084.50;61,640.50;1,556.00;12,542.50
Jan 4, 2023 8:00 AM;Jan 4, 2023 9:00 AM;63,147.00;63,781.75;634.75;14,987.75
Jan 4, 2023 9:00 AM;Jan 4, 2023 10:00 AM;64,182.00;64,784.75;602.75;14,663.50
Jan 4, 2023 10:00 AM;Jan 4, 2023 11:00 AM;65,557.75;66,372.25;814.50;14,848.75
Jan 4, 2023 11:00 AM;Jan 4, 2023 12:00 PM;66,892.00;67,326.25;434.25;15,963.75
Jan 4, 2023 12:00 PM;Jan 4, 2023 1:00 PM;67,097.75;67,466.50;368.75;15,639.25
Jan 4, 2023 1:00 PM;Jan 4, 2023 2:00 PM;65,934.50;66,322.00;387.50;14,414.50
Jan 4, 2023 2:00 PM;Jan 4, 2023 3:00 PM;65,008.25;65,695.00;686.75;14,224.00
Jan 4, 2023 3:00 PM;Jan 4, 2023 4:00 PM;64,415.25;64,930.25;515.00;14,356.75
Jan 4, 2023 4:00 PM;Jan 4, 2023 5:00 PM;64,619.50;64,793.50;174.00;15,469.00
Jan 4, 2023 5:00 PM;Jan 4, 2023 6:00 PM;66,606.50;66,737.75;131.25;16,998.75
Jan 4, 2023 6:00 PM;Jan 4, 2023 7:00 PM;66,148.00;66,502.75;354.75;16,643.75
Jan 4, 2023 7:00 PM;Jan 4, 2023 8:00 PM;64,006.50;64,939.50;933.00;14,610.50
Jan 4, 2023 8:00 PM;Jan 4, 2023 9:00 PM;60,363.00;62,348.25;1,985.25;11,219.00
Jan 4, 2023 9:00 PM;Jan 4, 2023 10:00 PM;57,242.25;61,358.25;4,116.00;8,147.75
Jan 4, 2023 10:00 PM;Jan 4, 2023 11:00 PM;54,584.25;59,509.50;4,925.25;6,767.25
Jan 4, 2023 11:00 PM;Jan 5, 2023 12:00 AM;51,435.50;57,179.00;5,743.50;4,756.25
Jan 5, 2023 12:00 AM;Jan 5, 2023 1:00 AM;46,678.50;52,830.75;6,152.25;4,752.25
Jan 5, 2023 1:00 AM;Jan 5, 2023 2:00 AM;44,609.00;50,802.25;6,193.25;4,017.25
Jan 5, 2023 2:00 AM;Jan 5, 2023 3:00 AM;44,660.00;51,479.75;6,819.75;4,642.25
Jan 5, 2023 3:00 AM;Jan 5, 2023 4:00 AM;45,043.75;52,028.50;6,984.75;5,193.75
Jan 5, 2023 4:00 AM;Jan 5, 2023 5:00 AM;46,173.00;52,815.50;6,642.50;5,250.25
Jan 5, 2023 5:00 AM;Jan 5, 2023 6:00 AM;48,272.75;52,917.25;4,644.50;5,382.00
Jan 5, 2023 6:00 AM;Jan 5, 2023 7:00 AM;53,112.00;54,551.75;1,439.75;10,070.75
Jan 5, 2023 7:00 AM;Jan 5, 2023 8:00 AM;59,100.00;60,088.50;988.50;16,309.50
Jan 5, 2023 8:00 AM;Jan 5, 2023 9:00 AM;61,424.75;61,646.50;221.75;20,168.50
Jan 5, 2023 9:00 AM;Jan 5, 2023 10:00 AM;62,114.50;62,140.00;25.50;22,663.75
Jan 5, 2023 10:00 AM;Jan 5, 2023 11:00 AM;62,525.25;62,537.25;12.00;24,179.75
Jan 5, 2023 11:00 AM;Jan 5, 2023 12:00 PM;63,951.50;64,030.00;78.50;25,742.00
Jan 5, 2023 12:00 PM;Jan 5, 2023 1:00 PM;64,238.00;64,282.50;44.50;27,614.25
Jan 5, 2023 1:00 PM;Jan 5, 2023 2:00 PM;62,460.50;62,502.50;42.00;30,016.00
Jan 5, 2023 2:00 PM;Jan 5, 2023 3:00 PM;60,916.00;61,076.00;160.00;34,024.75
Jan 5, 2023 3:00 PM;Jan 5, 2023 4:00 PM;59,913.00;60,100.50;187.50;38,631.75
Jan 5, 2023 4:00 PM;Jan 5, 2023 5:00 PM;60,113.75;60,300.25;186.50;43,080.50
Jan 5, 2023 5:00 PM;Jan 5, 2023 6:00 PM;62,282.25;62,349.00;66.75;47,057.00
Jan 5, 2023 6:00 PM;Jan 5, 2023 7:00 PM;61,968.00;61,993.50;25.50;48,214.00
Jan 5, 2023 7:00 PM;Jan 5, 2023 8:00 PM;59,748.75;59,808.00;59.25;46,476.75
Jan 5, 2023 8:00 PM;Jan 5, 2023 9:00 PM;56,451.25;56,501.00;49.75;43,520.25
Jan 5, 2023 9:00 PM;Jan 5, 2023 10:00 PM;52,788.75;52,891.75;103.00;39,551.00
Jan 5, 2023 10:00 PM;Jan 5, 2023 11:00 PM;49,974.25;50,311.75;337.50;35,653.00
Jan 5, 2023 11:00 PM;Jan 6, 2023 12:00 AM;46,587.25;47,984.50;1,397.25;31,426.75
Jan 6, 2023 12:00 AM;Jan 6, 2023 1:00 AM;43,962.00;45,050.50;1,088.50;27,182.00
Jan 6, 2023 1:00 AM;Jan 6, 2023 2:00 AM;42,095.50;44,467.25;2,371.75;23,636.25
Jan 6, 2023 2:00 AM;Jan 6, 2023 3:00 AM;41,584.75;45,510.50;3,925.75;20,858.00
Jan 6, 2023 3:00 AM;Jan 6, 2023 4:00 AM;42,296.75;48,344.00;6,047.25;19,451.75
Jan 6, 2023 4:00 AM;Jan 6, 2023 5:00 AM;43,703.00;50,353.00;6,650.00;18,691.75
Jan 6, 2023 5:00 AM;Jan 6, 2023 6:00 AM;45,916.50;52,627.25;6,710.75;18,704.50
Jan 6, 2023 6:00 AM;Jan 6, 2023 7:00 AM;49,969.75;53,418.75;3,449.00;20,839.25
Jan 6, 2023 7:00 AM;Jan 6, 2023 8:00 AM;53,778.25;54,780.00;1,001.75;23,311.25
Jan 6, 2023 8:00 AM;Jan 6, 2023 9:00 AM;56,497.50;56,828.25;330.75;24,076.00
Jan 6, 2023 9:00 AM;Jan 6, 2023 10:00 AM;58,189.00;58,768.75;579.75;22,947.75
Jan 6, 2023 10:00 AM;Jan 6, 2023 11:00 AM;59,970.00;60,995.00;1,025.00;21,746.75
Jan 6, 2023 11:00 AM;Jan 6, 2023 12:00 PM;61,298.00;62,337.25;1,039.25;20,973.00
Jan 6, 2023 12:00 PM;Jan 6, 2023 1:00 PM;61,185.25;62,381.75;1,196.50;20,258.75
Jan 6, 2023 1:00 PM;Jan 6, 2023 2:00 PM;59,553.75;61,383.00;1,829.25;19,390.50
Jan 6, 2023 2:00 PM;Jan 6, 2023 3:00 PM;58,428.25;59,596.00;1,167.75;22,947.00
Jan 6, 2023 3:00 PM;Jan 6, 2023 4:00 PM;57,361.50;57,888.25;526.75;26,860.25
Jan 6, 2023 4:00 PM;Jan 6, 2023 5:00 PM;57,969.50;58,068.50;99.00;30,969.25
Jan 6, 2023 5:00 PM;Jan 6, 2023 6:00 PM;59,909.50;59,945.25;35.75;34,067.75
Jan 6, 2023 6:00 PM;Jan 6, 2023 7:00 PM;60,527.00;60,563.00;36.00;34,631.75
Jan 6, 2023 7:00 PM;Jan 6, 2023 8:00 PM;58,109.00;58,179.00;70.00;33,166.00
Jan 6, 2023 8:00 PM;Jan 6, 2023 9:00 PM;54,721.00;55,297.75;576.75;30,166.00
Jan 6, 2023 9:00 PM;Jan 6, 2023 10:00 PM;52,406.50;52,824.00;417.50;28,408.50
Jan 6, 2023 10:00 PM;Jan 6, 2023 11:00 PM;50,126.75;50,438.00;311.25;27,688.50
Jan 6, 2023 11:00 PM;Jan 7, 2023 12:00 AM;46,624.25;47,817.00;1,192.75;25,579.00
Jan 7, 2023 12:00 AM;Jan 7, 2023 1:00 AM;43,201.00;44,127.50;926.50;23,859.25
Jan 7, 2023 1:00 AM;Jan 7, 2023 2:00 AM;41,185.25;42,852.75;1,667.50;22,307.00
Jan 7, 2023 2:00 AM;Jan 7, 2023 3:00 AM;40,162.25;42,933.25;2,771.00;20,608.50
Jan 7, 2023 3:00 AM;Jan 7, 2023 4:00 AM;39,778.25;43,782.75;4,004.50;19,291.25
Jan 7, 2023 4:00 AM;Jan 7, 2023 5:00 AM;40,120.75;44,572.00;4,451.25;19,183.50
Jan 7, 2023 5:00 AM;Jan 7, 2023 6:00 AM;40,901.75;45,161.50;4,259.75;19,677.50
Jan 7, 2023 6:00 AM;Jan 7, 2023 7:00 AM;41,720.50;44,631.75;2,911.25;20,214.75
Jan 7, 2023 7:00 AM;Jan 7, 2023 8:00 AM;44,499.25;45,270.75;771.50;22,444.50
Jan 7, 2023 8:00 AM;Jan 7, 2023 9:00 AM;47,370.00;47,756.50;386.50;24,810.50
Jan 7, 2023 9:00 AM;Jan 7, 2023 10:00 AM;50,230.75;50,705.50;474.75;26,291.00
Jan 7, 2023 10:00 AM;Jan 7, 2023 11:00 AM;51,914.00;52,260.75;346.75;25,525.00
Jan 7, 2023 11:00 AM;Jan 7, 2023 12:00 PM;53,639.25;54,481.00;841.75;24,454.75
Jan 7, 2023 12:00 PM;Jan 7, 2023 1:00 PM;53,693.75;54,775.50;1,081.75;22,970.50
Jan 7, 2023 1:00 PM;Jan 7, 2023 2:00 PM;52,312.00;53,074.75;762.75;22,236.50
Jan 7, 2023 2:00 PM;Jan 7, 2023 3:00 PM;50,279.75;50,659.25;379.50;22,474.00
Jan 7, 2023 3:00 PM;Jan 7, 2023 4:00 PM;50,658.50;50,782.25;123.75;25,762.00
Jan 7, 2023 4:00 PM;Jan 7, 2023 5:00 PM;52,149.25;52,185.25;36.00;27,018.75
Jan 7, 2023 5:00 PM;Jan 7, 2023 6:00 PM;55,371.00;55,458.00;87.00;26,947.00
Jan 7, 2023 6:00 PM;Jan 7, 2023 7:00 PM;56,110.25;56,275.25;165.00;24,714.75
Jan 7, 2023 7:00 PM;Jan 7, 2023 8:00 PM;54,536.00;54,670.00;134.00;21,662.50
Jan 7, 2023 8:00 PM;Jan 7, 2023 9:00 PM;51,743.50;52,372.50;629.00;18,018.00
Jan 7, 2023 9:00 PM;Jan 7, 2023 10:00 PM;49,493.75;51,000.50;1,506.75;15,738.50
Jan 7, 2023 10:00 PM;Jan 7, 2023 11:00 PM;47,884.50;49,729.50;1,845.00;14,909.25
Jan 7, 2023 11:00 PM;Jan 8, 2023 12:00 AM;44,757.25;48,375.25;3,618.00;11,738.50
Jan 8, 2023 12:00 AM;Jan 8, 2023 1:00 AM;42,509.00;48,334.25;5,825.25;9,800.50
Jan 8, 2023 1:00 AM;Jan 8, 2023 2:00 AM;40,708.50;47,033.75;6,325.25;8,869.25
Jan 8, 2023 2:00 AM;Jan 8, 2023 3:00 AM;39,829.75;45,881.75;6,052.00;9,224.25
Jan 8, 2023 3:00 AM;Jan 8, 2023 4:00 AM;40,059.50;46,379.00;6,319.50;11,072.00
Jan 8, 2023 4:00 AM;Jan 8, 2023 5:00 AM;40,147.00;46,656.50;6,509.50;11,819.50
Jan 8, 2023 5:00 AM;Jan 8, 2023 6:00 AM;40,020.00;46,325.25;6,305.25;12,521.00
Jan 8, 2023 6:00 AM;Jan 8, 2023 7:00 AM;39,918.75;44,927.75;5,009.00;13,513.25
Jan 8, 2023 7:00 AM;Jan 8, 2023 8:00 AM;41,043.00;44,032.50;2,989.50;14,788.25
Jan 8, 2023 8:00 AM;Jan 8, 2023 9:00 AM;43,704.75;45,878.50;2,173.75;17,140.00
Jan 8, 2023 9:00 AM;Jan 8, 2023 10:00 AM;47,136.50;47,817.50;681.00;19,389.00
Jan 8, 2023 10:00 AM;Jan 8, 2023 11:00 AM;49,466.50;49,972.50;506.00;20,993.75
Jan 8, 2023 11:00 AM;Jan 8, 2023 12:00 PM;52,035.75;52,354.00;318.25;22,825.50
Jan 8, 2023 12:00 PM;Jan 8, 2023 1:00 PM;51,772.00;52,335.50;563.50;22,687.25
Jan 8, 2023 1:00 PM;Jan 8, 2023 2:00 PM;50,231.25;51,037.50;806.25;22,765.00
Jan 8, 2023 2:00 PM;Jan 8, 2023 3:00 PM;48,623.25;49,157.75;534.50;23,649.00
Jan 8, 2023 3:00 PM;Jan 8, 2023 4:00 PM;48,433.75;48,595.00;161.25;25,853.75
Jan 8, 2023 4:00 PM;Jan 8, 2023 5:00 PM;50,304.75;50,680.50;375.75;27,107.50
Jan 8, 2023 5:00 PM;Jan 8, 2023 6:00 PM;54,134.00;54,214.25;80.25;29,823.50
Jan 8, 2023 6:00 PM;Jan 8, 2023 7:00 PM;55,436.75;55,499.50;62.75;30,703.75
Jan 8, 2023 7:00 PM;Jan 8, 2023 8:00 PM;53,863.75;53,923.75;60.00;29,453.00
Jan 8, 2023 8:00 PM;Jan 8, 2023 9:00 PM;51,462.75;51,634.25;171.50;26,684.50
Jan 8, 2023 9:00 PM;Jan 8, 2023 10:00 PM;49,194.50;49,267.00;72.50;24,430.00
Jan 8, 2023 10:00 PM;Jan 8, 2023 11:00 PM;47,953.25;48,283.50;330.25;22,756.00
Jan 8, 2023 11:00 PM;Jan 9, 2023 12:00 AM;45,160.00;48,902.00;3,742.00;18,986.75
Jan 9, 2023 12:00 AM;Jan 9, 2023 1:00 AM;43,481.75;49,583.00;6,101.25;16,637.75
Jan 9, 2023 1:00 AM;Jan 9, 2023 2:00 AM;42,441.00;48,972.75;6,531.75;15,544.75
Jan 9, 2023 2:00 AM;Jan 9, 2023 3:00 AM;42,161.25;48,721.00;6,559.75;15,203.50
Jan 9, 2023 3:00 AM;Jan 9, 2023 4:00 AM;42,423.00;48,982.75;6,559.75;15,994.50
Jan 9, 2023 4:00 AM;Jan 9, 2023 5:00 AM;43,800.50;50,219.25;6,418.75;18,253.50
Jan 9, 2023 5:00 AM;Jan 9, 2023 6:00 AM;47,183.25;52,724.50;5,541.25;22,354.00
Jan 9, 2023 6:00 AM;Jan 9, 2023 7:00 AM;55,976.00;57,911.50;1,935.50;31,112.00
Jan 9, 2023 7:00 AM;Jan 9, 2023 8:00 AM;61,933.50;62,325.75;392.25;35,809.00
Jan 9, 2023 8:00 AM;Jan 9, 2023 9:00 AM;65,523.25;65,781.00;257.75;38,554.75
Jan 9, 2023 9:00 AM;Jan 9, 2023 10:00 AM;66,089.50;66,249.50;160.00;38,370.75
Jan 9, 2023 10:00 AM;Jan 9, 2023 11:00 AM;66,228.75;66,474.75;246.00;37,317.75
Jan 9, 2023 11:00 AM;Jan 9, 2023 12:00 PM;66,810.75;67,073.00;262.25;37,079.75
Jan 9, 2023 12:00 PM;Jan 9, 2023 1:00 PM;66,458.25;66,494.00;35.75;38,585.75
Jan 9, 2023 1:00 PM;Jan 9, 2023 2:00 PM;66,064.50;66,130.00;65.50;41,211.00
Jan 9, 2023 2:00 PM;Jan 9, 2023 3:00 PM;64,395.75;64,416.75;21.00;43,120.75
Jan 9, 2023 3:00 PM;Jan 9, 2023 4:00 PM;63,095.00;63,101.00;6.00;45,308.00
Jan 9, 2023 4:00 PM;Jan 9, 2023 5:00 PM;63,334.25;63,342.50;8.25;46,934.75
Jan 9, 2023 5:00 PM;Jan 9, 2023 6:00 PM;66,029.25;66,075.00;45.75;49,166.50
Jan 9, 2023 6:00 PM;Jan 9, 2023 7:00 PM;65,922.50;65,953.25;30.75;47,821.75
Jan 9, 2023 7:00 PM;Jan 9, 2023 8:00 PM;64,274.75;64,312.75;38.00;45,220.50
Jan 9, 2023 8:00 PM;Jan 9, 2023 9:00 PM;60,572.25;60,690.00;117.75;40,561.75
Jan 9, 2023 9:00 PM;Jan 9, 2023 10:00 PM;57,381.25;57,475.25;94.00;36,641.00
Jan 9, 2023 10:00 PM;Jan 9, 2023 11:00 PM;54,345.00;55,204.00;859.00;33,204.50
Jan 9, 2023 11:00 PM;Jan 10, 2023 12:00 AM;50,887.50;53,475.50;2,588.00;29,647.75
Jan 10, 2023 12:00 AM;Jan 10, 2023 1:00 AM;47,992.75;50,894.00;2,901.25;26,910.00
Jan 10, 2023 1:00 AM;Jan 10, 2023 2:00 AM;45,917.00;51,013.50;5,096.50;24,706.25
Jan 10, 2023 2:00 AM;Jan 10, 2023 3:00 AM;45,441.00;51,265.75;5,824.75;24,125.25
Jan 10, 2023 3:00 AM;Jan 10, 2023 4:00 AM;46,005.00;51,939.75;5,934.75;24,967.50
Jan 10, 2023 4:00 AM;Jan 10, 2023 5:00 AM;47,452.50;53,184.75;5,732.25;25,815.00
Jan 10, 2023 5:00 AM;Jan 10, 2023 6:00 AM;50,984.50;54,734.50;3,750.00;29,643.25
Jan 10, 2023 6:00 AM;Jan 10, 2023 7:00 AM;57,658.25;58,299.50;641.25;36,691.75
Jan 10, 2023 7:00 AM;Jan 10, 2023 8:00 AM;63,619.00;63,666.25;47.25;43,447.75
Jan 10, 2023 8:00 AM;Jan 10, 2023 9:00 AM;66,287.75;66,294.25;6.50;46,733.75
Jan 10, 2023 9:00 AM;Jan 10, 2023 10:00 AM;66,847.00;66,915.50;68.50;45,027.25
Jan 10, 2023 10:00 AM;Jan 10, 2023 11:00 AM;67,391.75;67,561.50;169.75;42,802.00
Jan 10, 2023 11:00 AM;Jan 10, 2023 12:00 PM;67,594.75;67,680.00;85.25;40,979.75
Jan 10, 2023 12:00 PM;Jan 10, 2023 1:00 PM;67,012.75;67,156.50;143.75;39,465.25
Jan 10, 2023 1:00 PM;Jan 10, 2023 2:00 PM;66,256.75;66,385.25;128.50;38,808.75
Jan 10, 2023 2:00 PM;Jan 10, 2023 3:00 PM;64,830.00;64,896.25;66.25;39,383.00
Jan 10, 2023 3:00 PM;Jan 10, 2023 4:00 PM;64,041.50;64,242.75;201.25;39,985.25
Jan 10, 2023 4:00 PM;Jan 10, 2023 5:00 PM;65,015.25;65,476.00;460.75;39,799.75
Jan 10, 2023 5:00 PM;Jan 10, 2023 6:00 PM;67,937.25;68,066.50;129.25;39,634.50
Jan 10, 2023 6:00 PM;Jan 10, 2023 7:00 PM;67,977.75;68,238.25;260.50;36,160.50
Jan 10, 2023 7:00 PM;Jan 10, 2023 8:00 PM;66,773.75;67,199.50;425.75;33,505.25
Jan 10, 2023 8:00 PM;Jan 10, 2023 9:00 PM;63,558.50;64,573.00;1,014.50;27,520.00
Jan 10, 2023 9:00 PM;Jan 10, 2023 10:00 PM;60,247.25;62,148.75;1,901.50;22,777.75
Jan 10, 2023 10:00 PM;Jan 10, 2023 11:00 PM;57,062.50;60,640.00;3,577.50;19,520.50
Jan 10, 2023 11:00 PM;Jan 11, 2023 12:00 AM;54,022.25;59,073.00;5,050.75;16,085.25
Jan 11, 2023 12:00 AM;Jan 11, 2023 1:00 AM;50,647.50;57,296.00;6,648.50;14,496.50
Jan 11, 2023 1:00 AM;Jan 11, 2023 2:00 AM;48,647.50;54,888.50;6,241.00;12,960.00
Jan 11, 2023 2:00 AM;Jan 11, 2023 3:00 AM;47,805.50;53,742.25;5,936.75;11,513.00
Jan 11, 2023 3:00 AM;Jan 11, 2023 4:00 AM;48,027.50;54,133.00;6,105.50;12,828.25
Jan 11, 2023 4:00 AM;Jan 11, 2023 5:00 AM;49,076.75;54,891.25;5,814.50;13,080.00
Jan 11, 2023 5:00 AM;Jan 11, 2023 6:00 AM;52,448.50;57,141.75;4,693.25;13,688.50
Jan 11, 2023 6:00 AM;Jan 11, 2023 7:00 AM;59,760.50;61,843.25;2,082.75;19,860.75
Jan 11, 2023 7:00 AM;Jan 11, 2023 8:00 AM;65,888.50;66,051.75;163.25;28,956.25
Jan 11, 2023 8:00 AM;Jan 11, 2023 9:00 AM;68,420.25;68,471.50;51.25;35,235.00
Jan 11, 2023 9:00 AM;Jan 11, 2023 10:00 AM;68,045.25;68,080.00;34.75;36,202.75
Jan 11, 2023 10:00 AM;Jan 11, 2023 11:00 AM;68,150.50;68,163.25;12.75;36,791.75
Jan 11, 2023 11:00 AM;Jan 11, 2023 12:00 PM;68,848.50;68,875.50;27.00;38,179.50
Jan 11, 2023 12:00 PM;Jan 11, 2023 1:00 PM;67,895.00;68,002.50;107.50;37,237.00
Jan 11, 2023 1:00 PM;Jan 11, 2023 2:00 PM;66,679.25;67,403.00;723.75;35,270.00
Jan 11, 2023 2:00 PM;Jan 11, 2023 3:00 PM;65,970.50;66,524.25;553.75;35,128.25
Jan 11, 2023 3:00 PM;Jan 11, 2023 4:00 PM;65,235.25;65,706.00;470.75;35,527.25
Jan 11, 2023 4:00 PM;Jan 11, 2023 5:00 PM;65,690.25;66,184.75;494.50;36,301.75
Jan 11, 2023 5:00 PM;Jan 11, 2023 6:00 PM;68,357.00;68,590.00;233.00;37,234.25
Jan 11, 2023 6:00 PM;Jan 11, 2023 7:00 PM;68,192.25;68,413.00;220.75;34,579.25
Jan 11, 2023 7:00 PM;Jan 11, 2023 8:00 PM;66,528.75;66,856.25;327.50;30,624.75
Jan 11, 2023 8:00 PM;Jan 11, 2023 9:00 PM;63,008.00;63,448.75;440.75;26,098.25
Jan 11, 2023 9:00 PM;Jan 11, 2023 10:00 PM;59,739.75;60,736.00;996.25;21,628.75
Jan 11, 2023 10:00 PM;Jan 11, 2023 11:00 PM;56,695.75;57,983.00;1,287.25;17,423.00
Jan 11, 2023 11:00 PM;Jan 12, 2023 12:00 AM;54,000.50;57,355.00;3,354.50;12,977.25
Jan 12, 2023 12:00 AM;Jan 12, 2023 1:00 AM;51,222.50;56,513.00;5,290.50;8,150.75
Jan 12, 2023 1:00 AM;Jan 12, 2023 2:00 AM;49,455.00;55,754.25;6,299.25;7,201.00
Jan 12, 2023 2:00 AM;Jan 12, 2023 3:00 AM;48,666.00;55,090.50;6,424.50;7,905.00
Jan 12, 2023 3:00 AM;Jan 12, 2023 4:00 AM;48,683.00;54,916.75;6,233.75;8,019.25
Jan 12, 2023 4:00 AM;Jan 12, 2023 5:00 AM;49,665.50;55,607.75;5,942.25;9,260.00
Jan 12, 2023 5:00 AM;Jan 12, 2023 6:00 AM;53,023.00;58,110.50;5,087.50;10,193.25
Jan 12, 2023 6:00 AM;Jan 12, 2023 7:00 AM;61,110.25;63,251.75;2,141.50;16,197.50
Jan 12, 2023 7:00 AM;Jan 12, 2023 8:00 AM;66,639.50;67,078.75;439.25;20,526.00
Jan 12, 2023 8:00 AM;Jan 12, 2023 9:00 AM;69,503.00;69,613.25;110.25;22,330.00
Jan 12, 2023 9:00 AM;Jan 12, 2023 10:00 AM;70,207.50;70,366.00;158.50;21,243.75
Jan 12, 2023 10:00 AM;Jan 12, 2023 11:00 AM;70,784.50;71,075.75;291.25;20,032.75
Jan 12, 2023 11:00 AM;Jan 12, 2023 12:00 PM;71,710.25;72,432.25;722.00;19,980.50
Jan 12, 2023 12:00 PM;Jan 12, 2023 1:00 PM;70,803.75;71,047.25;243.50;19,548.75
Jan 12, 2023 1:00 PM;Jan 12, 2023 2:00 PM;69,838.75;70,231.25;392.50;19,244.00
Jan 12, 2023 2:00 PM;Jan 12, 2023 3:00 PM;68,419.75;68,600.50;180.75;19,722.25
Jan 12, 2023 3:00 PM;Jan 12, 2023 4:00 PM;67,606.75;67,619.50;12.75;22,650.50
Jan 12, 2023 4:00 PM;Jan 12, 2023 5:00 PM;67,327.50;67,363.00;35.50;25,671.50
Jan 12, 2023 5:00 PM;Jan 12, 2023 6:00 PM;69,233.50;69,299.00;65.50;28,031.00
Jan 12, 2023 6:00 PM;Jan 12, 2023 7:00 PM;69,065.00;69,155.00;90.00;26,399.50
Jan 12, 2023 7:00 PM;Jan 12, 2023 8:00 PM;67,539.50;67,643.75;104.25;23,264.75
Jan 12, 2023 8:00 PM;Jan 12, 2023 9:00 PM;63,744.50;63,995.50;251.00;18,336.50
Jan 12, 2023 9:00 PM;Jan 12, 2023 10:00 PM;60,089.75;60,799.50;709.75;13,737.25
Jan 12, 2023 10:00 PM;Jan 12, 2023 11:00 PM;57,127.00;58,851.75;1,724.75;11,590.00
Jan 12, 2023 11:00 PM;Jan 13, 2023 12:00 AM;53,730.75;56,572.25;2,841.50;8,195.00
Jan 13, 2023 12:00 AM;Jan 13, 2023 1:00 AM;50,318.50;55,220.00;4,901.50;5,553.75
Jan 13, 2023 1:00 AM;Jan 13, 2023 2:00 AM;48,803.50;53,700.75;4,897.25;4,482.50
Jan 13, 2023 2:00 AM;Jan 13, 2023 3:00 AM;48,175.50;54,166.50;5,991.00;4,910.25
Jan 13, 2023 3:00 AM;Jan 13, 2023 4:00 AM;48,215.50;55,172.25;6,956.75;5,252.25
Jan 13, 2023 4:00 AM;Jan 13, 2023 5:00 AM;49,394.75;56,198.75;6,804.00;8,177.00
Jan 13, 2023 5:00 AM;Jan 13, 2023 6:00 AM;52,549.50;57,462.50;4,913.00;10,920.00
Jan 13, 2023 6:00 AM;Jan 13, 2023 7:00 AM;59,112.00;60,393.25;1,281.25;17,307.00
Jan 13, 2023 7:00 AM;Jan 13, 2023 8:00 AM;65,091.00;65,266.00;175.00;23,801.75
Jan 13, 2023 8:00 AM;Jan 13, 2023 9:00 AM;67,817.25;68,077.50;260.25;26,593.00
Jan 13, 2023 9:00 AM;Jan 13, 2023 10:00 AM;68,323.75;68,584.00;260.25;26,047.75
Jan 13, 2023 10:00 AM;Jan 13, 2023 11:00 AM;68,680.50;68,946.50;266.00;23,171.75
Jan 13, 2023 11:00 AM;Jan 13, 2023 12:00 PM;68,927.00;69,226.00;299.00;19,683.75
Jan 13, 2023 12:00 PM;Jan 13, 2023 1:00 PM;68,837.75;69,861.00;1,023.25;16,891.00
Jan 13, 2023 1:00 PM;Jan 13, 2023 2:00 PM;67,816.00;69,480.25;1,664.25;15,644.75
Jan 13, 2023 2:00 PM;Jan 13, 2023 3:00 PM;65,914.50;66,883.50;969.00;15,613.50
Jan 13, 2023 3:00 PM;Jan 13, 2023 4:00 PM;65,402.25;66,104.00;701.75;17,774.75
Jan 13, 2023 4:00 PM;Jan 13, 2023 5:00 PM;66,213.00;66,744.25;531.25;20,492.75
Jan 13, 2023 5:00 PM;Jan 13, 2023 6:00 PM;68,577.50;68,661.50;84.00;23,334.75
Jan 13, 2023 6:00 PM;Jan 13, 2023 7:00 PM;67,923.75;68,102.75;179.00;21,838.25
Jan 13, 2023 7:00 PM;Jan 13, 2023 8:00 PM;64,353.50;64,611.00;257.50;19,394.00
Jan 13, 2023 8:00 PM;Jan 13, 2023 9:00 PM;60,832.00;61,307.00;475.00;16,806.50
Jan 13, 2023 9:00 PM;Jan 13, 2023 10:00 PM;57,323.00;57,997.75;674.75;14,086.75
Jan 13, 2023 10:00 PM;Jan 13, 2023 11:00 PM;54,256.00;55,044.50;788.50;12,546.75
Jan 13, 2023 11:00 PM;Jan 14, 2023 12:00 AM;51,075.00;51,727.75;652.75;10,523.25
Jan 14, 2023 12:00 AM;Jan 14, 2023 1:00 AM;49,449.25;51,625.00;2,175.75;8,715.25
Jan 14, 2023 1:00 AM;Jan 14, 2023 2:00 AM;47,012.25;48,602.50;1,590.25;7,616.75
Jan 14, 2023 2:00 AM;Jan 14, 2023 3:00 AM;45,773.00;48,557.50;2,784.50;6,973.25
Jan 14, 2023 3:00 AM;Jan 14, 2023 4:00 AM;45,592.25;48,498.00;2,905.75;7,903.25
Jan 14, 2023 4:00 AM;Jan 14, 2023 5:00 AM;45,989.50;48,470.00;2,480.50;10,153.75
Jan 14, 2023 5:00 AM;Jan 14, 2023 6:00 AM;45,874.25;48,019.75;2,145.50;12,208.50
Jan 14, 2023 6:00 AM;Jan 14, 2023 7:00 AM;46,337.75;47,106.25;768.50;14,401.00
Jan 14, 2023 7:00 AM;Jan 14, 2023 8:00 AM;48,776.25;49,282.75;506.50;16,785.25
Jan 14, 2023 8:00 AM;Jan 14, 2023 9:00 AM;52,122.25;52,595.25;473.00;17,953.00
Jan 14, 2023 9:00 AM;Jan 14, 2023 10:00 AM;54,930.75;55,304.25;373.50;17,155.25
Jan 14, 2023 10:00 AM;Jan 14, 2023 11:00 AM;56,981.50;57,407.25;425.75;15,375.25
Jan 14, 2023 11:00 AM;Jan 14, 2023 12:00 PM;58,556.00;58,986.75;430.75;14,377.75
Jan 14, 2023 12:00 PM;Jan 14, 2023 1:00 PM;58,735.00;59,176.00;441.00;12,961.50
Jan 14, 2023 1:00 PM;Jan 14, 2023 2:00 PM;57,860.25;58,844.75;984.50;11,185.00
Jan 14, 2023 2:00 PM;Jan 14, 2023 3:00 PM;56,625.75;57,443.50;817.75;9,355.25
Jan 14, 2023 3:00 PM;Jan 14, 2023 4:00 PM;56,687.00;57,777.75;1,090.75;8,676.50
Jan 14, 2023 4:00 PM;Jan 14, 2023 5:00 PM;58,146.00;59,287.00;1,141.00;9,404.00
Jan 14, 2023 5:00 PM;Jan 14, 2023 6:00 PM;60,648.25;61,208.75;560.50;11,699.50
Jan 14, 2023 6:00 PM;Jan 14, 2023 7:00 PM;60,943.75;61,591.25;647.50;10,891.50
Jan 14, 2023 7:00 PM;Jan 14, 2023 8:00 PM;58,601.75;60,397.75;1,796.00;8,604.25
Jan 14, 2023 8:00 PM;Jan 14, 2023 9:00 PM;55,121.00;57,369.50;2,248.50;6,579.75
Jan 14, 2023 9:00 PM;Jan 14, 2023 10:00 PM;52,482.25;54,473.00;1,990.75;5,133.75
Jan 14, 2023 10:00 PM;Jan 14, 2023 11:00 PM;50,955.25;53,373.25;2,418.00;5,719.25
Jan 14, 2023 11:00 PM;Jan 15, 2023 12:00 AM;48,311.00;52,116.75;3,805.75;4,855.75
Jan 15, 2023 12:00 AM;Jan 15, 2023 1:00 AM;45,464.00;48,430.50;2,966.50;3,361.25
Jan 15, 2023 1:00 AM;Jan 15, 2023 2:00 AM;43,754.00;47,623.50;3,869.50;2,610.00
Jan 15, 2023 2:00 AM;Jan 15, 2023 3:00 AM;42,834.25;46,743.50;3,909.25;3,242.00
Jan 15, 2023 3:00 AM;Jan 15, 2023 4:00 AM;42,724.75;47,383.00;4,658.25;4,501.75
Jan 15, 2023 4:00 AM;Jan 15, 2023 5:00 AM;42,812.00;47,652.75;4,840.75;5,402.75
Jan 15, 2023 5:00 AM;Jan 15, 2023 6:00 AM;42,774.50;47,710.50;4,936.00;5,924.00
Jan 15, 2023 6:00 AM;Jan 15, 2023 7:00 AM;42,550.00;46,483.25;3,933.25;5,777.50
Jan 15, 2023 7:00 AM;Jan 15, 2023 8:00 AM;43,953.00;46,472.25;2,519.25;7,415.00
Jan 15, 2023 8:00 AM;Jan 15, 2023 9:00 AM;47,380.75;48,216.50;835.75;9,628.75
Jan 15, 2023 9:00 AM;Jan 15, 2023 10:00 AM;51,295.25;52,216.75;921.50;12,145.50
Jan 15, 2023 10:00 AM;Jan 15, 2023 11:00 AM;54,201.50;55,294.25;1,092.75;11,375.00
Jan 15, 2023 11:00 AM;Jan 15, 2023 12:00 PM;56,895.50;58,003.00;1,107.50;10,007.00
Jan 15, 2023 12:00 PM;Jan 15, 2023 1:00 PM;57,352.75;59,725.50;2,372.75;7,968.00
Jan 15, 2023 1:00 PM;Jan 15, 2023 2:00 PM;56,274.00;60,987.25;4,713.25;6,825.75
Jan 15, 2023 2:00 PM;Jan 15, 2023 3:00 PM;54,905.00;60,049.25;5,144.25;6,459.75
Jan 15, 2023 3:00 PM;Jan 15, 2023 4:00 PM;54,315.50;58,558.00;4,242.50;7,051.75
Jan 15, 2023 4:00 PM;Jan 15, 2023 5:00 PM;55,411.75;57,876.25;2,464.50;8,024.25
Jan 15, 2023 5:00 PM;Jan 15, 2023 6:00 PM;58,481.75;59,252.75;771.00;10,430.25
Jan 15, 2023 6:00 PM;Jan 15, 2023 7:00 PM;59,280.00;59,691.50;411.50;10,833.00
Jan 15, 2023 7:00 PM;Jan 15, 2023 8:00 PM;57,939.50;58,253.50;314.00;11,505.50
Jan 15, 2023 8:00 PM;Jan 15, 2023 9:00 PM;55,320.75;55,768.25;447.50;10,258.50
Jan 15, 2023 9:00 PM;Jan 15, 2023 10:00 PM;53,599.75;54,222.00;622.25;10,868.25
Jan 15, 2023 10:00 PM;Jan 15, 2023 11:00 PM;52,711.50;53,284.00;572.50;12,769.50
Jan 15, 2023 11:00 PM;Jan 16, 2023 12:00 AM;49,818.00;50,535.50;717.50;12,849.25
Jan 16, 2023 12:00 AM;Jan 16, 2023 1:00 AM;47,319.75;49,511.25;2,191.50;13,057.75
Jan 16, 2023 1:00 AM;Jan 16, 2023 2:00 AM;45,568.50;46,578.50;1,010.00;14,405.75
Jan 16, 2023 2:00 AM;Jan 16, 2023 3:00 AM;44,332.75;45,129.00;796.25;16,273.00
Jan 16, 2023 3:00 AM;Jan 16, 2023 4:00 AM;44,191.00;45,677.50;1,486.50;18,326.25
Jan 16, 2023 4:00 AM;Jan 16, 2023 5:00 AM;45,678.75;46,653.50;974.75;22,203.00
Jan 16, 2023 5:00 AM;Jan 16, 2023 6:00 AM;49,775.75;50,080.50;304.75;26,927.00
Jan 16, 2023 6:00 AM;Jan 16, 2023 7:00 AM;58,127.25;58,225.50;98.25;35,178.75
Jan 16, 2023 7:00 AM;Jan 16, 2023 8:00 AM;64,309.25;64,420.50;111.25;41,102.25
Jan 16, 2023 8:00 AM;Jan 16, 2023 9:00 AM;67,016.75;67,120.00;103.25;41,614.25
Jan 16, 2023 9:00 AM;Jan 16, 2023 10:00 AM;67,415.00;67,451.25;36.25;37,971.75
Jan 16, 2023 10:00 AM;Jan 16, 2023 11:00 AM;67,963.00;68,113.25;150.25;34,718.75
Jan 16, 2023 11:00 AM;Jan 16, 2023 12:00 PM;68,696.25;68,894.50;198.25;32,191.25
Jan 16, 2023 12:00 PM;Jan 16, 2023 1:00 PM;68,090.50;68,469.25;378.75;31,039.00
Jan 16, 2023 1:00 PM;Jan 16, 2023 2:00 PM;67,147.75;67,624.50;476.75;30,543.25
Jan 16, 2023 2:00 PM;Jan 16, 2023 3:00 PM;66,478.25;66,650.50;172.25;31,738.75
Jan 16, 2023 3:00 PM;Jan 16, 2023 4:00 PM;66,600.50;66,715.75;115.25;33,592.00
Jan 16, 2023 4:00 PM;Jan 16, 2023 5:00 PM;67,266.00;67,387.25;121.25;34,450.25
Jan 16, 2023 5:00 PM;Jan 16, 2023 6:00 PM;69,608.75;69,681.00;72.25;36,416.00
Jan 16, 2023 6:00 PM;Jan 16, 2023 7:00 PM;69,634.50;69,717.50;83.00;36,495.75
Jan 16, 2023 7:00 PM;Jan 16, 2023 8:00 PM;68,007.00;68,082.75;75.75;34,601.75
Jan 16, 2023 8:00 PM;Jan 16, 2023 9:00 PM;63,738.25;63,923.50;185.25;31,171.25
Jan 16, 2023 9:00 PM;Jan 16, 2023 10:00 PM;60,909.00;61,255.00;346.00;28,586.75
Jan 16, 2023 10:00 PM;Jan 16, 2023 11:00 PM;57,897.00;58,611.25;714.25;26,658.75
Jan 16, 2023 11:00 PM;Jan 17, 2023 12:00 AM;54,697.00;56,732.50;2,035.50;24,051.25
Jan 17, 2023 12:00 AM;Jan 17, 2023 1:00 AM;51,588.00;57,051.00;5,463.00;21,173.25
Jan 17, 2023 1:00 AM;Jan 17, 2023 2:00 AM;49,594.75;55,278.75;5,684.00;18,751.25
Jan 17, 2023 2:00 AM;Jan 17, 2023 3:00 AM;49,684.50;56,804.75;7,120.25;17,782.50
Jan 17, 2023 3:00 AM;Jan 17, 2023 4:00 AM;49,743.75;56,849.00;7,105.25;17,018.50
Jan 17, 2023 4:00 AM;Jan 17, 2023 5:00 AM;51,070.25;57,050.50;5,980.25;18,081.00
Jan 17, 2023 5:00 AM;Jan 17, 2023 6:00 AM;54,377.50;58,926.75;4,549.25;22,325.00
Jan 17, 2023 6:00 AM;Jan 17, 2023 7:00 AM;61,751.25;63,912.75;2,161.50;30,005.75
Jan 17, 2023 7:00 AM;Jan 17, 2023 8:00 AM;67,314.50;67,405.00;90.50;36,168.00
Jan 17, 2023 8:00 AM;Jan 17, 2023 9:00 AM;69,505.25;69,528.25;23.00;40,246.25
Jan 17, 2023 9:00 AM;Jan 17, 2023 10:00 AM;69,456.25;69,463.00;6.75;40,229.75
Jan 17, 2023 10:00 AM;Jan 17, 2023 11:00 AM;69,358.50;69,742.00;383.50;37,903.50
Jan 17, 2023 11:00 AM;Jan 17, 2023 12:00 PM;69,665.00;70,776.75;1,111.75;35,667.75
Jan 17, 2023 12:00 PM;Jan 17, 2023 1:00 PM;68,980.25;70,351.00;1,370.75;36,041.75
Jan 17, 2023 1:00 PM;Jan 17, 2023 2:00 PM;67,535.00;67,962.25;427.25;38,720.75
Jan 17, 2023 2:00 PM;Jan 17, 2023 3:00 PM;66,630.25;66,926.75;296.50;42,176.25
Jan 17, 2023 3:00 PM;Jan 17, 2023 4:00 PM;65,080.50;65,142.25;61.75;46,462.25
Jan 17, 2023 4:00 PM;Jan 17, 2023 5:00 PM;64,966.50;65,083.75;117.25;49,946.50
Jan 17, 2023 5:00 PM;Jan 17, 2023 6:00 PM;68,152.50;68,224.25;71.75;51,602.00
Jan 17, 2023 6:00 PM;Jan 17, 2023 7:00 PM;68,156.00;68,236.00;80.00;51,489.50
Jan 17, 2023 7:00 PM;Jan 17, 2023 8:00 PM;66,618.00;66,706.00;88.00;49,891.75
Jan 17, 2023 8:00 PM;Jan 17, 2023 9:00 PM;63,339.75;63,626.25;286.50;45,689.25
Jan 17, 2023 9:00 PM;Jan 17, 2023 10:00 PM;59,540.75;59,724.00;183.25;43,202.50
Jan 17, 2023 10:00 PM;Jan 17, 2023 11:00 PM;56,330.50;56,711.50;381.00;40,345.25
Jan 17, 2023 11:00 PM;Jan 18, 2023 12:00 AM;52,948.25;53,960.50;1,012.25;37,387.25
Jan 18, 2023 12:00 AM;Jan 18, 2023 1:00 AM;50,608.00;51,942.75;1,334.75;35,775.00
Jan 18, 2023 1:00 AM;Jan 18, 2023 2:00 AM;48,990.00;50,183.00;1,193.00;35,199.00
Jan 18, 2023 2:00 AM;Jan 18, 2023 3:00 AM;48,606.25;50,234.50;1,628.25;36,231.25
Jan 18, 2023 3:00 AM;Jan 18, 2023 4:00 AM;48,099.50;51,042.75;2,943.25;37,237.50
Jan 18, 2023 4:00 AM;Jan 18, 2023 5:00 AM;49,099.00;52,332.75;3,233.75;38,230.25
Jan 18, 2023 5:00 AM;Jan 18, 2023 6:00 AM;52,567.00;54,273.75;1,706.75;41,572.75
Jan 18, 2023 6:00 AM;Jan 18, 2023 7:00 AM;58,817.50;59,661.25;843.75;47,963.75
Jan 18, 2023 7:00 AM;Jan 18, 2023 8:00 AM;64,622.50;64,730.25;107.75;53,846.25
Jan 18, 2023 8:00 AM;Jan 18, 2023 9:00 AM;67,289.25;67,317.25;28.00;55,870.75
Jan 18, 2023 9:00 AM;Jan 18, 2023 10:00 AM;68,164.25;68,257.25;93.00;55,269.25
Jan 18, 2023 10:00 AM;Jan 18, 2023 11:00 AM;68,296.25;68,309.25;13.00;53,081.75
Jan 18, 2023 11:00 AM;Jan 18, 2023 12:00 PM;68,226.25;68,322.00;95.75;51,172.25
Jan 18, 2023 12:00 PM;Jan 18, 2023 1:00 PM;67,809.75;68,397.50;587.75;49,416.50
Jan 18, 2023 1:00 PM;Jan 18, 2023 2:00 PM;66,863.25;67,389.75;526.50;48,709.50
Jan 18, 2023 2:00 PM;Jan 18, 2023 3:00 PM;66,001.75;66,195.75;194.00;48,519.00
Jan 18, 2023 3:00 PM;Jan 18, 2023 4:00 PM;65,215.50;65,312.00;96.50;49,601.50
Jan 18, 2023 4:00 PM;Jan 18, 2023 5:00 PM;65,486.25;65,560.50;74.25;49,788.00
Jan 18, 2023 5:00 PM;Jan 18, 2023 6:00 PM;67,950.25;68,003.25;53.00;49,735.50
Jan 18, 2023 6:00 PM;Jan 18, 2023 7:00 PM;68,071.50;68,180.50;109.00;47,308.00
Jan 18, 2023 7:00 PM;Jan 18, 2023 8:00 PM;66,733.50;67,137.75;404.25;44,484.00
Jan 18, 2023 8:00 PM;Jan 18, 2023 9:00 PM;63,792.75;64,528.50;735.75;39,608.50
Jan 18, 2023 9:00 PM;Jan 18, 2023 10:00 PM;61,330.25;62,643.50;1,313.25;35,086.00
Jan 18, 2023 10:00 PM;Jan 18, 2023 11:00 PM;58,728.50;60,922.25;2,193.75;32,776.25
Jan 18, 2023 11:00 PM;Jan 19, 2023 12:00 AM;55,376.00;59,686.00;4,310.00;28,108.25
Jan 19, 2023 12:00 AM;Jan 19, 2023 1:00 AM;52,761.00;58,730.25;5,969.25;25,103.75
Jan 19, 2023 1:00 AM;Jan 19, 2023 2:00 AM;51,262.75;57,787.00;6,524.25;23,417.75
Jan 19, 2023 2:00 AM;Jan 19, 2023 3:00 AM;50,980.75;57,303.50;6,322.75;23,393.50
Jan 19, 2023 3:00 AM;Jan 19, 2023 4:00 AM;51,064.25;56,936.50;5,872.25;24,025.75
Jan 19, 2023 4:00 AM;Jan 19, 2023 5:00 AM;51,988.25;58,653.50;6,665.25;24,861.00
Jan 19, 2023 5:00 AM;Jan 19, 2023 6:00 AM;54,878.25;60,240.00;5,361.75;27,506.50
Jan 19, 2023 6:00 AM;Jan 19, 2023 7:00 AM;61,876.75;63,368.00;1,491.25;34,332.75
Jan 19, 2023 7:00 AM;Jan 19, 2023 8:00 AM;66,798.00;67,148.00;350.00;39,537.25
Jan 19, 2023 8:00 AM;Jan 19, 2023 9:00 AM;69,101.25;69,160.25;59.00;42,589.75
Jan 19, 2023 9:00 AM;Jan 19, 2023 10:00 AM;69,383.00;69,426.00;43.00;42,349.75
Jan 19, 2023 10:00 AM;Jan 19, 2023 11:00 AM;70,019.00;70,265.75;246.75;41,653.00
Jan 19, 2023 11:00 AM;Jan 19, 2023 12:00 PM;70,587.00;71,179.75;592.75;41,822.75
Jan 19, 2023 12:00 PM;Jan 19, 2023 1:00 PM;69,940.75;70,506.00;565.25;41,172.75
Jan 19, 2023 1:00 PM;Jan 19, 2023 2:00 PM;69,729.25;70,504.50;775.25;42,048.75
Jan 19, 2023 2:00 PM;Jan 19, 2023 3:00 PM;67,672.00;67,967.50;295.50;45,016.25
Jan 19, 2023 3:00 PM;Jan 19, 2023 4:00 PM;66,984.25;67,125.25;141.00;47,486.75
Jan 19, 2023 4:00 PM;Jan 19, 2023 5:00 PM;67,186.50;67,263.50;77.00;49,515.00
Jan 19, 2023 5:00 PM;Jan 19, 2023 6:00 PM;69,622.75;69,733.50;110.75;51,996.00
Jan 19, 2023 6:00 PM;Jan 19, 2023 7:00 PM;69,451.00;69,479.00;28.00;52,039.50
Jan 19, 2023 7:00 PM;Jan 19, 2023 8:00 PM;67,915.25;68,065.50;150.25;51,178.00
Jan 19, 2023 8:00 PM;Jan 19, 2023 9:00 PM;63,954.50;64,071.75;117.25;49,475.25
Jan 19, 2023 9:00 PM;Jan 19, 2023 10:00 PM;60,253.25;60,668.50;415.25;45,880.00
Jan 19, 2023 10:00 PM;Jan 19, 2023 11:00 PM;57,172.00;58,115.50;943.50;43,981.25
Jan 19, 2023 11:00 PM;Jan 20, 2023 12:00 AM;53,570.50;55,254.50;1,684.00;42,050.75
Jan 20, 2023 12:00 AM;Jan 20, 2023 1:00 AM;51,398.25;52,865.00;1,466.75;40,739.75
Jan 20, 2023 1:00 AM;Jan 20, 2023 2:00 AM;49,571.00;52,636.75;3,065.75;39,703.00
Jan 20, 2023 2:00 AM;Jan 20, 2023 3:00 AM;48,749.50;52,536.00;3,786.50;39,891.00
Jan 20, 2023 3:00 AM;Jan 20, 2023 4:00 AM;48,899.50;52,289.00;3,389.50;40,649.50
Jan 20, 2023 4:00 AM;Jan 20, 2023 5:00 AM;49,874.50;53,036.75;3,162.25;42,133.00
Jan 20, 2023 5:00 AM;Jan 20, 2023 6:00 AM;53,023.25;55,207.75;2,184.50;45,986.50
Jan 20, 2023 6:00 AM;Jan 20, 2023 7:00 AM;59,028.25;59,694.25;666.00;52,555.00
Jan 20, 2023 7:00 AM;Jan 20, 2023 8:00 AM;64,593.75;64,627.75;34.00;59,088.25
Jan 20, 2023 8:00 AM;Jan 20, 2023 9:00 AM;67,380.50;67,450.50;70.00;62,313.00
Jan 20, 2023 9:00 AM;Jan 20, 2023 10:00 AM;67,519.50;67,522.00;2.50;61,668.75
Jan 20, 2023 10:00 AM;Jan 20, 2023 11:00 AM;68,038.00;68,046.25;8.25;61,059.25
Jan 20, 2023 11:00 AM;Jan 20, 2023 12:00 PM;68,317.25;68,396.00;78.75;60,561.25
Jan 20, 2023 12:00 PM;Jan 20, 2023 1:00 PM;67,593.75;67,719.00;125.25;59,951.00
Jan 20, 2023 1:00 PM;Jan 20, 2023 2:00 PM;66,229.50;66,354.25;124.75;59,422.25
Jan 20, 2023 2:00 PM;Jan 20, 2023 3:00 PM;64,756.25;64,866.25;110.00;59,841.75
Jan 20, 2023 3:00 PM;Jan 20, 2023 4:00 PM;63,786.25;63,934.25;148.00;60,735.25
Jan 20, 2023 4:00 PM;Jan 20, 2023 5:00 PM;63,931.25;64,031.00;99.75;62,008.50
Jan 20, 2023 5:00 PM;Jan 20, 2023 6:00 PM;66,079.50;66,258.75;179.25;64,212.50
Jan 20, 2023 6:00 PM;Jan 20, 2023 7:00 PM;66,047.25;66,114.00;66.75;64,065.75
Jan 20, 2023 7:00 PM;Jan 20, 2023 8:00 PM;64,170.50;64,185.75;15.25;61,890.25
Jan 20, 2023 8:00 PM;Jan 20, 2023 9:00 PM;60,478.25;60,566.50;88.25;57,701.25
Jan 20, 2023 9:00 PM;Jan 20, 2023 10:00 PM;56,965.75;57,238.00;272.25;53,697.50
Jan 20, 2023 10:00 PM;Jan 20, 2023 11:00 PM;54,347.25;54,673.75;326.50;50,512.75
Jan 20, 2023 11:00 PM;Jan 21, 2023 12:00 AM;51,887.25;52,691.50;804.25;47,398.00
Jan 21, 2023 12:00 AM;Jan 21, 2023 1:00 AM;49,678.25;50,059.75;381.50;44,547.25
Jan 21, 2023 1:00 AM;Jan 21, 2023 2:00 AM;47,642.75;49,214.25;1,571.50;41,642.50
Jan 21, 2023 2:00 AM;Jan 21, 2023 3:00 AM;46,492.50;48,449.50;1,957.00;39,593.25
Jan 21, 2023 3:00 AM;Jan 21, 2023 4:00 AM;46,335.50;48,801.00;2,465.50;38,343.50
Jan 21, 2023 4:00 AM;Jan 21, 2023 5:00 AM;46,257.00;49,240.50;2,983.50;37,528.75
Jan 21, 2023 5:00 AM;Jan 21, 2023 6:00 AM;46,239.75;48,810.50;2,570.75;36,918.75
Jan 21, 2023 6:00 AM;Jan 21, 2023 7:00 AM;47,395.25;49,447.75;2,052.50;37,658.50
Jan 21, 2023 7:00 AM;Jan 21, 2023 8:00 AM;50,258.25;50,983.25;725.00;40,635.25
Jan 21, 2023 8:00 AM;Jan 21, 2023 9:00 AM;54,320.25;54,594.75;274.50;44,292.25
Jan 21, 2023 9:00 AM;Jan 21, 2023 10:00 AM;57,898.50;57,949.00;50.50;46,844.75
Jan 21, 2023 10:00 AM;Jan 21, 2023 11:00 AM;59,892.75;59,979.00;86.25;46,631.25
Jan 21, 2023 11:00 AM;Jan 21, 2023 12:00 PM;60,854.00;60,971.25;117.25;46,316.00
Jan 21, 2023 12:00 PM;Jan 21, 2023 1:00 PM;60,684.50;60,915.50;231.00;45,202.00
Jan 21, 2023 1:00 PM;Jan 21, 2023 2:00 PM;59,629.50;60,053.00;423.50;43,275.75
Jan 21, 2023 2:00 PM;Jan 21, 2023 3:00 PM;58,576.25;59,852.50;1,276.25;41,067.25
Jan 21, 2023 3:00 PM;Jan 21, 2023 4:00 PM;57,738.50;58,321.25;582.75;39,607.00
Jan 21, 2023 4:00 PM;Jan 21, 2023 5:00 PM;58,658.00;59,112.00;454.00;38,945.00
Jan 21, 2023 5:00 PM;Jan 21, 2023 6:00 PM;61,107.00;61,552.75;445.75;39,441.75
Jan 21, 2023 6:00 PM;Jan 21, 2023 7:00 PM;61,384.50;61,831.00;446.50;38,930.00
Jan 21, 2023 7:00 PM;Jan 21, 2023 8:00 PM;59,481.25;60,467.75;986.50;36,765.25
Jan 21, 2023 8:00 PM;Jan 21, 2023 9:00 PM;55,104.25;56,657.50;1,553.25;32,621.75
Jan 21, 2023 9:00 PM;Jan 21, 2023 10:00 PM;52,475.75;54,372.00;1,896.25;29,852.00
Jan 21, 2023 10:00 PM;Jan 21, 2023 11:00 PM;51,411.75;53,650.00;2,238.25;29,302.25
Jan 21, 2023 11:00 PM;Jan 22, 2023 12:00 AM;48,660.00;52,034.75;3,374.75;27,328.50
Jan 22, 2023 12:00 AM;Jan 22, 2023 1:00 AM;46,953.25;51,545.50;4,592.25;26,714.75
Jan 22, 2023 1:00 AM;Jan 22, 2023 2:00 AM;45,361.75;51,029.00;5,667.25;25,655.75
Jan 22, 2023 2:00 AM;Jan 22, 2023 3:00 AM;44,649.00;50,810.75;6,161.75;25,724.00
Jan 22, 2023 3:00 AM;Jan 22, 2023 4:00 AM;44,000.75;49,417.25;5,416.50;26,299.50
Jan 22, 2023 4:00 AM;Jan 22, 2023 5:00 AM;43,980.50;49,420.75;5,440.25;27,319.75
Jan 22, 2023 5:00 AM;Jan 22, 2023 6:00 AM;43,464.00;48,953.25;5,489.25;28,033.75
Jan 22, 2023 6:00 AM;Jan 22, 2023 7:00 AM;43,570.75;48,292.75;4,722.00;28,821.25
Jan 22, 2023 7:00 AM;Jan 22, 2023 8:00 AM;45,021.75;46,690.25;1,668.50;31,238.25
Jan 22, 2023 8:00 AM;Jan 22, 2023 9:00 AM;47,827.75;48,301.00;473.25;34,728.00
Jan 22, 2023 9:00 AM;Jan 22, 2023 10:00 AM;51,503.50;51,585.25;81.75;38,992.50
Jan 22, 2023 10:00 AM;Jan 22, 2023 11:00 AM;54,684.75;54,696.00;11.25;42,754.75
Jan 22, 2023 11:00 AM;Jan 22, 2023 12:00 PM;57,000.25;57,017.00;16.75;45,757.00
Jan 22, 2023 12:00 PM;Jan 22, 2023 1:00 PM;56,917.00;56,991.00;74.00;46,678.00
Jan 22, 2023 1:00 PM;Jan 22, 2023 2:00 PM;55,287.75;55,398.00;110.25;45,871.75
Jan 22, 2023 2:00 PM;Jan 22, 2023 3:00 PM;53,764.50;53,834.00;69.50;45,014.00
Jan 22, 2023 3:00 PM;Jan 22, 2023 4:00 PM;53,313.00;53,500.75;187.75;45,278.75
Jan 22, 2023 4:00 PM;Jan 22, 2023 5:00 PM;53,504.50;53,595.50;91.00;45,887.00
Jan 22, 2023 5:00 PM;Jan 22, 2023 6:00 PM;56,388.25;56,486.00;97.75;48,914.25
Jan 22, 2023 6:00 PM;Jan 22, 2023 7:00 PM;57,357.00;57,446.25;89.25;49,918.25
Jan 22, 2023 7:00 PM;Jan 22, 2023 8:00 PM;55,563.25;55,668.50;105.25;48,482.00
Jan 22, 2023 8:00 PM;Jan 22, 2023 9:00 PM;53,535.00;53,814.50;279.50;46,734.00
Jan 22, 2023 9:00 PM;Jan 22, 2023 10:00 PM;51,531.25;51,600.50;69.25;44,960.75
Jan 22, 2023 10:00 PM;Jan 22, 2023 11:00 PM;50,995.00;51,146.50;151.50;44,797.00
Jan 22, 2023 11:00 PM;Jan 23, 2023 12:00 AM;48,965.00;50,303.00;1,338.00;42,901.75
Jan 23, 2023 12:00 AM;Jan 23, 2023 1:00 AM;47,118.25;49,656.25;2,538.00;41,504.00
Jan 23, 2023 1:00 AM;Jan 23, 2023 2:00 AM;45,736.25;49,612.00;3,875.75;40,303.50
Jan 23, 2023 2:00 AM;Jan 23, 2023 3:00 AM;45,009.00;50,002.50;4,993.50;39,987.25
Jan 23, 2023 3:00 AM;Jan 23, 2023 4:00 AM;45,329.00;50,594.75;5,265.75;40,748.75
Jan 23, 2023 4:00 AM;Jan 23, 2023 5:00 AM;46,615.75;50,216.75;3,601.00;42,336.50
Jan 23, 2023 5:00 AM;Jan 23, 2023 6:00 AM;49,509.50;51,854.00;2,344.50;45,018.00
Jan 23, 2023 6:00 AM;Jan 23, 2023 7:00 AM;56,755.75;57,912.50;1,156.75;52,107.00
Jan 23, 2023 7:00 AM;Jan 23, 2023 8:00 AM;62,950.25;63,697.00;746.75;58,390.50
Jan 23, 2023 8:00 AM;Jan 23, 2023 9:00 AM;66,092.25;66,184.00;91.75;61,813.00
Jan 23, 2023 9:00 AM;Jan 23, 2023 10:00 AM;67,371.25;67,418.50;47.25;63,032.75
Jan 23, 2023 10:00 AM;Jan 23, 2023 11:00 AM;68,212.50;68,213.50;1.00;63,403.25
Jan 23, 2023 11:00 AM;Jan 23, 2023 12:00 PM;68,731.50;68,762.50;31.00;63,177.75
Jan 23, 2023 12:00 PM;Jan 23, 2023 1:00 PM;68,711.25;68,852.75;141.50;62,280.25
Jan 23, 2023 1:00 PM;Jan 23, 2023 2:00 PM;68,308.75;68,536.00;227.25;61,433.50
Jan 23, 2023 2:00 PM;Jan 23, 2023 3:00 PM;67,102.25;67,204.50;102.25;60,821.00
Jan 23, 2023 3:00 PM;Jan 23, 2023 4:00 PM;66,377.00;66,504.50;127.50;60,565.75
Jan 23, 2023 4:00 PM;Jan 23, 2023 5:00 PM;65,859.25;65,956.00;96.75;59,908.00
Jan 23, 2023 5:00 PM;Jan 23, 2023 6:00 PM;67,519.50;67,678.50;159.00;60,472.00
Jan 23, 2023 6:00 PM;Jan 23, 2023 7:00 PM;67,079.50;67,185.75;106.25;59,282.75
Jan 23, 2023 7:00 PM;Jan 23, 2023 8:00 PM;65,726.00;65,736.75;10.75;57,842.00
Jan 23, 2023 8:00 PM;Jan 23, 2023 9:00 PM;62,152.75;62,168.25;15.50;54,385.75
Jan 23, 2023 9:00 PM;Jan 23, 2023 10:00 PM;58,617.50;59,228.50;611.00;51,145.00
Jan 23, 2023 10:00 PM;Jan 23, 2023 11:00 PM;56,213.00;57,939.00;1,726.00;49,185.50
Jan 23, 2023 11:00 PM;Jan 24, 2023 12:00 AM;52,946.75;55,678.50;2,731.75;46,225.50
Jan 24, 2023 12:00 AM;Jan 24, 2023 1:00 AM;48,672.25;53,973.50;5,301.25;41,967.25
Jan 24, 2023 1:00 AM;Jan 24, 2023 2:00 AM;46,840.50;52,922.25;6,081.75;40,076.25
Jan 24, 2023 2:00 AM;Jan 24, 2023 3:00 AM;46,180.25;52,689.50;6,509.25;39,364.25
Jan 24, 2023 3:00 AM;Jan 24, 2023 4:00 AM;46,651.50;53,688.00;7,036.50;40,037.25
Jan 24, 2023 4:00 AM;Jan 24, 2023 5:00 AM;48,196.75;54,508.50;6,311.75;42,069.25
Jan 24, 2023 5:00 AM;Jan 24, 2023 6:00 AM;50,973.50;56,090.50;5,117.00;45,279.75
Jan 24, 2023 6:00 AM;Jan 24, 2023 7:00 AM;57,455.75;59,116.00;1,660.25;52,244.25
Jan 24, 2023 7:00 AM;Jan 24, 2023 8:00 AM;62,941.00;63,408.75;467.75;58,187.75
Jan 24, 2023 8:00 AM;Jan 24, 2023 9:00 AM;65,456.00;65,727.50;271.50;60,866.75
Jan 24, 2023 9:00 AM;Jan 24, 2023 10:00 AM;66,466.25;66,478.00;11.75;61,733.25
Jan 24, 2023 10:00 AM;Jan 24, 2023 11:00 AM;67,455.50;67,463.50;8.00;62,495.50
Jan 24, 2023 11:00 AM;Jan 24, 2023 12:00 PM;68,227.50;68,228.50;1.00;62,985.50
Jan 24, 2023 12:00 PM;Jan 24, 2023 1:00 PM;68,157.25;68,174.50;17.25;62,766.00
Jan 24, 2023 1:00 PM;Jan 24, 2023 2:00 PM;67,604.00;67,636.00;32.00;62,316.00
Jan 24, 2023 2:00 PM;Jan 24, 2023 3:00 PM;66,273.00;66,301.25;28.25;61,751.00
Jan 24, 2023 3:00 PM;Jan 24, 2023 4:00 PM;65,277.50;65,281.50;4.00;61,852.50
Jan 24, 2023 4:00 PM;Jan 24, 2023 5:00 PM;64,471.00;64,544.25;73.25;61,751.50
Jan 24, 2023 5:00 PM;Jan 24, 2023 6:00 PM;66,338.75;66,517.00;178.25;63,782.75
Jan 24, 2023 6:00 PM;Jan 24, 2023 7:00 PM;66,447.25;66,588.00;140.75;64,133.25
Jan 24, 2023 7:00 PM;Jan 24, 2023 8:00 PM;65,051.75;65,059.00;7.25;63,043.25
Jan 24, 2023 8:00 PM;Jan 24, 2023 9:00 PM;61,848.25;61,859.50;11.25;60,207.50
Jan 24, 2023 9:00 PM;Jan 24, 2023 10:00 PM;58,499.00;58,624.50;125.50;57,271.00
Jan 24, 2023 10:00 PM;Jan 24, 2023 11:00 PM;55,835.00;56,431.00;596.00;54,590.00
Jan 24, 2023 11:00 PM;Jan 25, 2023 12:00 AM;52,515.00;54,346.50;1,831.50;51,076.50
Jan 25, 2023 12:00 AM;Jan 25, 2023 1:00 AM;49,453.25;52,700.00;3,246.75;47,637.75
Jan 25, 2023 1:00 AM;Jan 25, 2023 2:00 AM;47,275.00;51,674.50;4,399.50;45,217.25
Jan 25, 2023 2:00 AM;Jan 25, 2023 3:00 AM;46,196.75;51,199.25;5,002.50;43,888.75
Jan 25, 2023 3:00 AM;Jan 25, 2023 4:00 AM;46,428.25;51,908.00;5,479.75;43,774.00
Jan 25, 2023 4:00 AM;Jan 25, 2023 5:00 AM;47,672.25;52,898.50;5,226.25;44,758.75
Jan 25, 2023 5:00 AM;Jan 25, 2023 6:00 AM;51,156.00;54,826.75;3,670.75;48,040.25
Jan 25, 2023 6:00 AM;Jan 25, 2023 7:00 AM;58,416.00;59,374.75;958.75;54,994.75
Jan 25, 2023 7:00 AM;Jan 25, 2023 8:00 AM;63,829.25;63,895.25;66.00;60,142.25
Jan 25, 2023 8:00 AM;Jan 25, 2023 9:00 AM;66,204.25;66,289.25;85.00;62,046.25
Jan 25, 2023 9:00 AM;Jan 25, 2023 10:00 AM;67,305.50;67,349.50;44.00;62,501.00
Jan 25, 2023 10:00 AM;Jan 25, 2023 11:00 AM;68,440.50;68,442.75;2.25;62,738.75
Jan 25, 2023 11:00 AM;Jan 25, 2023 12:00 PM;69,010.75;69,013.75;3.00;62,132.25
Jan 25, 2023 12:00 PM;Jan 25, 2023 1:00 PM;69,274.75;69,282.25;7.50;61,692.75
Jan 25, 2023 1:00 PM;Jan 25, 2023 2:00 PM;69,085.50;69,171.75;86.25;61,175.50
Jan 25, 2023 2:00 PM;Jan 25, 2023 3:00 PM;67,881.50;67,902.25;20.75;60,379.50
Jan 25, 2023 3:00 PM;Jan 25, 2023 4:00 PM;67,001.25;67,045.00;43.75;60,036.50
Jan 25, 2023 4:00 PM;Jan 25, 2023 5:00 PM;66,214.50;66,570.50;356.00;59,964.00
Jan 25, 2023 5:00 PM;Jan 25, 2023 6:00 PM;67,741.25;67,916.50;175.25;61,822.50
Jan 25, 2023 6:00 PM;Jan 25, 2023 7:00 PM;67,262.75;67,360.75;98.00;61,329.75
Jan 25, 2023 7:00 PM;Jan 25, 2023 8:00 PM;66,138.25;66,352.00;213.75;60,318.75
Jan 25, 2023 8:00 PM;Jan 25, 2023 9:00 PM;62,968.00;63,114.00;146.00;57,666.00
Jan 25, 2023 9:00 PM;Jan 25, 2023 10:00 PM;59,354.50;59,670.50;316.00;54,706.00
Jan 25, 2023 10:00 PM;Jan 25, 2023 11:00 PM;56,271.75;57,239.00;967.25;52,181.25
Jan 25, 2023 11:00 PM;Jan 26, 2023 12:00 AM;52,896.75;54,725.50;1,828.75;49,070.75
Jan 26, 2023 12:00 AM;Jan 26, 2023 1:00 AM;51,112.75;53,647.75;2,535.00;47,332.75
Jan 26, 2023 1:00 AM;Jan 26, 2023 2:00 AM;49,613.25;53,211.75;3,598.50;45,919.00
Jan 26, 2023 2:00 AM;Jan 26, 2023 3:00 AM;48,927.75;52,964.75;4,037.00;44,722.25
Jan 26, 2023 3:00 AM;Jan 26, 2023 4:00 AM;48,960.75;54,202.00;5,241.25;44,553.00
Jan 26, 2023 4:00 AM;Jan 26, 2023 5:00 AM;49,889.75;54,842.25;4,952.50;45,923.00
Jan 26, 2023 5:00 AM;Jan 26, 2023 6:00 AM;52,510.25;55,136.75;2,626.50;48,920.75
Jan 26, 2023 6:00 AM;Jan 26, 2023 7:00 AM;59,465.25;59,671.00;205.75;56,044.00
Jan 26, 2023 7:00 AM;Jan 26, 2023 8:00 AM;65,014.75;65,098.75;84.00;61,394.25
Jan 26, 2023 8:00 AM;Jan 26, 2023 9:00 AM;67,740.50;67,827.75;87.25;63,946.50
Jan 26, 2023 9:00 AM;Jan 26, 2023 10:00 AM;68,689.00;68,743.75;54.75;63,989.50
Jan 26, 2023 10:00 AM;Jan 26, 2023 11:00 AM;69,732.25;69,737.00;4.75;63,828.00
Jan 26, 2023 11:00 AM;Jan 26, 2023 12:00 PM;70,348.25;70,361.75;13.50;63,551.00
Jan 26, 2023 12:00 PM;Jan 26, 2023 1:00 PM;69,943.50;69,962.50;19.00;62,321.00
Jan 26, 2023 1:00 PM;Jan 26, 2023 2:00 PM;69,923.50;70,138.75;215.25;62,040.75
Jan 26, 2023 2:00 PM;Jan 26, 2023 3:00 PM;69,022.00;69,330.75;308.75;61,219.75
Jan 26, 2023 3:00 PM;Jan 26, 2023 4:00 PM;68,217.75;68,552.75;335.00;61,468.50
Jan 26, 2023 4:00 PM;Jan 26, 2023 5:00 PM;67,687.75;67,785.50;97.75;61,160.75
Jan 26, 2023 5:00 PM;Jan 26, 2023 6:00 PM;69,492.25;69,565.00;72.75;61,607.75
Jan 26, 2023 6:00 PM;Jan 26, 2023 7:00 PM;69,619.75;69,648.25;28.50;59,641.75
Jan 26, 2023 7:00 PM;Jan 26, 2023 8:00 PM;68,353.00;68,535.50;182.50;56,936.00
Jan 26, 2023 8:00 PM;Jan 26, 2023 9:00 PM;64,967.25;65,254.75;287.50;53,311.00
Jan 26, 2023 9:00 PM;Jan 26, 2023 10:00 PM;61,430.75;62,071.75;641.00;50,347.25
Jan 26, 2023 10:00 PM;Jan 26, 2023 11:00 PM;58,613.50;59,904.50;1,291.00;47,927.50
Jan 26, 2023 11:00 PM;Jan 27, 2023 12:00 AM;55,281.75;57,925.50;2,643.75;44,098.50
Jan 27, 2023 12:00 AM;Jan 27, 2023 1:00 AM;52,043.75;54,634.25;2,590.50;40,385.25
Jan 27, 2023 1:00 AM;Jan 27, 2023 2:00 AM;50,158.50;53,557.50;3,399.00;38,084.25
Jan 27, 2023 2:00 AM;Jan 27, 2023 3:00 AM;49,461.50;54,692.50;5,231.00;37,082.00
Jan 27, 2023 3:00 AM;Jan 27, 2023 4:00 AM;49,577.75;55,426.50;5,848.75;37,323.75
Jan 27, 2023 4:00 AM;Jan 27, 2023 5:00 AM;51,235.50;57,145.50;5,910.00;38,484.50
Jan 27, 2023 5:00 AM;Jan 27, 2023 6:00 AM;53,889.00;57,924.25;4,035.25;41,297.00
Jan 27, 2023 6:00 AM;Jan 27, 2023 7:00 AM;60,205.25;61,182.50;977.25;48,589.75
Jan 27, 2023 7:00 AM;Jan 27, 2023 8:00 AM;65,896.50;66,078.50;182.00;54,812.25
Jan 27, 2023 8:00 AM;Jan 27, 2023 9:00 AM;68,618.50;68,623.25;4.75;57,942.25
Jan 27, 2023 9:00 AM;Jan 27, 2023 10:00 AM;69,083.50;69,088.00;4.50;58,025.50
Jan 27, 2023 10:00 AM;Jan 27, 2023 11:00 AM;69,609.50;69,896.75;287.25;57,953.25
Jan 27, 2023 11:00 AM;Jan 27, 2023 12:00 PM;69,886.25;70,017.50;131.25;57,740.00
Jan 27, 2023 12:00 PM;Jan 27, 2023 1:00 PM;69,287.25;69,317.50;30.25;57,336.50
Jan 27, 2023 1:00 PM;Jan 27, 2023 2:00 PM;68,046.00;68,137.00;91.00;56,552.75
Jan 27, 2023 2:00 PM;Jan 27, 2023 3:00 PM;66,279.00;66,347.75;68.75;55,853.50
Jan 27, 2023 3:00 PM;Jan 27, 2023 4:00 PM;65,211.25;65,228.00;16.75;56,341.75
Jan 27, 2023 4:00 PM;Jan 27, 2023 5:00 PM;64,728.25;64,811.25;83.00;57,178.50
Jan 27, 2023 5:00 PM;Jan 27, 2023 6:00 PM;66,642.00;66,734.25;92.25;59,442.25
Jan 27, 2023 6:00 PM;Jan 27, 2023 7:00 PM;66,774.75;66,859.75;85.00;59,792.50
Jan 27, 2023 7:00 PM;Jan 27, 2023 8:00 PM;64,925.75;64,974.25;48.50;58,330.75
Jan 27, 2023 8:00 PM;Jan 27, 2023 9:00 PM;60,700.50;60,758.75;58.25;54,655.75
Jan 27, 2023 9:00 PM;Jan 27, 2023 10:00 PM;57,336.75;57,481.50;144.75;51,900.50
Jan 27, 2023 10:00 PM;Jan 27, 2023 11:00 PM;54,420.75;54,544.00;123.25;49,808.50
Jan 27, 2023 11:00 PM;Jan 28, 2023 12:00 AM;51,352.50;51,539.75;187.25;47,595.00
Jan 28, 2023 12:00 AM;Jan 28, 2023 1:00 AM;48,781.25;49,103.00;321.75;45,828.25
Jan 28, 2023 1:00 AM;Jan 28, 2023 2:00 AM;46,640.50;47,056.50;416.00;44,136.50
Jan 28, 2023 2:00 AM;Jan 28, 2023 3:00 AM;45,673.75;46,595.25;921.50;43,357.50
Jan 28, 2023 3:00 AM;Jan 28, 2023 4:00 AM;45,102.50;47,003.25;1,900.75;42,763.75
Jan 28, 2023 4:00 AM;Jan 28, 2023 5:00 AM;44,557.00;46,210.25;1,653.25;42,123.50
Jan 28, 2023 5:00 AM;Jan 28, 2023 6:00 AM;44,396.25;45,622.50;1,226.25;41,899.25
Jan 28, 2023 6:00 AM;Jan 28, 2023 7:00 AM;45,855.00;46,731.75;876.75;43,108.25
Jan 28, 2023 7:00 AM;Jan 28, 2023 8:00 AM;48,682.50;48,957.75;275.25;45,688.50
Jan 28, 2023 8:00 AM;Jan 28, 2023 9:00 AM;52,112.00;52,272.00;160.00;48,876.25
Jan 28, 2023 9:00 AM;Jan 28, 2023 10:00 AM;55,477.75;55,523.50;45.75;51,180.00
Jan 28, 2023 10:00 AM;Jan 28, 2023 11:00 AM;57,457.75;57,513.50;55.75;51,549.75
Jan 28, 2023 11:00 AM;Jan 28, 2023 12:00 PM;58,473.75;58,510.75;37.00;51,119.25
Jan 28, 2023 12:00 PM;Jan 28, 2023 1:00 PM;58,467.00;58,540.75;73.75;49,338.75
Jan 28, 2023 1:00 PM;Jan 28, 2023 2:00 PM;57,285.25;57,741.25;456.00;47,463.00
Jan 28, 2023 2:00 PM;Jan 28, 2023 3:00 PM;56,343.75;57,045.00;701.25;46,562.25
Jan 28, 2023 3:00 PM;Jan 28, 2023 4:00 PM;55,812.50;56,524.50;712.00;47,502.25
Jan 28, 2023 4:00 PM;Jan 28, 2023 5:00 PM;55,827.50;56,064.25;236.75;49,015.25
Jan 28, 2023 5:00 PM;Jan 28, 2023 6:00 PM;58,996.50;59,115.75;119.25;51,361.25
Jan 28, 2023 6:00 PM;Jan 28, 2023 7:00 PM;60,110.50;60,148.25;37.75;51,600.50
Jan 28, 2023 7:00 PM;Jan 28, 2023 8:00 PM;58,279.25;58,370.50;91.25;49,241.00
Jan 28, 2023 8:00 PM;Jan 28, 2023 9:00 PM;54,706.25;54,971.00;264.75;45,510.75
Jan 28, 2023 9:00 PM;Jan 28, 2023 10:00 PM;52,439.50;52,823.50;384.00;43,220.50
Jan 28, 2023 10:00 PM;Jan 28, 2023 11:00 PM;51,478.00;52,001.25;523.25;42,148.75
Jan 28, 2023 11:00 PM;Jan 29, 2023 12:00 AM;49,185.00;50,804.50;1,619.50;38,856.00
Jan 29, 2023 12:00 AM;Jan 29, 2023 1:00 AM;46,470.75;47,685.50;1,214.75;34,993.25
Jan 29, 2023 1:00 AM;Jan 29, 2023 2:00 AM;44,611.50;45,149.00;537.50;32,020.50
Jan 29, 2023 2:00 AM;Jan 29, 2023 3:00 AM;43,401.00;43,647.50;246.50;30,633.75
Jan 29, 2023 3:00 AM;Jan 29, 2023 4:00 AM;42,767.75;43,223.25;455.50;29,635.50
Jan 29, 2023 4:00 AM;Jan 29, 2023 5:00 AM;43,159.25;44,692.50;1,533.25;28,769.50
Jan 29, 2023 5:00 AM;Jan 29, 2023 6:00 AM;42,809.50;44,312.75;1,503.25;27,743.00
Jan 29, 2023 6:00 AM;Jan 29, 2023 7:00 AM;43,915.25;45,656.25;1,741.00;28,407.75
Jan 29, 2023 7:00 AM;Jan 29, 2023 8:00 AM;45,137.50;46,301.00;1,163.50;28,763.50
Jan 29, 2023 8:00 AM;Jan 29, 2023 9:00 AM;47,971.50;48,227.25;255.75;30,133.50
Jan 29, 2023 9:00 AM;Jan 29, 2023 10:00 AM;51,930.25;52,091.00;160.75;31,544.50
Jan 29, 2023 10:00 AM;Jan 29, 2023 11:00 AM;54,430.50;54,591.00;160.50;32,042.75
Jan 29, 2023 11:00 AM;Jan 29, 2023 12:00 PM;56,412.00;56,492.25;80.25;31,547.25
Jan 29, 2023 12:00 PM;Jan 29, 2023 1:00 PM;55,917.75;56,290.50;372.75;29,367.75
Jan 29, 2023 1:00 PM;Jan 29, 2023 2:00 PM;54,556.75;56,230.50;1,673.75;26,970.25
Jan 29, 2023 2:00 PM;Jan 29, 2023 3:00 PM;53,625.25;54,947.00;1,321.75;27,102.75
Jan 29, 2023 3:00 PM;Jan 29, 2023 4:00 PM;52,564.25;54,124.25;1,560.00;27,722.25
Jan 29, 2023 4:00 PM;Jan 29, 2023 5:00 PM;52,893.25;53,353.50;460.25;28,047.25
Jan 29, 2023 5:00 PM;Jan 29, 2023 6:00 PM;56,805.75;56,888.00;82.25;29,934.50
Jan 29, 2023 6:00 PM;Jan 29, 2023 7:00 PM;58,704.50;58,839.25;134.75;30,333.50
Jan 29, 2023 7:00 PM;Jan 29, 2023 8:00 PM;57,155.50;57,346.25;190.75;26,338.00
Jan 29, 2023 8:00 PM;Jan 29, 2023 9:00 PM;55,401.75;55,687.50;285.75;23,128.50
Jan 29, 2023 9:00 PM;Jan 29, 2023 10:00 PM;54,568.75;55,745.50;1,176.75;21,811.25
Jan 29, 2023 10:00 PM;Jan 29, 2023 11:00 PM;54,149.50;54,385.00;235.50;21,956.00
Jan 29, 2023 11:00 PM;Jan 30, 2023 12:00 AM;51,521.25;51,899.00;377.75;18,863.75
Jan 30, 2023 12:00 AM;Jan 30, 2023 1:00 AM;50,663.00;52,545.25;1,882.25;16,330.00
Jan 30, 2023 1:00 AM;Jan 30, 2023 2:00 AM;48,918.00;51,767.00;2,849.00;14,900.00
Jan 30, 2023 2:00 AM;Jan 30, 2023 3:00 AM;48,647.50;51,577.75;2,930.25;14,292.25
Jan 30, 2023 3:00 AM;Jan 30, 2023 4:00 AM;49,165.75;53,285.50;4,119.75;14,864.50
Jan 30, 2023 4:00 AM;Jan 30, 2023 5:00 AM;50,860.00;54,858.25;3,998.25;16,784.00
Jan 30, 2023 5:00 AM;Jan 30, 2023 6:00 AM;53,976.75;57,155.25;3,178.50;19,668.25
Jan 30, 2023 6:00 AM;Jan 30, 2023 7:00 AM;60,703.75;61,288.25;584.50;25,501.50
Jan 30, 2023 7:00 AM;Jan 30, 2023 8:00 AM;66,200.25;66,233.25;33.00;30,507.25
Jan 30, 2023 8:00 AM;Jan 30, 2023 9:00 AM;69,136.50;69,165.25;28.75;33,094.50
Jan 30, 2023 9:00 AM;Jan 30, 2023 10:00 AM;69,420.50;69,591.25;170.75;31,340.25
Jan 30, 2023 10:00 AM;Jan 30, 2023 11:00 AM;70,115.25;70,295.75;180.50;28,964.75
Jan 30, 2023 11:00 AM;Jan 30, 2023 12:00 PM;70,402.50;70,669.75;267.25;27,442.00
Jan 30, 2023 12:00 PM;Jan 30, 2023 1:00 PM;70,420.75;71,285.75;865.00;27,527.75
Jan 30, 2023 1:00 PM;Jan 30, 2023 2:00 PM;69,989.50;71,812.25;1,822.75;27,459.75
Jan 30, 2023 2:00 PM;Jan 30, 2023 3:00 PM;68,249.25;69,637.25;1,388.00;26,723.75
Jan 30, 2023 3:00 PM;Jan 30, 2023 4:00 PM;67,914.00;68,652.50;738.50;27,725.50
Jan 30, 2023 4:00 PM;Jan 30, 2023 5:00 PM;67,081.50;67,686.50;605.00;28,895.50
Jan 30, 2023 5:00 PM;Jan 30, 2023 6:00 PM;68,426.25;68,549.50;123.25;30,665.75
Jan 30, 2023 6:00 PM;Jan 30, 2023 7:00 PM;69,048.00;69,067.00;19.00;30,618.25
Jan 30, 2023 7:00 PM;Jan 30, 2023 8:00 PM;67,250.75;67,390.00;139.25;29,029.25
Jan 30, 2023 8:00 PM;Jan 30, 2023 9:00 PM;64,070.25;64,302.50;232.25;26,927.00
Jan 30, 2023 9:00 PM;Jan 30, 2023 10:00 PM;61,634.25;62,376.50;742.25;25,547.50
Jan 30, 2023 10:00 PM;Jan 30, 2023 11:00 PM;58,407.50;59,312.50;905.00;24,132.50
Jan 30, 2023 11:00 PM;Jan 31, 2023 12:00 AM;55,564.25;57,563.00;1,998.75;22,724.75
Jan 31, 2023 12:00 AM;Jan 31, 2023 1:00 AM;52,427.00;56,354.50;3,927.50;20,086.00
Jan 31, 2023 1:00 AM;Jan 31, 2023 2:00 AM;50,315.50;54,447.75;4,132.25;18,743.25
Jan 31, 2023 2:00 AM;Jan 31, 2023 3:00 AM;49,792.75;54,568.50;4,775.75;19,070.25
Jan 31, 2023 3:00 AM;Jan 31, 2023 4:00 AM;49,731.75;55,039.25;5,307.50;19,604.00
Jan 31, 2023 4:00 AM;Jan 31, 2023 5:00 AM;50,667.00;55,126.75;4,459.75;20,973.75
Jan 31, 2023 5:00 AM;Jan 31, 2023 6:00 AM;53,745.00;56,258.75;2,513.75;23,608.25
Jan 31, 2023 6:00 AM;Jan 31, 2023 7:00 AM;59,677.00;60,218.00;541.00;29,130.00
Jan 31, 2023 7:00 AM;Jan 31, 2023 8:00 AM;65,881.50;65,995.75;114.25;34,315.50
Jan 31, 2023 8:00 AM;Jan 31, 2023 9:00 AM;67,993.25;68,059.50;66.25;34,814.50
Jan 31, 2023 9:00 AM;Jan 31, 2023 10:00 AM;68,356.25;68,407.50;51.25;32,857.00
Jan 31, 2023 10:00 AM;Jan 31, 2023 11:00 AM;69,310.00;69,418.75;108.75;30,642.50
Jan 31, 2023 11:00 AM;Jan 31, 2023 12:00 PM;70,300.50;70,332.75;32.25;29,783.00
Jan 31, 2023 12:00 PM;Jan 31, 2023 1:00 PM;70,446.50;70,545.75;99.25;28,497.50
Jan 31, 2023 1:00 PM;Jan 31, 2023 2:00 PM;69,399.50;69,618.75;219.25;27,156.50
Jan 31, 2023 2:00 PM;Jan 31, 2023 3:00 PM;68,478.50;68,859.25;380.75;26,495.00
Jan 31, 2023 3:00 PM;Jan 31, 2023 4:00 PM;67,220.25;67,491.50;271.25;25,574.50
Jan 31, 2023 4:00 PM;Jan 31, 2023 5:00 PM;66,466.75;66,706.25;239.50;25,172.00
Jan 31, 2023 5:00 PM;Jan 31, 2023 6:00 PM;68,215.25;68,420.25;205.00;26,817.75
Jan 31, 2023 6:00 PM;Jan 31, 2023 7:00 PM;68,160.25;68,321.25;161.00;27,299.50
Jan 31, 2023 7:00 PM;Jan 31, 2023 8:00 PM;66,432.75;66,613.00;180.25;26,694.50
Jan 31, 2023 8:00 PM;Jan 31, 2023 9:00 PM;63,205.75;63,874.50;668.75;23,319.75
Jan 31, 2023 9:00 PM;Jan 31, 2023 10:00 PM;59,833.50;60,528.50;695.00;19,884.75
Jan 31, 2023 10:00 PM;Jan 31, 2023 11:00 PM;56,914.25;57,749.25;835.00;17,965.25
Jan 31, 2023 11:00 PM;Feb 1, 2023 12:00 AM;53,795.75;55,542.25;1,746.50;15,179.25
Feb 1, 2023 12:00 AM;Feb 1, 2023 1:00 AM;51,215.75;54,257.50;3,041.75;12,182.25
Feb 1, 2023 1:00 AM;Feb 1, 2023 2:00 AM;49,164.25;54,007.50;4,843.25;10,154.25
Feb 1, 2023 2:00 AM;Feb 1, 2023 3:00 AM;48,016.25;53,627.75;5,611.50;10,697.25
Feb 1, 2023 3:00 AM;Feb 1, 2023 4:00 AM;48,136.25;53,286.50;5,150.25;10,009.75
Feb 1, 2023 4:00 AM;Feb 1, 2023 5:00 AM;49,769.25;54,953.75;5,184.50;10,615.50
Feb 1, 2023 5:00 AM;Feb 1, 2023 6:00 AM;52,676.75;56,758.75;4,082.00;12,634.00
Feb 1, 2023 6:00 AM;Feb 1, 2023 7:00 AM;60,015.00;61,168.75;1,153.75;19,281.75
Feb 1, 2023 7:00 AM;Feb 1, 2023 8:00 AM;65,086.50;65,182.75;96.25;23,662.75
Feb 1, 2023 8:00 AM;Feb 1, 2023 9:00 AM;67,925.00;67,986.00;61.00;25,601.25
Feb 1, 2023 9:00 AM;Feb 1, 2023 10:00 AM;68,682.50;68,773.25;90.75;25,874.50
Feb 1, 2023 10:00 AM;Feb 1, 2023 11:00 AM;69,651.25;69,777.50;126.25;24,900.00
Feb 1, 2023 11:00 AM;Feb 1, 2023 12:00 PM;70,034.75;70,296.25;261.50;24,206.25
Feb 1, 2023 12:00 PM;Feb 1, 2023 1:00 PM;69,564.00;69,803.50;239.50;23,774.25
Feb 1, 2023 1:00 PM;Feb 1, 2023 2:00 PM;68,632.25;68,900.00;267.75;23,866.25
Feb 1, 2023 2:00 PM;Feb 1, 2023 3:00 PM;67,417.50;67,765.75;348.25;23,313.25
Feb 1, 2023 3:00 PM;Feb 1, 2023 4:00 PM;67,913.25;69,101.75;1,188.50;23,242.25
Feb 1, 2023 4:00 PM;Feb 1, 2023 5:00 PM;67,387.00;67,788.25;401.25;23,555.00
Feb 1, 2023 5:00 PM;Feb 1, 2023 6:00 PM;69,447.00;69,711.25;264.25;25,262.75
Feb 1, 2023 6:00 PM;Feb 1, 2023 7:00 PM;70,654.00;70,897.25;243.25;26,166.75
Feb 1, 2023 7:00 PM;Feb 1, 2023 8:00 PM;68,318.00;68,633.50;315.50;23,998.25
Feb 1, 2023 8:00 PM;Feb 1, 2023 9:00 PM;65,214.00;66,340.25;1,126.25;21,131.75
Feb 1, 2023 9:00 PM;Feb 1, 2023 10:00 PM;61,979.50;63,545.25;1,565.75;18,845.00
Feb 1, 2023 10:00 PM;Feb 1, 2023 11:00 PM;58,581.75;60,392.25;1,810.50;16,218.50
Feb 1, 2023 11:00 PM;Feb 2, 2023 12:00 AM;55,237.25;58,673.75;3,436.50;13,133.25
Feb 2, 2023 12:00 AM;Feb 2, 2023 1:00 AM;53,081.75;58,300.25;5,218.50;10,454.00
Feb 2, 2023 1:00 AM;Feb 2, 2023 2:00 AM;51,584.25;56,686.25;5,102.00;9,579.25
Feb 2, 2023 2:00 AM;Feb 2, 2023 3:00 AM;50,646.75;55,922.75;5,276.00;8,570.75
Feb 2, 2023 3:00 AM;Feb 2, 2023 4:00 AM;50,881.75;56,659.50;5,777.75;9,736.00
Feb 2, 2023 4:00 AM;Feb 2, 2023 5:00 AM;52,254.50;57,477.75;5,223.25;12,122.50
Feb 2, 2023 5:00 AM;Feb 2, 2023 6:00 AM;54,888.50;59,259.75;4,371.25;16,521.00
Feb 2, 2023 6:00 AM;Feb 2, 2023 7:00 AM;61,390.50;62,855.75;1,465.25;24,713.25
Feb 2, 2023 7:00 AM;Feb 2, 2023 8:00 AM;66,327.50;66,593.75;266.25;32,685.25
Feb 2, 2023 8:00 AM;Feb 2, 2023 9:00 AM;68,523.25;68,553.00;29.75;37,490.75
Feb 2, 2023 9:00 AM;Feb 2, 2023 10:00 AM;69,313.50;69,689.25;375.75;40,015.75
Feb 2, 2023 10:00 AM;Feb 2, 2023 11:00 AM;69,802.75;69,967.00;164.25;41,329.00
Feb 2, 2023 11:00 AM;Feb 2, 2023 12:00 PM;70,631.75;71,102.00;470.25;42,494.50
Feb 2, 2023 12:00 PM;Feb 2, 2023 1:00 PM;70,662.50;70,835.00;172.50;43,103.00
Feb 2, 2023 1:00 PM;Feb 2, 2023 2:00 PM;69,677.75;69,778.75;101.00;44,074.50
Feb 2, 2023 2:00 PM;Feb 2, 2023 3:00 PM;67,864.75;68,033.75;169.00;45,943.25
Feb 2, 2023 3:00 PM;Feb 2, 2023 4:00 PM;66,600.00;66,703.50;103.50;49,075.50
Feb 2, 2023 4:00 PM;Feb 2, 2023 5:00 PM;65,797.50;65,826.75;29.25;51,212.25
Feb 2, 2023 5:00 PM;Feb 2, 2023 6:00 PM;67,223.25;67,295.25;72.00;53,080.75
Feb 2, 2023 6:00 PM;Feb 2, 2023 7:00 PM;67,508.25;67,585.50;77.25;51,756.50
Feb 2, 2023 7:00 PM;Feb 2, 2023 8:00 PM;65,914.25;66,130.25;216.00;47,632.00
Feb 2, 2023 8:00 PM;Feb 2, 2023 9:00 PM;62,573.00;62,934.50;361.50;41,458.25
Feb 2, 2023 9:00 PM;Feb 2, 2023 10:00 PM;59,720.25;60,298.75;578.50;35,493.50
Feb 2, 2023 10:00 PM;Feb 2, 2023 11:00 PM;56,631.00;57,378.75;747.75;29,618.75
Feb 2, 2023 11:00 PM;Feb 3, 2023 12:00 AM;53,326.75;55,698.25;2,371.50;23,922.00
Feb 3, 2023 12:00 AM;Feb 3, 2023 1:00 AM;50,618.00;52,499.25;1,881.25;17,410.00
Feb 3, 2023 1:00 AM;Feb 3, 2023 2:00 AM;49,424.50;52,104.75;2,680.25;14,061.25
Feb 3, 2023 2:00 AM;Feb 3, 2023 3:00 AM;49,197.25;54,509.50;5,312.25;11,835.50
Feb 3, 2023 3:00 AM;Feb 3, 2023 4:00 AM;49,819.50;55,581.25;5,761.75;11,281.00
Feb 3, 2023 4:00 AM;Feb 3, 2023 5:00 AM;51,060.25;57,012.00;5,951.75;10,812.75
Feb 3, 2023 5:00 AM;Feb 3, 2023 6:00 AM;53,711.00;59,105.25;5,394.25;12,659.00
Feb 3, 2023 6:00 AM;Feb 3, 2023 7:00 AM;60,297.50;63,977.00;3,679.50;17,428.75
Feb 3, 2023 7:00 AM;Feb 3, 2023 8:00 AM;66,024.00;67,337.25;1,313.25;23,239.75
Feb 3, 2023 8:00 AM;Feb 3, 2023 9:00 AM;68,767.25;68,803.25;36.00;25,233.00
Feb 3, 2023 9:00 AM;Feb 3, 2023 10:00 AM;69,619.00;69,865.75;246.75;25,577.75
Feb 3, 2023 10:00 AM;Feb 3, 2023 11:00 AM;70,089.50;71,194.50;1,105.00;24,785.75
Feb 3, 2023 11:00 AM;Feb 3, 2023 12:00 PM;71,039.75;73,418.75;2,379.00;23,438.00
Feb 3, 2023 12:00 PM;Feb 3, 2023 1:00 PM;69,354.50;71,652.75;2,298.25;21,011.25
Feb 3, 2023 1:00 PM;Feb 3, 2023 2:00 PM;68,398.50;70,916.00;2,517.50;20,699.25
Feb 3, 2023 2:00 PM;Feb 3, 2023 3:00 PM;66,726.50;69,256.50;2,530.00;20,157.00
Feb 3, 2023 3:00 PM;Feb 3, 2023 4:00 PM;66,017.00;67,864.50;1,847.50;20,834.75
Feb 3, 2023 4:00 PM;Feb 3, 2023 5:00 PM;65,293.25;65,928.75;635.50;22,284.00
Feb 3, 2023 5:00 PM;Feb 3, 2023 6:00 PM;67,333.25;67,463.00;129.75;25,478.25
Feb 3, 2023 6:00 PM;Feb 3, 2023 7:00 PM;67,449.50;67,513.50;64.00;25,576.50
Feb 3, 2023 7:00 PM;Feb 3, 2023 8:00 PM;65,236.75;65,739.00;502.25;23,799.25
Feb 3, 2023 8:00 PM;Feb 3, 2023 9:00 PM;61,507.75;62,886.25;1,378.50;21,422.50
Feb 3, 2023 9:00 PM;Feb 3, 2023 10:00 PM;58,715.25;61,298.25;2,583.00;19,631.25
Feb 3, 2023 10:00 PM;Feb 3, 2023 11:00 PM;56,173.50;56,559.75;386.25;19,443.25
Feb 3, 2023 11:00 PM;Feb 4, 2023 12:00 AM;52,790.00;53,786.50;996.50;19,290.25
Feb 4, 2023 12:00 AM;Feb 4, 2023 1:00 AM;50,045.50;52,798.75;2,753.25;19,884.00
Feb 4, 2023 1:00 AM;Feb 4, 2023 2:00 AM;47,490.50;49,759.25;2,268.75;22,657.50
Feb 4, 2023 2:00 AM;Feb 4, 2023 3:00 AM;46,009.75;47,158.75;1,149.00;25,850.00
Feb 4, 2023 3:00 AM;Feb 4, 2023 4:00 AM;45,444.00;46,184.00;740.00;29,251.75
Feb 4, 2023 4:00 AM;Feb 4, 2023 5:00 AM;45,232.25;45,665.25;433.00;32,680.75
Feb 4, 2023 5:00 AM;Feb 4, 2023 6:00 AM;45,448.50;46,154.25;705.75;35,354.75
Feb 4, 2023 6:00 AM;Feb 4, 2023 7:00 AM;46,591.75;47,333.50;741.75;38,396.25
Feb 4, 2023 7:00 AM;Feb 4, 2023 8:00 AM;49,107.25;49,442.00;334.75;42,236.25
Feb 4, 2023 8:00 AM;Feb 4, 2023 9:00 AM;52,004.50;52,137.75;133.25;45,053.00
Feb 4, 2023 9:00 AM;Feb 4, 2023 10:00 AM;54,707.50;55,216.00;508.50;44,700.00
Feb 4, 2023 10:00 AM;Feb 4, 2023 11:00 AM;56,277.00;56,572.00;295.00;43,310.75
Feb 4, 2023 11:00 AM;Feb 4, 2023 12:00 PM;57,269.25;57,887.75;618.50;42,346.75
Feb 4, 2023 12:00 PM;Feb 4, 2023 1:00 PM;56,865.50;57,884.00;1,018.50;40,680.00
Feb 4, 2023 1:00 PM;Feb 4, 2023 2:00 PM;55,529.25;56,569.25;1,040.00;39,532.75
Feb 4, 2023 2:00 PM;Feb 4, 2023 3:00 PM;53,706.25;54,460.75;754.50;39,802.75
Feb 4, 2023 3:00 PM;Feb 4, 2023 4:00 PM;53,132.50;53,580.25;447.75;43,527.00
Feb 4, 2023 4:00 PM;Feb 4, 2023 5:00 PM;52,761.75;52,980.50;218.75;47,693.25
Feb 4, 2023 5:00 PM;Feb 4, 2023 6:00 PM;55,798.25;55,862.00;63.75;52,302.00
Feb 4, 2023 6:00 PM;Feb 4, 2023 7:00 PM;57,761.00;57,841.25;80.25;53,753.75
Feb 4, 2023 7:00 PM;Feb 4, 2023 8:00 PM;56,052.00;56,127.75;75.75;51,218.25
Feb 4, 2023 8:00 PM;Feb 4, 2023 9:00 PM;52,871.50;53,014.50;143.00;46,997.50
Feb 4, 2023 9:00 PM;Feb 4, 2023 10:00 PM;50,547.25;50,844.75;297.50;43,327.75
Feb 4, 2023 10:00 PM;Feb 4, 2023 11:00 PM;49,341.50;49,590.25;248.75;41,417.25
Feb 4, 2023 11:00 PM;Feb 5, 2023 12:00 AM;46,961.50;47,267.25;305.75;38,474.25
Feb 5, 2023 12:00 AM;Feb 5, 2023 1:00 AM;44,112.00;44,738.75;626.75;34,805.75
Feb 5, 2023 1:00 AM;Feb 5, 2023 2:00 AM;42,699.75;43,443.25;743.50;32,932.75
Feb 5, 2023 2:00 AM;Feb 5, 2023 3:00 AM;41,704.50;42,886.25;1,181.75;32,113.50
Feb 5, 2023 3:00 AM;Feb 5, 2023 4:00 AM;41,622.75;44,844.25;3,221.50;32,477.50
Feb 5, 2023 4:00 AM;Feb 5, 2023 5:00 AM;41,808.00;46,686.00;4,878.00;32,556.75
Feb 5, 2023 5:00 AM;Feb 5, 2023 6:00 AM;41,696.00;47,166.25;5,470.25;32,004.00
Feb 5, 2023 6:00 AM;Feb 5, 2023 7:00 AM;41,968.75;46,613.75;4,645.00;31,670.75
Feb 5, 2023 7:00 AM;Feb 5, 2023 8:00 AM;43,368.00;47,321.25;3,953.25;32,906.25
Feb 5, 2023 8:00 AM;Feb 5, 2023 9:00 AM;46,506.00;47,422.25;916.25;33,905.50
Feb 5, 2023 9:00 AM;Feb 5, 2023 10:00 AM;49,595.75;51,359.25;1,763.50;32,494.50
Feb 5, 2023 10:00 AM;Feb 5, 2023 11:00 AM;52,765.75;55,858.75;3,093.00;33,336.50
Feb 5, 2023 11:00 AM;Feb 5, 2023 12:00 PM;55,256.00;57,781.50;2,525.50;34,782.25
Feb 5, 2023 12:00 PM;Feb 5, 2023 1:00 PM;55,403.75;58,566.75;3,163.00;34,549.25
Feb 5, 2023 1:00 PM;Feb 5, 2023 2:00 PM;54,169.00;60,323.50;6,154.50;33,802.75
Feb 5, 2023 2:00 PM;Feb 5, 2023 3:00 PM;53,050.75;58,426.00;5,375.25;34,592.50
Feb 5, 2023 3:00 PM;Feb 5, 2023 4:00 PM;51,960.00;54,220.25;2,260.25;35,799.50
Feb 5, 2023 4:00 PM;Feb 5, 2023 5:00 PM;51,874.75;52,713.75;839.00;38,480.00
Feb 5, 2023 5:00 PM;Feb 5, 2023 6:00 PM;54,620.50;54,739.75;119.25;41,284.50
Feb 5, 2023 6:00 PM;Feb 5, 2023 7:00 PM;57,098.00;57,201.50;103.50;43,572.25
Feb 5, 2023 7:00 PM;Feb 5, 2023 8:00 PM;55,845.00;55,910.50;65.50;42,280.50
Feb 5, 2023 8:00 PM;Feb 5, 2023 9:00 PM;53,354.50;53,474.25;119.75;39,969.75
Feb 5, 2023 9:00 PM;Feb 5, 2023 10:00 PM;51,741.50;52,329.00;587.50;39,224.75
Feb 5, 2023 10:00 PM;Feb 5, 2023 11:00 PM;51,287.25;51,704.50;417.25;40,589.75
Feb 5, 2023 11:00 PM;Feb 6, 2023 12:00 AM;48,584.75;49,010.25;425.50;39,593.00
Feb 6, 2023 12:00 AM;Feb 6, 2023 1:00 AM;45,821.00;47,104.00;1,283.00;37,731.75
Feb 6, 2023 1:00 AM;Feb 6, 2023 2:00 AM;44,849.00;46,045.50;1,196.50;37,933.00
Feb 6, 2023 2:00 AM;Feb 6, 2023 3:00 AM;44,965.25;47,010.00;2,044.75;38,829.75
Feb 6, 2023 3:00 AM;Feb 6, 2023 4:00 AM;45,875.75;49,079.50;3,203.75;39,825.50
Feb 6, 2023 4:00 AM;Feb 6, 2023 5:00 AM;47,145.75;50,886.25;3,740.50;41,429.25
Feb 6, 2023 5:00 AM;Feb 6, 2023 6:00 AM;50,185.50;51,600.75;1,415.25;45,014.00
Feb 6, 2023 6:00 AM;Feb 6, 2023 7:00 AM;57,527.25;57,978.25;451.00;52,461.25
Feb 6, 2023 7:00 AM;Feb 6, 2023 8:00 AM;63,027.00;63,028.00;1.00;58,264.25
Feb 6, 2023 8:00 AM;Feb 6, 2023 9:00 AM;65,810.00;65,813.75;3.75;60,069.25
Feb 6, 2023 9:00 AM;Feb 6, 2023 10:00 AM;66,195.75;66,256.75;61.00;58,265.00
Feb 6, 2023 10:00 AM;Feb 6, 2023 11:00 AM;66,622.50;66,630.50;8.00;56,723.50
Feb 6, 2023 11:00 AM;Feb 6, 2023 12:00 PM;67,024.25;67,041.25;17.00;56,009.00
Feb 6, 2023 12:00 PM;Feb 6, 2023 1:00 PM;66,776.25;66,835.75;59.50;55,352.00
Feb 6, 2023 1:00 PM;Feb 6, 2023 2:00 PM;65,965.50;66,263.50;298.00;54,714.00
Feb 6, 2023 2:00 PM;Feb 6, 2023 3:00 PM;65,475.75;66,195.50;719.75;55,286.25
Feb 6, 2023 3:00 PM;Feb 6, 2023 4:00 PM;64,379.00;65,035.00;656.00;56,521.50
Feb 6, 2023 4:00 PM;Feb 6, 2023 5:00 PM;63,561.50;64,031.75;470.25;58,508.00
Feb 6, 2023 5:00 PM;Feb 6, 2023 6:00 PM;65,661.00;65,872.00;211.00;61,491.00
Feb 6, 2023 6:00 PM;Feb 6, 2023 7:00 PM;67,274.25;67,420.50;146.25;62,636.00
Feb 6, 2023 7:00 PM;Feb 6, 2023 8:00 PM;65,802.00;65,825.25;23.25;60,779.00
Feb 6, 2023 8:00 PM;Feb 6, 2023 9:00 PM;61,973.25;62,044.25;71.00;56,321.75
Feb 6, 2023 9:00 PM;Feb 6, 2023 10:00 PM;58,107.50;58,358.00;250.50;51,749.75
Feb 6, 2023 10:00 PM;Feb 6, 2023 11:00 PM;55,494.75;55,859.75;365.00;48,796.50
Feb 6, 2023 11:00 PM;Feb 7, 2023 12:00 AM;52,771.75;54,176.50;1,404.75;45,328.25
Feb 7, 2023 12:00 AM;Feb 7, 2023 1:00 AM;49,887.75;53,962.50;4,074.75;41,179.00
Feb 7, 2023 1:00 AM;Feb 7, 2023 2:00 AM;48,610.75;53,751.50;5,140.75;38,983.00
Feb 7, 2023 2:00 AM;Feb 7, 2023 3:00 AM;48,410.75;54,084.50;5,673.75;38,411.00
Feb 7, 2023 3:00 AM;Feb 7, 2023 4:00 AM;49,302.75;55,484.25;6,181.50;39,978.50
Feb 7, 2023 4:00 AM;Feb 7, 2023 5:00 AM;49,888.75;54,733.25;4,844.50;41,662.50
Feb 7, 2023 5:00 AM;Feb 7, 2023 6:00 AM;52,968.75;54,680.50;1,711.75;45,978.25
Feb 7, 2023 6:00 AM;Feb 7, 2023 7:00 AM;59,906.25;60,274.75;368.50;53,278.00
Feb 7, 2023 7:00 AM;Feb 7, 2023 8:00 AM;64,835.00;64,837.75;2.75;57,998.00
Feb 7, 2023 8:00 AM;Feb 7, 2023 9:00 AM;66,489.00;66,533.25;44.25;57,638.75
Feb 7, 2023 9:00 AM;Feb 7, 2023 10:00 AM;66,268.00;66,326.50;58.50;51,940.00
Feb 7, 2023 10:00 AM;Feb 7, 2023 11:00 AM;66,672.75;66,916.25;243.50;46,339.00
Feb 7, 2023 11:00 AM;Feb 7, 2023 12:00 PM;67,292.25;68,499.75;1,207.50;42,857.50
Feb 7, 2023 12:00 PM;Feb 7, 2023 1:00 PM;67,263.00;71,502.75;4,239.75;40,454.25
Feb 7, 2023 1:00 PM;Feb 7, 2023 2:00 PM;66,439.25;71,379.50;4,940.25;40,176.75
Feb 7, 2023 2:00 PM;Feb 7, 2023 3:00 PM;65,036.50;68,697.50;3,661.00;43,178.00
Feb 7, 2023 3:00 PM;Feb 7, 2023 4:00 PM;63,411.00;64,895.00;1,484.00;49,095.25
Feb 7, 2023 4:00 PM;Feb 7, 2023 5:00 PM;62,732.25;63,219.00;486.75;56,529.50
Feb 7, 2023 5:00 PM;Feb 7, 2023 6:00 PM;65,082.25;65,268.00;185.75;61,707.75
Feb 7, 2023 6:00 PM;Feb 7, 2023 7:00 PM;67,113.50;67,272.25;158.75;63,047.50
Feb 7, 2023 7:00 PM;Feb 7, 2023 8:00 PM;65,789.25;65,798.50;9.25;61,110.00
Feb 7, 2023 8:00 PM;Feb 7, 2023 9:00 PM;62,556.50;62,659.00;102.50;57,104.75
Feb 7, 2023 9:00 PM;Feb 7, 2023 10:00 PM;59,205.25;59,327.00;121.75;53,095.00
Feb 7, 2023 10:00 PM;Feb 7, 2023 11:00 PM;56,644.75;56,885.75;241.00;50,322.50
Feb 7, 2023 11:00 PM;Feb 8, 2023 12:00 AM;53,332.00;53,827.00;495.00;47,205.00
Feb 8, 2023 12:00 AM;Feb 8, 2023 1:00 AM;50,679.25;50,968.00;288.75;44,506.75
Feb 8, 2023 1:00 AM;Feb 8, 2023 2:00 AM;49,014.50;49,525.25;510.75;43,138.50
Feb 8, 2023 2:00 AM;Feb 8, 2023 3:00 AM;48,221.00;49,256.00;1,035.00;42,417.50
Feb 8, 2023 3:00 AM;Feb 8, 2023 4:00 AM;48,390.25;50,973.50;2,583.25;42,421.50
Feb 8, 2023 4:00 AM;Feb 8, 2023 5:00 AM;49,691.50;51,510.25;1,818.75;43,140.75
Feb 8, 2023 5:00 AM;Feb 8, 2023 6:00 AM;52,873.00;53,800.00;927.00;45,196.50
Feb 8, 2023 6:00 AM;Feb 8, 2023 7:00 AM;59,739.25;60,154.50;415.25;50,869.25
Feb 8, 2023 7:00 AM;Feb 8, 2023 8:00 AM;64,988.75;65,037.75;49.00;55,318.50
Feb 8, 2023 8:00 AM;Feb 8, 2023 9:00 AM;67,384.75;67,510.75;126.00;54,047.50
Feb 8, 2023 9:00 AM;Feb 8, 2023 10:00 AM;67,894.25;68,456.25;562.00;47,384.00
Feb 8, 2023 10:00 AM;Feb 8, 2023 11:00 AM;68,205.75;69,533.50;1,327.75;41,321.00
Feb 8, 2023 11:00 AM;Feb 8, 2023 12:00 PM;68,384.25;70,414.50;2,030.25;37,080.50
Feb 8, 2023 12:00 PM;Feb 8, 2023 1:00 PM;67,598.25;72,241.50;4,643.25;34,797.50
Feb 8, 2023 1:00 PM;Feb 8, 2023 2:00 PM;66,933.75;71,598.75;4,665.00;34,980.50
Feb 8, 2023 2:00 PM;Feb 8, 2023 3:00 PM;64,962.25;67,724.50;2,762.25;37,264.75
Feb 8, 2023 3:00 PM;Feb 8, 2023 4:00 PM;63,567.50;64,651.75;1,084.25;42,739.25
Feb 8, 2023 4:00 PM;Feb 8, 2023 5:00 PM;63,261.50;63,791.25;529.75;49,080.25
Feb 8, 2023 5:00 PM;Feb 8, 2023 6:00 PM;66,167.50;66,346.75;179.25;51,454.25
Feb 8, 2023 6:00 PM;Feb 8, 2023 7:00 PM;68,921.25;69,182.75;261.50;48,697.25
Feb 8, 2023 7:00 PM;Feb 8, 2023 8:00 PM;68,771.00;69,219.75;448.75;45,640.25
Feb 8, 2023 8:00 PM;Feb 8, 2023 9:00 PM;65,198.75;65,407.75;209.00;41,191.25
Feb 8, 2023 9:00 PM;Feb 8, 2023 10:00 PM;61,652.50;62,247.25;594.75;37,510.50
Feb 8, 2023 10:00 PM;Feb 8, 2023 11:00 PM;58,488.00;58,931.50;443.50;35,673.75
Feb 8, 2023 11:00 PM;Feb 9, 2023 12:00 AM;54,673.50;56,229.50;1,556.00;33,389.25
Feb 9, 2023 12:00 AM;Feb 9, 2023 1:00 AM;53,768.50;57,972.00;4,203.50;31,927.00
Feb 9, 2023 1:00 AM;Feb 9, 2023 2:00 AM;52,452.25;57,433.50;4,981.25;30,384.00
Feb 9, 2023 2:00 AM;Feb 9, 2023 3:00 AM;51,512.25;56,751.75;5,239.50;28,880.75
Feb 9, 2023 3:00 AM;Feb 9, 2023 4:00 AM;51,462.00;56,038.75;4,576.75;29,507.75
Feb 9, 2023 4:00 AM;Feb 9, 2023 5:00 AM;52,377.50;56,057.50;3,680.00;29,997.00
Feb 9, 2023 5:00 AM;Feb 9, 2023 6:00 AM;55,377.00;57,819.25;2,442.25;32,807.50
Feb 9, 2023 6:00 AM;Feb 9, 2023 7:00 AM;62,298.50;63,222.75;924.25;39,370.25
Feb 9, 2023 7:00 AM;Feb 9, 2023 8:00 AM;67,737.00;67,912.25;175.25;44,980.75
Feb 9, 2023 8:00 AM;Feb 9, 2023 9:00 AM;69,331.25;69,477.00;145.75;44,138.25
Feb 9, 2023 9:00 AM;Feb 9, 2023 10:00 AM;69,727.25;70,496.75;769.50;39,565.00
Feb 9, 2023 10:00 AM;Feb 9, 2023 11:00 AM;70,251.75;72,186.25;1,934.50;34,927.75
Feb 9, 2023 11:00 AM;Feb 9, 2023 12:00 PM;70,155.25;72,887.75;2,732.50;32,721.00
Feb 9, 2023 12:00 PM;Feb 9, 2023 1:00 PM;69,343.25;73,364.50;4,021.25;31,713.25
Feb 9, 2023 1:00 PM;Feb 9, 2023 2:00 PM;67,860.75;70,540.75;2,680.00;32,884.50
Feb 9, 2023 2:00 PM;Feb 9, 2023 3:00 PM;65,627.75;67,009.25;1,381.50;36,377.00
Feb 9, 2023 3:00 PM;Feb 9, 2023 4:00 PM;64,342.00;64,725.50;383.50;41,465.25
Feb 9, 2023 4:00 PM;Feb 9, 2023 5:00 PM;64,408.75;64,583.50;174.75;47,268.00
Feb 9, 2023 5:00 PM;Feb 9, 2023 6:00 PM;67,030.75;67,118.00;87.25;50,528.50
Feb 9, 2023 6:00 PM;Feb 9, 2023 7:00 PM;69,336.50;69,398.25;61.75;50,239.00
Feb 9, 2023 7:00 PM;Feb 9, 2023 8:00 PM;68,047.50;68,132.75;85.25;47,630.25
Feb 9, 2023 8:00 PM;Feb 9, 2023 9:00 PM;64,982.75;65,269.50;286.75;43,992.00
Feb 9, 2023 9:00 PM;Feb 9, 2023 10:00 PM;61,230.50;61,772.00;541.50;39,861.00
Feb 9, 2023 10:00 PM;Feb 9, 2023 11:00 PM;58,164.00;59,233.25;1,069.25;37,710.25
Feb 9, 2023 11:00 PM;Feb 10, 2023 12:00 AM;54,882.75;57,311.00;2,428.25;35,253.50
Feb 10, 2023 12:00 AM;Feb 10, 2023 1:00 AM;52,975.75;55,773.75;2,798.00;33,262.75
Feb 10, 2023 1:00 AM;Feb 10, 2023 2:00 AM;50,916.75;53,585.75;2,669.00;31,597.75
Feb 10, 2023 2:00 AM;Feb 10, 2023 3:00 AM;50,254.50;53,196.50;2,942.00;31,754.25
Feb 10, 2023 3:00 AM;Feb 10, 2023 4:00 AM;50,540.00;53,262.75;2,722.75;32,251.25
Feb 10, 2023 4:00 AM;Feb 10, 2023 5:00 AM;52,193.00;54,439.75;2,246.75;34,095.00
Feb 10, 2023 5:00 AM;Feb 10, 2023 6:00 AM;54,207.50;55,397.75;1,190.25;36,214.25
Feb 10, 2023 6:00 AM;Feb 10, 2023 7:00 AM;60,719.75;60,976.25;256.50;43,162.75
Feb 10, 2023 7:00 AM;Feb 10, 2023 8:00 AM;66,197.25;66,290.50;93.25;48,861.75
Feb 10, 2023 8:00 AM;Feb 10, 2023 9:00 AM;69,000.75;69,092.75;92.00;49,393.50
Feb 10, 2023 9:00 AM;Feb 10, 2023 10:00 AM;69,437.25;69,551.75;114.50;45,346.00
Feb 10, 2023 10:00 AM;Feb 10, 2023 11:00 AM;69,795.50;70,030.75;235.25;41,403.50
Feb 10, 2023 11:00 AM;Feb 10, 2023 12:00 PM;69,023.75;69,814.75;791.00;36,188.75
Feb 10, 2023 12:00 PM;Feb 10, 2023 1:00 PM;67,912.50;69,701.25;1,788.75;32,377.50
Feb 10, 2023 1:00 PM;Feb 10, 2023 2:00 PM;66,368.75;68,841.00;2,472.25;30,358.00
Feb 10, 2023 2:00 PM;Feb 10, 2023 3:00 PM;64,468.25;67,100.25;2,632.00;30,885.00
Feb 10, 2023 3:00 PM;Feb 10, 2023 4:00 PM;63,237.75;64,252.00;1,014.25;34,384.25
Feb 10, 2023 4:00 PM;Feb 10, 2023 5:00 PM;63,088.50;63,503.75;415.25;39,230.50
Feb 10, 2023 5:00 PM;Feb 10, 2023 6:00 PM;65,663.00;65,738.25;75.25;42,095.50
Feb 10, 2023 6:00 PM;Feb 10, 2023 7:00 PM;67,233.00;67,350.00;117.00;40,055.00
Feb 10, 2023 7:00 PM;Feb 10, 2023 8:00 PM;65,628.25;66,133.75;505.50;35,570.75
Feb 10, 2023 8:00 PM;Feb 10, 2023 9:00 PM;61,913.50;62,507.50;594.00;30,579.25
Feb 10, 2023 9:00 PM;Feb 10, 2023 10:00 PM;59,117.00;59,765.00;648.00;27,049.75
Feb 10, 2023 10:00 PM;Feb 10, 2023 11:00 PM;56,721.50;57,734.00;1,012.50;24,342.75
Feb 10, 2023 11:00 PM;Feb 11, 2023 12:00 AM;53,724.00;56,516.00;2,792.00;21,698.50
Feb 11, 2023 12:00 AM;Feb 11, 2023 1:00 AM;50,947.75;54,717.00;3,769.25;18,269.00
Feb 11, 2023 1:00 AM;Feb 11, 2023 2:00 AM;49,206.50;54,046.00;4,839.50;16,567.25
Feb 11, 2023 2:00 AM;Feb 11, 2023 3:00 AM;48,404.75;53,413.25;5,008.50;16,485.25
Feb 11, 2023 3:00 AM;Feb 11, 2023 4:00 AM;47,986.25;52,288.50;4,302.25;17,102.25
Feb 11, 2023 4:00 AM;Feb 11, 2023 5:00 AM;48,032.25;53,262.50;5,230.25;17,731.75
Feb 11, 2023 5:00 AM;Feb 11, 2023 6:00 AM;47,428.00;52,556.50;5,128.50;17,472.00
Feb 11, 2023 6:00 AM;Feb 11, 2023 7:00 AM;48,342.00;53,205.00;4,863.00;17,994.75
Feb 11, 2023 7:00 AM;Feb 11, 2023 8:00 AM;51,050.00;53,515.75;2,465.75;20,176.00
Feb 11, 2023 8:00 AM;Feb 11, 2023 9:00 AM;54,456.25;55,251.25;795.00;22,819.50
Feb 11, 2023 9:00 AM;Feb 11, 2023 10:00 AM;56,617.50;56,814.75;197.25;23,303.50
Feb 11, 2023 10:00 AM;Feb 11, 2023 11:00 AM;58,420.50;59,009.25;588.75;22,802.50
Feb 11, 2023 11:00 AM;Feb 11, 2023 12:00 PM;59,948.50;62,485.75;2,537.25;21,984.25
Feb 11, 2023 12:00 PM;Feb 11, 2023 1:00 PM;59,187.75;61,722.50;2,534.75;21,348.75
Feb 11, 2023 1:00 PM;Feb 11, 2023 2:00 PM;57,610.00;60,640.25;3,030.25;21,081.75
Feb 11, 2023 2:00 PM;Feb 11, 2023 3:00 PM;56,321.50;58,978.00;2,656.50;23,142.00
Feb 11, 2023 3:00 PM;Feb 11, 2023 4:00 PM;55,207.75;56,351.75;1,144.00;26,832.00
Feb 11, 2023 4:00 PM;Feb 11, 2023 5:00 PM;55,208.75;55,595.00;386.25;30,942.50
Feb 11, 2023 5:00 PM;Feb 11, 2023 6:00 PM;57,909.75;58,166.50;256.75;36,505.00
Feb 11, 2023 6:00 PM;Feb 11, 2023 7:00 PM;59,958.75;60,229.25;270.50;39,936.50
Feb 11, 2023 7:00 PM;Feb 11, 2023 8:00 PM;57,328.00;57,577.00;249.00;39,208.25
Feb 11, 2023 8:00 PM;Feb 11, 2023 9:00 PM;53,509.00;54,034.50;525.50;37,705.75
Feb 11, 2023 9:00 PM;Feb 11, 2023 10:00 PM;50,833.25;51,230.75;397.50;36,868.75
Feb 11, 2023 10:00 PM;Feb 11, 2023 11:00 PM;49,078.00;49,798.00;720.00;36,498.25
Feb 11, 2023 11:00 PM;Feb 12, 2023 12:00 AM;46,151.25;46,495.75;344.50;35,109.25
Feb 12, 2023 12:00 AM;Feb 12, 2023 1:00 AM;43,682.00;43,880.50;198.50;34,255.25
Feb 12, 2023 1:00 AM;Feb 12, 2023 2:00 AM;41,826.75;42,214.00;387.25;33,725.50
Feb 12, 2023 2:00 AM;Feb 12, 2023 3:00 AM;40,786.75;41,156.50;369.75;33,605.25
Feb 12, 2023 3:00 AM;Feb 12, 2023 4:00 AM;40,265.25;41,038.75;773.50;34,001.00
Feb 12, 2023 4:00 AM;Feb 12, 2023 5:00 AM;40,296.75;41,556.00;1,259.25;34,905.00
Feb 12, 2023 5:00 AM;Feb 12, 2023 6:00 AM;40,491.50;41,228.75;737.25;36,009.50
Feb 12, 2023 6:00 AM;Feb 12, 2023 7:00 AM;40,655.50;41,264.00;608.50;36,736.25
Feb 12, 2023 7:00 AM;Feb 12, 2023 8:00 AM;42,457.00;42,732.00;275.00;38,830.50
Feb 12, 2023 8:00 AM;Feb 12, 2023 9:00 AM;45,746.75;45,780.50;33.75;41,311.00
Feb 12, 2023 9:00 AM;Feb 12, 2023 10:00 AM;49,142.00;49,238.50;96.50;42,489.75
Feb 12, 2023 10:00 AM;Feb 12, 2023 11:00 AM;51,619.50;51,826.50;207.00;42,322.75
Feb 12, 2023 11:00 AM;Feb 12, 2023 12:00 PM;53,579.00;53,800.00;221.00;41,808.25
Feb 12, 2023 12:00 PM;Feb 12, 2023 1:00 PM;53,619.00;54,421.75;802.75;40,222.25
Feb 12, 2023 1:00 PM;Feb 12, 2023 2:00 PM;51,923.50;54,448.50;2,525.00;37,751.25
Feb 12, 2023 2:00 PM;Feb 12, 2023 3:00 PM;50,368.00;52,624.00;2,256.00;37,212.00
Feb 12, 2023 3:00 PM;Feb 12, 2023 4:00 PM;49,586.25;50,440.75;854.50;39,037.00
Feb 12, 2023 4:00 PM;Feb 12, 2023 5:00 PM;50,152.75;50,539.00;386.25;43,290.00
Feb 12, 2023 5:00 PM;Feb 12, 2023 6:00 PM;52,682.50;52,881.00;198.50;47,715.75
Feb 12, 2023 6:00 PM;Feb 12, 2023 7:00 PM;55,696.50;55,745.00;48.50;50,299.50
Feb 12, 2023 7:00 PM;Feb 12, 2023 8:00 PM;54,477.75;54,500.75;23.00;48,364.75
Feb 12, 2023 8:00 PM;Feb 12, 2023 9:00 PM;51,817.00;52,021.00;204.00;45,352.25
Feb 12, 2023 9:00 PM;Feb 12, 2023 10:00 PM;50,217.25;50,328.75;111.50;43,743.25
Feb 12, 2023 10:00 PM;Feb 12, 2023 11:00 PM;49,534.75;49,647.50;112.75;43,104.00
Feb 12, 2023 11:00 PM;Feb 13, 2023 12:00 AM;46,957.75;47,489.00;531.25;40,298.75
Feb 13, 2023 12:00 AM;Feb 13, 2023 1:00 AM;45,029.00;46,241.25;1,212.25;38,267.50
Feb 13, 2023 1:00 AM;Feb 13, 2023 2:00 AM;43,572.50;46,367.50;2,795.00;36,845.00
Feb 13, 2023 2:00 AM;Feb 13, 2023 3:00 AM;43,067.25;48,683.75;5,616.50;36,473.00
Feb 13, 2023 3:00 AM;Feb 13, 2023 4:00 AM;43,688.00;49,843.25;6,155.25;37,223.50
Feb 13, 2023 4:00 AM;Feb 13, 2023 5:00 AM;45,328.75;50,713.00;5,384.25;39,007.00
Feb 13, 2023 5:00 AM;Feb 13, 2023 6:00 AM;48,865.75;50,587.00;1,721.25;42,754.25
Feb 13, 2023 6:00 AM;Feb 13, 2023 7:00 AM;56,894.25;57,585.25;691.00;51,091.75
Feb 13, 2023 7:00 AM;Feb 13, 2023 8:00 AM;62,655.75;62,710.50;54.75;57,143.25
Feb 13, 2023 8:00 AM;Feb 13, 2023 9:00 AM;65,414.00;65,494.25;80.25;59,068.50
Feb 13, 2023 9:00 AM;Feb 13, 2023 10:00 AM;65,714.75;65,726.25;11.50;56,897.50
Feb 13, 2023 10:00 AM;Feb 13, 2023 11:00 AM;65,987.50;66,004.50;17.00;54,372.75
Feb 13, 2023 11:00 AM;Feb 13, 2023 12:00 PM;66,529.25;66,783.75;254.50;52,162.25
Feb 13, 2023 12:00 PM;Feb 13, 2023 1:00 PM;65,788.50;66,927.75;1,139.25;49,442.75
Feb 13, 2023 1:00 PM;Feb 13, 2023 2:00 PM;64,539.50;66,952.50;2,413.00;47,638.75
Feb 13, 2023 2:00 PM;Feb 13, 2023 3:00 PM;63,373.50;64,967.75;1,594.25;48,013.50
Feb 13, 2023 3:00 PM;Feb 13, 2023 4:00 PM;62,437.25;62,964.25;527.00;51,107.75
Feb 13, 2023 4:00 PM;Feb 13, 2023 5:00 PM;61,555.00;62,011.75;456.75;55,582.25
Feb 13, 2023 5:00 PM;Feb 13, 2023 6:00 PM;63,523.00;63,733.25;210.25;60,439.75
Feb 13, 2023 6:00 PM;Feb 13, 2023 7:00 PM;65,995.25;66,078.75;83.50;62,665.50
Feb 13, 2023 7:00 PM;Feb 13, 2023 8:00 PM;64,523.00;64,535.00;12.00;60,751.25
Feb 13, 2023 8:00 PM;Feb 13, 2023 9:00 PM;60,621.75;60,762.25;140.50;56,672.00
Feb 13, 2023 9:00 PM;Feb 13, 2023 10:00 PM;57,108.50;57,265.50;157.00;53,333.25
Feb 13, 2023 10:00 PM;Feb 13, 2023 11:00 PM;54,306.00;54,725.25;419.25;50,920.50
Feb 13, 2023 11:00 PM;Feb 14, 2023 12:00 AM;50,945.25;51,908.25;963.00;48,046.50
Feb 14, 2023 12:00 AM;Feb 14, 2023 1:00 AM;47,763.75;49,148.75;1,385.00;45,122.75
Feb 14, 2023 1:00 AM;Feb 14, 2023 2:00 AM;46,387.25;49,205.75;2,818.50;43,630.75
Feb 14, 2023 2:00 AM;Feb 14, 2023 3:00 AM;45,763.00;48,956.50;3,193.50;42,529.75
Feb 14, 2023 3:00 AM;Feb 14, 2023 4:00 AM;46,403.75;50,514.25;4,110.50;42,523.00
Feb 14, 2023 4:00 AM;Feb 14, 2023 5:00 AM;47,759.50;51,130.00;3,370.50;43,551.75
Feb 14, 2023 5:00 AM;Feb 14, 2023 6:00 AM;50,466.00;51,352.00;886.00;45,955.50
Feb 14, 2023 6:00 AM;Feb 14, 2023 7:00 AM;57,498.25;57,766.75;268.50;52,897.00
Feb 14, 2023 7:00 AM;Feb 14, 2023 8:00 AM;62,761.25;62,832.75;71.50;58,089.75
Feb 14, 2023 8:00 AM;Feb 14, 2023 9:00 AM;64,957.50;64,998.75;41.25;58,880.75
Feb 14, 2023 9:00 AM;Feb 14, 2023 10:00 AM;65,017.00;65,301.00;284.00;55,589.25
Feb 14, 2023 10:00 AM;Feb 14, 2023 11:00 AM;65,459.50;65,772.00;312.50;52,793.75
Feb 14, 2023 11:00 AM;Feb 14, 2023 12:00 PM;65,568.75;65,756.25;187.50;50,418.25
Feb 14, 2023 12:00 PM;Feb 14, 2023 1:00 PM;64,340.75;66,512.00;2,171.25;47,599.75
Feb 14, 2023 1:00 PM;Feb 14, 2023 2:00 PM;63,423.00;66,290.25;2,867.25;46,613.25
Feb 14, 2023 2:00 PM;Feb 14, 2023 3:00 PM;62,164.50;65,124.75;2,960.25;47,248.00
Feb 14, 2023 3:00 PM;Feb 14, 2023 4:00 PM;60,923.75;62,243.75;1,320.00;50,266.25
Feb 14, 2023 4:00 PM;Feb 14, 2023 5:00 PM;60,661.50;61,087.25;425.75;55,403.50
Feb 14, 2023 5:00 PM;Feb 14, 2023 6:00 PM;62,932.25;63,113.50;181.25;60,160.50
Feb 14, 2023 6:00 PM;Feb 14, 2023 7:00 PM;65,627.50;65,676.00;48.50;61,759.75
Feb 14, 2023 7:00 PM;Feb 14, 2023 8:00 PM;64,634.75;64,722.75;88.00;59,830.25
Feb 14, 2023 8:00 PM;Feb 14, 2023 9:00 PM;61,209.50;61,280.00;70.50;56,049.75
Feb 14, 2023 9:00 PM;Feb 14, 2023 10:00 PM;57,573.50;57,916.25;342.75;52,622.75
Feb 14, 2023 10:00 PM;Feb 14, 2023 11:00 PM;54,456.00;54,701.50;245.50;49,810.75
Feb 14, 2023 11:00 PM;Feb 15, 2023 12:00 AM;51,145.25;51,391.25;246.00;46,945.00
Feb 15, 2023 12:00 AM;Feb 15, 2023 1:00 AM;48,176.25;48,609.25;433.00;44,375.75
Feb 15, 2023 1:00 AM;Feb 15, 2023 2:00 AM;46,847.00;47,307.75;460.75;43,540.50
Feb 15, 2023 2:00 AM;Feb 15, 2023 3:00 AM;46,263.50;46,843.25;579.75;43,204.25
Feb 15, 2023 3:00 AM;Feb 15, 2023 4:00 AM;46,567.75;47,181.50;613.75;43,674.75
Feb 15, 2023 4:00 AM;Feb 15, 2023 5:00 AM;47,949.50;48,675.25;725.75;45,199.00
Feb 15, 2023 5:00 AM;Feb 15, 2023 6:00 AM;51,209.00;51,493.75;284.75;48,343.25
Feb 15, 2023 6:00 AM;Feb 15, 2023 7:00 AM;58,220.50;58,384.75;164.25;55,091.50
Feb 15, 2023 7:00 AM;Feb 15, 2023 8:00 AM;63,350.75;63,435.75;85.00;59,548.00
Feb 15, 2023 8:00 AM;Feb 15, 2023 9:00 AM;65,801.75;65,854.50;52.75;58,955.25
Feb 15, 2023 9:00 AM;Feb 15, 2023 10:00 AM;66,001.75;66,174.50;172.75;54,274.25
Feb 15, 2023 10:00 AM;Feb 15, 2023 11:00 AM;66,172.50;66,271.25;98.75;50,022.25
Feb 15, 2023 11:00 AM;Feb 15, 2023 12:00 PM;66,128.50;66,274.25;145.75;46,709.25
Feb 15, 2023 12:00 PM;Feb 15, 2023 1:00 PM;65,221.75;66,720.50;1,498.75;43,992.75
Feb 15, 2023 1:00 PM;Feb 15, 2023 2:00 PM;63,928.00;65,277.75;1,349.75;42,736.00
Feb 15, 2023 2:00 PM;Feb 15, 2023 3:00 PM;62,393.75;64,399.25;2,005.50;43,696.00
Feb 15, 2023 3:00 PM;Feb 15, 2023 4:00 PM;61,420.75;62,241.00;820.25;47,778.50
Feb 15, 2023 4:00 PM;Feb 15, 2023 5:00 PM;61,142.00;61,507.50;365.50;52,799.75
Feb 15, 2023 5:00 PM;Feb 15, 2023 6:00 PM;63,342.25;63,467.75;125.50;56,626.00
Feb 15, 2023 6:00 PM;Feb 15, 2023 7:00 PM;65,770.75;66,060.75;290.00;56,445.50
Feb 15, 2023 7:00 PM;Feb 15, 2023 8:00 PM;64,844.50;65,017.50;173.00;52,747.50
Feb 15, 2023 8:00 PM;Feb 15, 2023 9:00 PM;61,578.75;62,603.00;1,024.25;47,568.75
Feb 15, 2023 9:00 PM;Feb 15, 2023 10:00 PM;58,446.75;59,682.25;1,235.50;42,561.50
Feb 15, 2023 10:00 PM;Feb 15, 2023 11:00 PM;55,874.25;57,692.25;1,818.00;38,602.75
Feb 15, 2023 11:00 PM;Feb 16, 2023 12:00 AM;52,693.00;55,509.00;2,816.00;34,003.25
Feb 16, 2023 12:00 AM;Feb 16, 2023 1:00 AM;49,707.75;53,354.25;3,646.50;29,900.25
Feb 16, 2023 1:00 AM;Feb 16, 2023 2:00 AM;48,012.25;51,795.75;3,783.50;27,663.25
Feb 16, 2023 2:00 AM;Feb 16, 2023 3:00 AM;47,463.25;51,707.50;4,244.25;27,973.50
Feb 16, 2023 3:00 AM;Feb 16, 2023 4:00 AM;47,555.75;51,546.00;3,990.25;28,803.25
Feb 16, 2023 4:00 AM;Feb 16, 2023 5:00 AM;48,928.75;52,182.75;3,254.00;31,138.50
Feb 16, 2023 5:00 AM;Feb 16, 2023 6:00 AM;52,299.00;53,449.50;1,150.50;34,588.50
Feb 16, 2023 6:00 AM;Feb 16, 2023 7:00 AM;58,934.50;59,413.00;478.50;41,359.00
Feb 16, 2023 7:00 AM;Feb 16, 2023 8:00 AM;64,175.25;64,192.75;17.50;46,243.75
Feb 16, 2023 8:00 AM;Feb 16, 2023 9:00 AM;66,014.00;66,036.75;22.75;45,264.25
Feb 16, 2023 9:00 AM;Feb 16, 2023 10:00 AM;66,364.50;67,092.50;728.00;40,652.25
Feb 16, 2023 10:00 AM;Feb 16, 2023 11:00 AM;66,363.50;66,704.25;340.75;37,593.50
Feb 16, 2023 11:00 AM;Feb 16, 2023 12:00 PM;66,038.75;67,332.50;1,293.75;35,273.50
Feb 16, 2023 12:00 PM;Feb 16, 2023 1:00 PM;65,562.25;66,669.50;1,107.25;34,552.25
Feb 16, 2023 1:00 PM;Feb 16, 2023 2:00 PM;65,052.75;65,585.25;532.50;35,861.00
Feb 16, 2023 2:00 PM;Feb 16, 2023 3:00 PM;63,492.00;64,023.25;531.25;38,564.75
Feb 16, 2023 3:00 PM;Feb 16, 2023 4:00 PM;62,459.00;62,588.25;129.25;42,706.75
Feb 16, 2023 4:00 PM;Feb 16, 2023 5:00 PM;62,529.25;62,854.75;325.50;46,807.75
Feb 16, 2023 5:00 PM;Feb 16, 2023 6:00 PM;64,518.00;64,689.00;171.00;47,959.00
Feb 16, 2023 6:00 PM;Feb 16, 2023 7:00 PM;66,546.50;66,888.50;342.00;46,749.75
Feb 16, 2023 7:00 PM;Feb 16, 2023 8:00 PM;65,523.50;65,964.50;441.00;42,699.75
Feb 16, 2023 8:00 PM;Feb 16, 2023 9:00 PM;62,348.00;62,835.50;487.50;37,360.25
Feb 16, 2023 9:00 PM;Feb 16, 2023 10:00 PM;58,803.25;59,100.75;297.50;31,617.50
Feb 16, 2023 10:00 PM;Feb 16, 2023 11:00 PM;55,900.00;56,376.75;476.75;27,601.50
Feb 16, 2023 11:00 PM;Feb 17, 2023 12:00 AM;52,053.75;52,724.00;670.25;22,645.75
Feb 17, 2023 12:00 AM;Feb 17, 2023 1:00 AM;48,675.50;49,728.25;1,052.75;18,472.25
Feb 17, 2023 1:00 AM;Feb 17, 2023 2:00 AM;46,651.50;48,210.00;1,558.50;15,204.75
Feb 17, 2023 2:00 AM;Feb 17, 2023 3:00 AM;45,739.75;48,404.75;2,665.00;14,052.50
Feb 17, 2023 3:00 AM;Feb 17, 2023 4:00 AM;46,023.00;50,765.75;4,742.75;13,430.75
Feb 17, 2023 4:00 AM;Feb 17, 2023 5:00 AM;47,764.25;52,773.75;5,009.50;13,731.50
Feb 17, 2023 5:00 AM;Feb 17, 2023 6:00 AM;50,986.75;54,206.75;3,220.00;15,796.25
Feb 17, 2023 6:00 AM;Feb 17, 2023 7:00 AM;57,448.50;58,235.75;787.25;21,211.00
Feb 17, 2023 7:00 AM;Feb 17, 2023 8:00 AM;62,740.25;62,799.50;59.25;24,342.75
Feb 17, 2023 8:00 AM;Feb 17, 2023 9:00 AM;66,105.75;66,306.25;200.50;25,464.50
Feb 17, 2023 9:00 AM;Feb 17, 2023 10:00 AM;66,828.75;67,128.75;300.00;22,611.75
Feb 17, 2023 10:00 AM;Feb 17, 2023 11:00 AM;67,967.00;68,468.25;501.25;20,038.75
Feb 17, 2023 11:00 AM;Feb 17, 2023 12:00 PM;69,081.75;70,365.50;1,283.75;18,126.00
Feb 17, 2023 12:00 PM;Feb 17, 2023 1:00 PM;68,215.00;70,368.50;2,153.50;16,061.00
Feb 17, 2023 1:00 PM;Feb 17, 2023 2:00 PM;67,312.25;70,232.00;2,919.75;15,111.50
Feb 17, 2023 2:00 PM;Feb 17, 2023 3:00 PM;65,500.75;69,050.75;3,550.00;14,456.00
Feb 17, 2023 3:00 PM;Feb 17, 2023 4:00 PM;64,505.75;67,515.25;3,009.50;14,235.50
Feb 17, 2023 4:00 PM;Feb 17, 2023 5:00 PM;64,099.00;66,234.00;2,135.00;16,016.00
Feb 17, 2023 5:00 PM;Feb 17, 2023 6:00 PM;65,425.00;66,722.25;1,297.25;18,297.75
Feb 17, 2023 6:00 PM;Feb 17, 2023 7:00 PM;67,093.50;67,676.25;582.75;20,668.75
Feb 17, 2023 7:00 PM;Feb 17, 2023 8:00 PM;64,553.25;65,020.50;467.25;18,965.25
Feb 17, 2023 8:00 PM;Feb 17, 2023 9:00 PM;60,552.50;62,293.50;1,741.00;16,209.50
Feb 17, 2023 9:00 PM;Feb 17, 2023 10:00 PM;57,160.00;60,144.50;2,984.50;14,083.75
Feb 17, 2023 10:00 PM;Feb 17, 2023 11:00 PM;54,120.50;57,466.75;3,346.25;13,286.00
Feb 17, 2023 11:00 PM;Feb 18, 2023 12:00 AM;50,682.25;54,952.25;4,270.00;11,448.50
Feb 18, 2023 12:00 AM;Feb 18, 2023 1:00 AM;47,890.25;50,995.00;3,104.75;8,470.50
Feb 18, 2023 1:00 AM;Feb 18, 2023 2:00 AM;46,165.00;49,334.75;3,169.75;8,822.25
Feb 18, 2023 2:00 AM;Feb 18, 2023 3:00 AM;44,856.50;48,396.75;3,540.25;9,367.25
Feb 18, 2023 3:00 AM;Feb 18, 2023 4:00 AM;43,848.75;47,184.00;3,335.25;9,273.00
Feb 18, 2023 4:00 AM;Feb 18, 2023 5:00 AM;43,761.00;46,604.50;2,843.50;10,779.75
Feb 18, 2023 5:00 AM;Feb 18, 2023 6:00 AM;44,402.50;46,533.00;2,130.50;13,252.00
Feb 18, 2023 6:00 AM;Feb 18, 2023 7:00 AM;45,634.50;46,068.75;434.25;15,802.75
Feb 18, 2023 7:00 AM;Feb 18, 2023 8:00 AM;48,246.75;48,733.00;486.25;19,001.75
Feb 18, 2023 8:00 AM;Feb 18, 2023 9:00 AM;51,930.00;52,240.50;310.50;21,337.75
Feb 18, 2023 9:00 AM;Feb 18, 2023 10:00 AM;55,377.00;56,515.25;1,138.25;19,607.50
Feb 18, 2023 10:00 AM;Feb 18, 2023 11:00 AM;56,806.75;57,795.00;988.25;16,570.00
Feb 18, 2023 11:00 AM;Feb 18, 2023 12:00 PM;57,947.00;59,348.25;1,401.25;14,660.00
Feb 18, 2023 12:00 PM;Feb 18, 2023 1:00 PM;57,419.75;58,791.25;1,371.50;11,550.25
Feb 18, 2023 1:00 PM;Feb 18, 2023 2:00 PM;55,794.50;58,307.00;2,512.50;10,977.50
Feb 18, 2023 2:00 PM;Feb 18, 2023 3:00 PM;54,011.50;55,418.25;1,406.75;11,137.25
Feb 18, 2023 3:00 PM;Feb 18, 2023 4:00 PM;53,352.25;53,859.25;507.00;13,827.50
Feb 18, 2023 4:00 PM;Feb 18, 2023 5:00 PM;53,545.75;54,257.75;712.00;17,963.00
Feb 18, 2023 5:00 PM;Feb 18, 2023 6:00 PM;56,230.00;56,722.00;492.00;23,742.50
Feb 18, 2023 6:00 PM;Feb 18, 2023 7:00 PM;58,478.25;58,800.00;321.75;28,059.75
Feb 18, 2023 7:00 PM;Feb 18, 2023 8:00 PM;56,524.25;56,672.75;148.50;27,988.50
Feb 18, 2023 8:00 PM;Feb 18, 2023 9:00 PM;52,842.50;53,050.00;207.50;26,843.25
Feb 18, 2023 9:00 PM;Feb 18, 2023 10:00 PM;49,991.25;50,389.25;398.00;26,934.00
Feb 18, 2023 10:00 PM;Feb 18, 2023 11:00 PM;48,277.75;48,371.50;93.75;28,024.50
Feb 18, 2023 11:00 PM;Feb 19, 2023 12:00 AM;44,973.00;45,054.50;81.50;26,474.75
Feb 19, 2023 12:00 AM;Feb 19, 2023 1:00 AM;42,070.00;42,373.00;303.00;24,217.75
Feb 19, 2023 1:00 AM;Feb 19, 2023 2:00 AM;39,756.75;40,112.75;356.00;21,384.75
Feb 19, 2023 2:00 AM;Feb 19, 2023 3:00 AM;39,132.00;39,606.00;474.00;20,012.00
Feb 19, 2023 3:00 AM;Feb 19, 2023 4:00 AM;39,353.00;40,384.00;1,031.00;19,335.50
Feb 19, 2023 4:00 AM;Feb 19, 2023 5:00 AM;39,627.00;42,539.75;2,912.75;18,769.75
Feb 19, 2023 5:00 AM;Feb 19, 2023 6:00 AM;39,874.00;41,778.25;1,904.25;18,628.00
Feb 19, 2023 6:00 AM;Feb 19, 2023 7:00 AM;40,536.75;42,607.25;2,070.50;19,152.75
Feb 19, 2023 7:00 AM;Feb 19, 2023 8:00 AM;42,185.75;43,197.75;1,012.00;21,889.00
Feb 19, 2023 8:00 AM;Feb 19, 2023 9:00 AM;45,461.25;45,704.50;243.25;25,475.00
Feb 19, 2023 9:00 AM;Feb 19, 2023 10:00 AM;48,722.50;48,813.75;91.25;28,033.50
Feb 19, 2023 10:00 AM;Feb 19, 2023 11:00 AM;51,320.75;51,421.50;100.75;28,132.25
Feb 19, 2023 11:00 AM;Feb 19, 2023 12:00 PM;53,142.75;53,779.25;636.50;26,690.25
Feb 19, 2023 12:00 PM;Feb 19, 2023 1:00 PM;52,384.75;53,165.75;781.00;24,181.50
Feb 19, 2023 1:00 PM;Feb 19, 2023 2:00 PM;50,716.75;52,457.50;1,740.75;23,102.25
Feb 19, 2023 2:00 PM;Feb 19, 2023 3:00 PM;49,359.75;50,337.25;977.50;23,677.25
Feb 19, 2023 3:00 PM;Feb 19, 2023 4:00 PM;48,848.25;49,271.25;423.00;27,199.75
Feb 19, 2023 4:00 PM;Feb 19, 2023 5:00 PM;48,625.50;48,829.75;204.25;31,479.25
Feb 19, 2023 5:00 PM;Feb 19, 2023 6:00 PM;51,166.50;51,336.50;170.00;34,869.25
Feb 19, 2023 6:00 PM;Feb 19, 2023 7:00 PM;54,627.50;54,738.25;110.75;36,672.75
Feb 19, 2023 7:00 PM;Feb 19, 2023 8:00 PM;53,492.25;53,535.50;43.25;34,044.00
Feb 19, 2023 8:00 PM;Feb 19, 2023 9:00 PM;51,337.00;51,393.50;56.50;29,563.50
Feb 19, 2023 9:00 PM;Feb 19, 2023 10:00 PM;49,926.75;50,067.00;140.25;27,099.75
Feb 19, 2023 10:00 PM;Feb 19, 2023 11:00 PM;49,287.50;49,419.25;131.75;25,526.75
Feb 19, 2023 11:00 PM;Feb 20, 2023 12:00 AM;46,267.75;46,755.00;487.25;20,498.25
Feb 20, 2023 12:00 AM;Feb 20, 2023 1:00 AM;44,534.50;46,101.75;1,567.25;16,992.75
Feb 20, 2023 1:00 AM;Feb 20, 2023 2:00 AM;42,912.25;44,832.50;1,920.25;14,156.75
Feb 20, 2023 2:00 AM;Feb 20, 2023 3:00 AM;42,961.75;46,532.00;3,570.25;11,738.50
Feb 20, 2023 3:00 AM;Feb 20, 2023 4:00 AM;43,841.00;48,356.50;4,515.50;10,092.00
Feb 20, 2023 4:00 AM;Feb 20, 2023 5:00 AM;45,699.25;50,098.00;4,398.75;10,336.75
Feb 20, 2023 5:00 AM;Feb 20, 2023 6:00 AM;49,198.00;52,297.00;3,099.00;12,246.00
Feb 20, 2023 6:00 AM;Feb 20, 2023 7:00 AM;55,629.00;56,107.00;478.00;17,033.50
Feb 20, 2023 7:00 AM;Feb 20, 2023 8:00 AM;59,979.25;60,283.50;304.25;20,103.50
Feb 20, 2023 8:00 AM;Feb 20, 2023 9:00 AM;62,619.25;63,182.00;562.75;19,159.25
Feb 20, 2023 9:00 AM;Feb 20, 2023 10:00 AM;63,596.75;66,280.50;2,683.75;14,451.25
Feb 20, 2023 10:00 AM;Feb 20, 2023 11:00 AM;64,837.00;68,344.25;3,507.25;9,911.75
Feb 20, 2023 11:00 AM;Feb 20, 2023 12:00 PM;65,934.50;70,414.50;4,480.00;7,482.00
Feb 20, 2023 12:00 PM;Feb 20, 2023 1:00 PM;65,465.75;69,954.50;4,488.75;6,321.25
Feb 20, 2023 1:00 PM;Feb 20, 2023 2:00 PM;63,966.00;68,379.00;4,413.00;5,815.00
Feb 20, 2023 2:00 PM;Feb 20, 2023 3:00 PM;62,665.75;66,709.75;4,044.00;7,175.00
Feb 20, 2023 3:00 PM;Feb 20, 2023 4:00 PM;60,934.75;64,409.25;3,474.50;8,010.25
Feb 20, 2023 4:00 PM;Feb 20, 2023 5:00 PM;60,440.75;63,209.25;2,768.50;13,451.75
Feb 20, 2023 5:00 PM;Feb 20, 2023 6:00 PM;62,671.25;63,127.50;456.25;21,809.75
Feb 20, 2023 6:00 PM;Feb 20, 2023 7:00 PM;64,745.00;65,033.00;288.00;25,534.25
Feb 20, 2023 7:00 PM;Feb 20, 2023 8:00 PM;63,512.25;63,729.50;217.25;25,191.75
Feb 20, 2023 8:00 PM;Feb 20, 2023 9:00 PM;60,076.50;60,545.75;469.25;21,925.25
Feb 20, 2023 9:00 PM;Feb 20, 2023 10:00 PM;56,625.75;57,228.50;602.75;19,379.50
Feb 20, 2023 10:00 PM;Feb 20, 2023 11:00 PM;53,989.75;54,548.50;558.75;18,359.50
Feb 20, 2023 11:00 PM;Feb 21, 2023 12:00 AM;51,018.25;53,140.50;2,122.25;16,014.50
Feb 21, 2023 12:00 AM;Feb 21, 2023 1:00 AM;48,480.75;52,796.00;4,315.25;14,212.75
Feb 21, 2023 1:00 AM;Feb 21, 2023 2:00 AM;46,951.50;51,839.00;4,887.50;13,390.75
Feb 21, 2023 2:00 AM;Feb 21, 2023 3:00 AM;46,220.75;50,767.50;4,546.75;13,950.75
Feb 21, 2023 3:00 AM;Feb 21, 2023 4:00 AM;46,580.50;50,597.00;4,016.50;15,554.75
Feb 21, 2023 4:00 AM;Feb 21, 2023 5:00 AM;48,459.50;51,296.75;2,837.25;19,039.75
Feb 21, 2023 5:00 AM;Feb 21, 2023 6:00 AM;51,468.50;52,446.00;977.50;22,472.25
Feb 21, 2023 6:00 AM;Feb 21, 2023 7:00 AM;58,291.75;58,802.25;510.50;29,646.50
Feb 21, 2023 7:00 AM;Feb 21, 2023 8:00 AM;62,376.00;62,472.75;96.75;35,357.00
Feb 21, 2023 8:00 AM;Feb 21, 2023 9:00 AM;64,452.25;64,523.50;71.25;35,866.00
Feb 21, 2023 9:00 AM;Feb 21, 2023 10:00 AM;65,366.25;65,660.00;293.75;34,172.00
Feb 21, 2023 10:00 AM;Feb 21, 2023 11:00 AM;65,726.00;66,221.00;495.00;32,908.50
Feb 21, 2023 11:00 AM;Feb 21, 2023 12:00 PM;65,923.50;66,746.25;822.75;31,795.50
Feb 21, 2023 12:00 PM;Feb 21, 2023 1:00 PM;65,357.50;66,959.00;1,601.50;31,050.75
Feb 21, 2023 1:00 PM;Feb 21, 2023 2:00 PM;63,850.00;65,314.50;1,464.50;31,336.00
Feb 21, 2023 2:00 PM;Feb 21, 2023 3:00 PM;62,459.25;63,690.75;1,231.50;34,822.75
Feb 21, 2023 3:00 PM;Feb 21, 2023 4:00 PM;61,052.00;61,562.50;510.50;40,287.00
Feb 21, 2023 4:00 PM;Feb 21, 2023 5:00 PM;60,174.50;60,464.75;290.25;47,578.25
Feb 21, 2023 5:00 PM;Feb 21, 2023 6:00 PM;61,611.75;61,742.50;130.75;54,799.75
Feb 21, 2023 6:00 PM;Feb 21, 2023 7:00 PM;63,935.25;64,021.00;85.75;58,737.50
Feb 21, 2023 7:00 PM;Feb 21, 2023 8:00 PM;62,796.50;62,825.50;29.00;58,290.75
Feb 21, 2023 8:00 PM;Feb 21, 2023 9:00 PM;59,057.50;59,101.50;44.00;55,343.25
Feb 21, 2023 9:00 PM;Feb 21, 2023 10:00 PM;55,464.00;55,533.75;69.75;52,860.75
Feb 21, 2023 10:00 PM;Feb 21, 2023 11:00 PM;52,509.50;52,707.75;198.25;50,354.25
Feb 21, 2023 11:00 PM;Feb 22, 2023 12:00 AM;48,750.50;49,056.50;306.00;46,882.50
Feb 22, 2023 12:00 AM;Feb 22, 2023 1:00 AM;46,068.25;46,874.00;805.75;44,073.00
Feb 22, 2023 1:00 AM;Feb 22, 2023 2:00 AM;44,634.25;45,940.00;1,305.75;42,528.50
Feb 22, 2023 2:00 AM;Feb 22, 2023 3:00 AM;43,824.00;45,898.25;2,074.25;41,469.75
Feb 22, 2023 3:00 AM;Feb 22, 2023 4:00 AM;44,386.00;47,885.00;3,499.00;41,593.00
Feb 22, 2023 4:00 AM;Feb 22, 2023 5:00 AM;46,067.75;48,784.00;2,716.25;42,728.50
Feb 22, 2023 5:00 AM;Feb 22, 2023 6:00 AM;49,408.50;50,661.50;1,253.00;45,801.50
Feb 22, 2023 6:00 AM;Feb 22, 2023 7:00 AM;56,441.00;56,909.00;468.00;52,288.00
Feb 22, 2023 7:00 AM;Feb 22, 2023 8:00 AM;61,464.25;61,579.25;115.00;56,193.25
Feb 22, 2023 8:00 AM;Feb 22, 2023 9:00 AM;63,401.00;63,536.25;135.25;53,787.75
Feb 22, 2023 9:00 AM;Feb 22, 2023 10:00 AM;63,906.75;64,398.00;491.25;48,535.50
Feb 22, 2023 10:00 AM;Feb 22, 2023 11:00 AM;64,593.00;64,946.25;353.25;44,552.50
Feb 22, 2023 11:00 AM;Feb 22, 2023 12:00 PM;64,889.00;65,292.50;403.50;41,133.50
Feb 22, 2023 12:00 PM;Feb 22, 2023 1:00 PM;64,105.50;64,960.25;854.75;39,098.75
Feb 22, 2023 1:00 PM;Feb 22, 2023 2:00 PM;62,720.25;63,680.00;959.75;39,076.00
Feb 22, 2023 2:00 PM;Feb 22, 2023 3:00 PM;61,307.75;62,114.50;806.75;41,251.75
Feb 22, 2023 3:00 PM;Feb 22, 2023 4:00 PM;60,640.25;61,132.25;492.00;45,820.25
Feb 22, 2023 4:00 PM;Feb 22, 2023 5:00 PM;60,573.00;60,995.00;422.00;50,576.25
Feb 22, 2023 5:00 PM;Feb 22, 2023 6:00 PM;62,548.00;62,727.50;179.50;53,982.25
Feb 22, 2023 6:00 PM;Feb 22, 2023 7:00 PM;65,684.50;65,800.75;116.25;55,846.00
Feb 22, 2023 7:00 PM;Feb 22, 2023 8:00 PM;64,363.75;64,628.50;264.75;53,388.50
Feb 22, 2023 8:00 PM;Feb 22, 2023 9:00 PM;60,697.00;60,911.75;214.75;49,601.00
Feb 22, 2023 9:00 PM;Feb 22, 2023 10:00 PM;57,068.50;57,373.50;305.00;46,548.00
Feb 22, 2023 10:00 PM;Feb 22, 2023 11:00 PM;53,978.00;54,228.75;250.75;44,222.25
Feb 22, 2023 11:00 PM;Feb 23, 2023 12:00 AM;50,584.25;51,277.00;692.75;41,697.75
Feb 23, 2023 12:00 AM;Feb 23, 2023 1:00 AM;47,229.00;47,774.50;545.50;39,081.50
Feb 23, 2023 1:00 AM;Feb 23, 2023 2:00 AM;45,559.50;46,932.75;1,373.25;38,324.50
Feb 23, 2023 2:00 AM;Feb 23, 2023 3:00 AM;44,730.25;46,068.25;1,338.00;38,444.25
Feb 23, 2023 3:00 AM;Feb 23, 2023 4:00 AM;44,974.00;47,371.50;2,397.50;39,508.75
Feb 23, 2023 4:00 AM;Feb 23, 2023 5:00 AM;45,908.25;48,405.00;2,496.75;41,003.75
Feb 23, 2023 5:00 AM;Feb 23, 2023 6:00 AM;49,340.75;49,979.25;638.50;44,768.00
Feb 23, 2023 6:00 AM;Feb 23, 2023 7:00 AM;56,102.75;56,357.00;254.25;51,850.75
Feb 23, 2023 7:00 AM;Feb 23, 2023 8:00 AM;61,230.50;61,236.50;6.00;57,024.50
Feb 23, 2023 8:00 AM;Feb 23, 2023 9:00 AM;63,587.25;63,590.25;3.00;57,670.00
Feb 23, 2023 9:00 AM;Feb 23, 2023 10:00 AM;64,220.25;64,232.75;12.50;55,122.50
Feb 23, 2023 10:00 AM;Feb 23, 2023 11:00 AM;64,975.00;64,989.50;14.50;53,067.50
Feb 23, 2023 11:00 AM;Feb 23, 2023 12:00 PM;65,896.75;65,950.50;53.75;51,225.00
Feb 23, 2023 12:00 PM;Feb 23, 2023 1:00 PM;64,958.50;64,991.00;32.50;49,264.50
Feb 23, 2023 1:00 PM;Feb 23, 2023 2:00 PM;64,189.00;64,280.00;91.00;48,358.00
Feb 23, 2023 2:00 PM;Feb 23, 2023 3:00 PM;62,882.75;62,903.25;20.50;47,531.25
Feb 23, 2023 3:00 PM;Feb 23, 2023 4:00 PM;62,163.75;62,228.25;64.50;47,292.50
Feb 23, 2023 4:00 PM;Feb 23, 2023 5:00 PM;62,127.00;62,399.25;272.25;48,747.25
Feb 23, 2023 5:00 PM;Feb 23, 2023 6:00 PM;63,473.25;63,652.25;179.00;51,537.25
Feb 23, 2023 6:00 PM;Feb 23, 2023 7:00 PM;65,345.00;65,355.50;10.50;53,805.50
Feb 23, 2023 7:00 PM;Feb 23, 2023 8:00 PM;63,901.00;63,923.25;22.25;52,530.25
Feb 23, 2023 8:00 PM;Feb 23, 2023 9:00 PM;60,380.00;60,459.25;79.25;49,020.00
Feb 23, 2023 9:00 PM;Feb 23, 2023 10:00 PM;57,021.25;57,159.00;137.75;45,167.50
Feb 23, 2023 10:00 PM;Feb 23, 2023 11:00 PM;54,222.00;54,433.00;211.00;41,483.50
Feb 23, 2023 11:00 PM;Feb 24, 2023 12:00 AM;50,182.50;50,620.75;438.25;36,893.50
Feb 24, 2023 12:00 AM;Feb 24, 2023 1:00 AM;47,339.50;47,628.75;289.25;34,146.00
Feb 24, 2023 1:00 AM;Feb 24, 2023 2:00 AM;45,831.75;46,611.50;779.75;31,115.25
Feb 24, 2023 2:00 AM;Feb 24, 2023 3:00 AM;45,074.25;47,531.50;2,457.25;29,783.75
Feb 24, 2023 3:00 AM;Feb 24, 2023 4:00 AM;45,360.75;48,369.75;3,009.00;29,205.75
Feb 24, 2023 4:00 AM;Feb 24, 2023 5:00 AM;46,743.25;50,029.00;3,285.75;29,039.00
Feb 24, 2023 5:00 AM;Feb 24, 2023 6:00 AM;49,989.50;50,635.50;646.00;31,422.50
Feb 24, 2023 6:00 AM;Feb 24, 2023 7:00 AM;56,978.25;57,471.50;493.25;36,810.50
Feb 24, 2023 7:00 AM;Feb 24, 2023 8:00 AM;62,546.50;62,632.25;85.75;40,408.25
Feb 24, 2023 8:00 AM;Feb 24, 2023 9:00 AM;65,450.25;65,469.25;19.00;40,468.75
Feb 24, 2023 9:00 AM;Feb 24, 2023 10:00 AM;66,324.25;66,459.75;135.50;38,275.25
Feb 24, 2023 10:00 AM;Feb 24, 2023 11:00 AM;67,253.50;67,577.75;324.25;34,754.25
Feb 24, 2023 11:00 AM;Feb 24, 2023 12:00 PM;67,255.00;67,472.25;217.25;31,815.50
Feb 24, 2023 12:00 PM;Feb 24, 2023 1:00 PM;66,646.25;67,140.00;493.75;29,810.75
Feb 24, 2023 1:00 PM;Feb 24, 2023 2:00 PM;65,423.75;66,511.75;1,088.00;27,695.75
Feb 24, 2023 2:00 PM;Feb 24, 2023 3:00 PM;63,733.00;65,367.25;1,634.25;27,641.75
Feb 24, 2023 3:00 PM;Feb 24, 2023 4:00 PM;62,897.00;63,187.25;290.25;28,791.50
Feb 24, 2023 4:00 PM;Feb 24, 2023 5:00 PM;62,392.75;62,689.25;296.50;30,169.75
Feb 24, 2023 5:00 PM;Feb 24, 2023 6:00 PM;63,213.25;63,324.25;111.00;31,741.00
Feb 24, 2023 6:00 PM;Feb 24, 2023 7:00 PM;65,152.50;65,234.00;81.50;33,547.25
Feb 24, 2023 7:00 PM;Feb 24, 2023 8:00 PM;62,979.00;63,091.75;112.75;31,358.50
Feb 24, 2023 8:00 PM;Feb 24, 2023 9:00 PM;59,275.75;59,889.50;613.75;27,616.25
Feb 24, 2023 9:00 PM;Feb 24, 2023 10:00 PM;56,144.25;56,781.00;636.75;23,930.75
Feb 24, 2023 10:00 PM;Feb 24, 2023 11:00 PM;53,652.75;54,467.00;814.25;21,002.50
Feb 24, 2023 11:00 PM;Feb 25, 2023 12:00 AM;50,696.25;52,591.75;1,895.50;18,161.75
Feb 25, 2023 12:00 AM;Feb 25, 2023 1:00 AM;48,357.25;49,425.25;1,068.00;15,950.75
Feb 25, 2023 1:00 AM;Feb 25, 2023 2:00 AM;46,830.25;48,682.25;1,852.00;14,702.75
Feb 25, 2023 2:00 AM;Feb 25, 2023 3:00 AM;46,914.00;50,127.25;3,213.25;14,421.50
Feb 25, 2023 3:00 AM;Feb 25, 2023 4:00 AM;47,209.00;50,991.50;3,782.50;14,852.00
Feb 25, 2023 4:00 AM;Feb 25, 2023 5:00 AM;47,161.50;50,006.00;2,844.50;15,590.50
Feb 25, 2023 5:00 AM;Feb 25, 2023 6:00 AM;46,959.50;49,370.75;2,411.25;15,937.50
Feb 25, 2023 6:00 AM;Feb 25, 2023 7:00 AM;48,407.00;49,466.00;1,059.00;17,328.25
Feb 25, 2023 7:00 AM;Feb 25, 2023 8:00 AM;50,662.25;51,303.25;641.00;19,670.00
Feb 25, 2023 8:00 AM;Feb 25, 2023 9:00 AM;54,154.25;54,475.00;320.75;21,815.75
Feb 25, 2023 9:00 AM;Feb 25, 2023 10:00 AM;56,919.25;57,745.50;826.25;21,630.00
Feb 25, 2023 10:00 AM;Feb 25, 2023 11:00 AM;58,784.25;62,261.50;3,477.25;19,491.50
Feb 25, 2023 11:00 AM;Feb 25, 2023 12:00 PM;59,469.50;63,923.25;4,453.75;17,034.25
Feb 25, 2023 12:00 PM;Feb 25, 2023 1:00 PM;59,362.25;64,938.50;5,576.25;15,348.00
Feb 25, 2023 1:00 PM;Feb 25, 2023 2:00 PM;57,670.25;63,825.00;6,154.75;13,762.25
Feb 25, 2023 2:00 PM;Feb 25, 2023 3:00 PM;55,274.00;61,191.50;5,917.50;13,613.75
Feb 25, 2023 3:00 PM;Feb 25, 2023 4:00 PM;53,895.75;58,206.75;4,311.00;17,545.00
Feb 25, 2023 4:00 PM;Feb 25, 2023 5:00 PM;54,120.50;55,988.25;1,867.75;23,657.50
Feb 25, 2023 5:00 PM;Feb 25, 2023 6:00 PM;56,110.25;56,330.25;220.00;29,166.50
Feb 25, 2023 6:00 PM;Feb 25, 2023 7:00 PM;59,670.50;59,861.50;191.00;33,725.75
Feb 25, 2023 7:00 PM;Feb 25, 2023 8:00 PM;58,181.50;58,334.50;153.00;32,556.00
Feb 25, 2023 8:00 PM;Feb 25, 2023 9:00 PM;54,353.75;54,532.25;178.50;29,200.50
Feb 25, 2023 9:00 PM;Feb 25, 2023 10:00 PM;52,110.75;52,306.00;195.25;28,247.50
Feb 25, 2023 10:00 PM;Feb 25, 2023 11:00 PM;51,049.50;51,192.25;142.75;28,612.25
Feb 25, 2023 11:00 PM;Feb 26, 2023 12:00 AM;48,493.75;48,684.25;190.50;27,435.25
Feb 26, 2023 12:00 AM;Feb 26, 2023 1:00 AM;45,910.50;46,552.50;642.00;26,183.00
Feb 26, 2023 1:00 AM;Feb 26, 2023 2:00 AM;44,215.25;45,354.00;1,138.75;25,018.75
Feb 26, 2023 2:00 AM;Feb 26, 2023 3:00 AM;42,980.75;43,656.75;676.00;24,312.75
Feb 26, 2023 3:00 AM;Feb 26, 2023 4:00 AM;42,536.75;43,363.50;826.75;24,407.75
Feb 26, 2023 4:00 AM;Feb 26, 2023 5:00 AM;42,394.25;42,669.50;275.25;23,823.50
Feb 26, 2023 5:00 AM;Feb 26, 2023 6:00 AM;42,452.25;43,520.50;1,068.25;23,076.75
Feb 26, 2023 6:00 AM;Feb 26, 2023 7:00 AM;42,479.50;43,441.00;961.50;22,467.75
Feb 26, 2023 7:00 AM;Feb 26, 2023 8:00 AM;44,256.75;45,102.00;845.25;24,068.50
Feb 26, 2023 8:00 AM;Feb 26, 2023 9:00 AM;47,213.75;47,381.50;167.75;26,177.75
Feb 26, 2023 9:00 AM;Feb 26, 2023 10:00 AM;49,872.00;50,265.00;393.00;24,768.00
Feb 26, 2023 10:00 AM;Feb 26, 2023 11:00 AM;51,768.00;54,711.25;2,943.25;21,438.25
Feb 26, 2023 11:00 AM;Feb 26, 2023 12:00 PM;54,063.25;58,841.25;4,778.00;20,139.50
Feb 26, 2023 12:00 PM;Feb 26, 2023 1:00 PM;54,538.50;59,063.25;4,524.75;19,506.50
Feb 26, 2023 1:00 PM;Feb 26, 2023 2:00 PM;52,268.75;56,936.50;4,667.75;18,950.50
Feb 26, 2023 2:00 PM;Feb 26, 2023 3:00 PM;50,618.75;55,763.50;5,144.75;19,211.50
Feb 26, 2023 3:00 PM;Feb 26, 2023 4:00 PM;49,884.25;55,354.25;5,470.00;22,635.50
Feb 26, 2023 4:00 PM;Feb 26, 2023 5:00 PM;49,820.75;52,836.00;3,015.25;28,815.00
Feb 26, 2023 5:00 PM;Feb 26, 2023 6:00 PM;52,096.75;52,925.50;828.75;36,232.75
Feb 26, 2023 6:00 PM;Feb 26, 2023 7:00 PM;56,067.75;56,147.25;79.50;41,637.75
Feb 26, 2023 7:00 PM;Feb 26, 2023 8:00 PM;55,644.00;55,837.25;193.25;41,086.75
Feb 26, 2023 8:00 PM;Feb 26, 2023 9:00 PM;53,024.00;53,407.50;383.50;38,506.25
Feb 26, 2023 9:00 PM;Feb 26, 2023 10:00 PM;51,309.00;52,199.75;890.75;37,543.25
Feb 26, 2023 10:00 PM;Feb 26, 2023 11:00 PM;50,473.75;50,784.00;310.25;38,098.75
Feb 26, 2023 11:00 PM;Feb 27, 2023 12:00 AM;47,841.00;48,244.25;403.25;36,480.50
Feb 27, 2023 12:00 AM;Feb 27, 2023 1:00 AM;45,719.25;46,800.25;1,081.00;35,006.25
Feb 27, 2023 1:00 AM;Feb 27, 2023 2:00 AM;44,863.00;46,621.50;1,758.50;34,751.00
Feb 27, 2023 2:00 AM;Feb 27, 2023 3:00 AM;44,483.00;46,623.00;2,140.00;34,523.25
Feb 27, 2023 3:00 AM;Feb 27, 2023 4:00 AM;44,577.00;46,390.00;1,813.00;35,297.00
Feb 27, 2023 4:00 AM;Feb 27, 2023 5:00 AM;45,660.00;46,833.00;1,173.00;36,814.75
Feb 27, 2023 5:00 AM;Feb 27, 2023 6:00 AM;49,100.75;49,980.00;879.25;40,505.75
Feb 27, 2023 6:00 AM;Feb 27, 2023 7:00 AM;56,150.50;56,248.00;97.50;47,549.75
Feb 27, 2023 7:00 AM;Feb 27, 2023 8:00 AM;60,805.00;60,893.00;88.00;51,407.50
Feb 27, 2023 8:00 AM;Feb 27, 2023 9:00 AM;63,448.75;63,517.50;68.75;50,096.50
Feb 27, 2023 9:00 AM;Feb 27, 2023 10:00 AM;63,971.25;64,220.25;249.00;44,871.25
Feb 27, 2023 10:00 AM;Feb 27, 2023 11:00 AM;64,211.25;65,373.75;1,162.50;39,854.75
Feb 27, 2023 11:00 AM;Feb 27, 2023 12:00 PM;64,708.25;67,602.75;2,894.50;37,424.00
Feb 27, 2023 12:00 PM;Feb 27, 2023 1:00 PM;64,558.50;66,968.50;2,410.00;36,902.75
Feb 27, 2023 1:00 PM;Feb 27, 2023 2:00 PM;64,472.00;65,948.75;1,476.75;38,554.50
Feb 27, 2023 2:00 PM;Feb 27, 2023 3:00 PM;62,707.25;63,760.75;1,053.50;40,016.25
Feb 27, 2023 3:00 PM;Feb 27, 2023 4:00 PM;61,327.25;61,803.50;476.25;42,799.50
Feb 27, 2023 4:00 PM;Feb 27, 2023 5:00 PM;61,239.75;61,529.00;289.25;47,966.75
Feb 27, 2023 5:00 PM;Feb 27, 2023 6:00 PM;62,344.75;62,515.50;170.75;52,752.00
Feb 27, 2023 6:00 PM;Feb 27, 2023 7:00 PM;64,887.50;64,978.50;91.00;56,225.75
Feb 27, 2023 7:00 PM;Feb 27, 2023 8:00 PM;64,507.75;64,591.25;83.50;56,075.50
Feb 27, 2023 8:00 PM;Feb 27, 2023 9:00 PM;60,940.25;60,976.25;36.00;52,845.50
Feb 27, 2023 9:00 PM;Feb 27, 2023 10:00 PM;57,498.00;57,764.00;266.00;49,625.50
Feb 27, 2023 10:00 PM;Feb 27, 2023 11:00 PM;54,653.75;55,052.50;398.75;46,966.50
Feb 27, 2023 11:00 PM;Feb 28, 2023 12:00 AM;51,189.25;51,655.00;465.75;43,682.75
Feb 28, 2023 12:00 AM;Feb 28, 2023 1:00 AM;48,749.50;49,150.00;400.50;41,335.25
Feb 28, 2023 1:00 AM;Feb 28, 2023 2:00 AM;47,211.00;48,109.75;898.75;39,905.25
Feb 28, 2023 2:00 AM;Feb 28, 2023 3:00 AM;46,756.25;48,952.00;2,195.75;39,635.75
Feb 28, 2023 3:00 AM;Feb 28, 2023 4:00 AM;47,257.25;48,955.00;1,697.75;40,270.50
Feb 28, 2023 4:00 AM;Feb 28, 2023 5:00 AM;48,580.50;49,938.50;1,358.00;41,430.50
Feb 28, 2023 5:00 AM;Feb 28, 2023 6:00 AM;51,387.50;51,974.75;587.25;43,709.50
Feb 28, 2023 6:00 AM;Feb 28, 2023 7:00 AM;58,042.50;58,279.50;237.00;50,101.00
Feb 28, 2023 7:00 AM;Feb 28, 2023 8:00 AM;62,374.00;62,462.00;88.00;53,119.25
Feb 28, 2023 8:00 AM;Feb 28, 2023 9:00 AM;64,949.25;65,044.50;95.25;50,718.00
Feb 28, 2023 9:00 AM;Feb 28, 2023 10:00 AM;65,336.00;65,898.25;562.25;43,405.50
Feb 28, 2023 10:00 AM;Feb 28, 2023 11:00 AM;65,427.50;66,853.00;1,425.50;36,058.75
Feb 28, 2023 11:00 AM;Feb 28, 2023 12:00 PM;66,096.25;68,900.00;2,803.75;33,197.25
Feb 28, 2023 12:00 PM;Feb 28, 2023 1:00 PM;65,380.00;69,300.75;3,920.75;30,720.75
Feb 28, 2023 1:00 PM;Feb 28, 2023 2:00 PM;64,023.50;68,525.00;4,501.50;30,189.75
Feb 28, 2023 2:00 PM;Feb 28, 2023 3:00 PM;61,835.75;64,880.00;3,044.25;31,876.75
Feb 28, 2023 3:00 PM;Feb 28, 2023 4:00 PM;60,848.25;62,015.75;1,167.50;37,903.75
Feb 28, 2023 4:00 PM;Feb 28, 2023 5:00 PM;60,265.50;60,694.75;429.25;46,842.50
Feb 28, 2023 5:00 PM;Feb 28, 2023 6:00 PM;61,499.75;61,557.50;57.75;55,210.25
Feb 28, 2023 6:00 PM;Feb 28, 2023 7:00 PM;64,546.25;64,630.25;84.00;59,020.25
Feb 28, 2023 7:00 PM;Feb 28, 2023 8:00 PM;64,207.00;64,243.25;36.25;57,445.00
Feb 28, 2023 8:00 PM;Feb 28, 2023 9:00 PM;60,565.25;60,608.50;43.25;53,263.75
Feb 28, 2023 9:00 PM;Feb 28, 2023 10:00 PM;57,415.25;57,553.00;137.75;50,410.75
Feb 28, 2023 10:00 PM;Feb 28, 2023 11:00 PM;54,464.75;54,658.00;193.25;47,866.25
Feb 28, 2023 11:00 PM;Mar 1, 2023 12:00 AM;51,269.75;51,631.00;361.25;45,124.75
Mar 1, 2023 12:00 AM;Mar 1, 2023 1:00 AM;48,971.75;49,576.50;604.75;42,916.75
Mar 1, 2023 1:00 AM;Mar 1, 2023 2:00 AM;47,543.75;48,288.50;744.75;41,641.25
Mar 1, 2023 2:00 AM;Mar 1, 2023 3:00 AM;47,152.00;48,519.25;1,367.25;41,661.00
Mar 1, 2023 3:00 AM;Mar 1, 2023 4:00 AM;47,447.25;48,855.25;1,408.00;42,337.50
Mar 1, 2023 4:00 AM;Mar 1, 2023 5:00 AM;49,152.25;51,173.75;2,021.50;43,857.25
Mar 1, 2023 5:00 AM;Mar 1, 2023 6:00 AM;51,512.75;51,882.50;369.75;45,728.00
Mar 1, 2023 6:00 AM;Mar 1, 2023 7:00 AM;58,107.25;58,203.00;95.75;51,605.75
Mar 1, 2023 7:00 AM;Mar 1, 2023 8:00 AM;62,430.25;62,472.25;42.00;54,241.00
Mar 1, 2023 8:00 AM;Mar 1, 2023 9:00 AM;65,063.25;65,262.00;198.75;51,154.00
Mar 1, 2023 9:00 AM;Mar 1, 2023 10:00 AM;65,832.00;66,180.50;348.50;44,777.25
Mar 1, 2023 10:00 AM;Mar 1, 2023 11:00 AM;64,912.00;65,864.00;952.00;37,656.00
Mar 1, 2023 11:00 AM;Mar 1, 2023 12:00 PM;65,123.25;67,984.50;2,861.25;33,501.75
Mar 1, 2023 12:00 PM;Mar 1, 2023 1:00 PM;64,789.00;69,097.75;4,308.75;31,089.75
Mar 1, 2023 1:00 PM;Mar 1, 2023 2:00 PM;63,490.75;68,076.25;4,585.50;29,901.25
Mar 1, 2023 2:00 PM;Mar 1, 2023 3:00 PM;61,852.75;66,325.75;4,473.00;30,977.25
Mar 1, 2023 3:00 PM;Mar 1, 2023 4:00 PM;60,434.00;63,285.25;2,851.25;35,125.75
Mar 1, 2023 4:00 PM;Mar 1, 2023 5:00 PM;59,403.50;59,943.50;540.00;42,575.75
Mar 1, 2023 5:00 PM;Mar 1, 2023 6:00 PM;61,477.00;61,530.25;53.25;51,149.00
Mar 1, 2023 6:00 PM;Mar 1, 2023 7:00 PM;64,389.00;64,478.00;89.00;53,141.50
Mar 1, 2023 7:00 PM;Mar 1, 2023 8:00 PM;63,660.50;63,709.75;49.25;50,820.75
Mar 1, 2023 8:00 PM;Mar 1, 2023 9:00 PM;60,436.75;60,698.75;262.00;47,194.00
Mar 1, 2023 9:00 PM;Mar 1, 2023 10:00 PM;57,524.00;57,857.25;333.25;44,265.50
Mar 1, 2023 10:00 PM;Mar 1, 2023 11:00 PM;55,760.25;56,171.25;411.00;43,345.25
Mar 1, 2023 11:00 PM;Mar 2, 2023 12:00 AM;51,712.00;52,219.25;507.25;39,945.00
Mar 2, 2023 12:00 AM;Mar 2, 2023 1:00 AM;48,879.00;49,323.50;444.50;37,591.25
Mar 2, 2023 1:00 AM;Mar 2, 2023 2:00 AM;47,578.25;49,036.75;1,458.50;36,912.50
Mar 2, 2023 2:00 AM;Mar 2, 2023 3:00 AM;47,048.50;49,355.00;2,306.50;36,863.50
Mar 2, 2023 3:00 AM;Mar 2, 2023 4:00 AM;47,309.00;49,491.00;2,182.00;37,217.00
Mar 2, 2023 4:00 AM;Mar 2, 2023 5:00 AM;48,765.50;50,979.00;2,213.50;38,641.25
Mar 2, 2023 5:00 AM;Mar 2, 2023 6:00 AM;51,746.00;52,754.50;1,008.50;41,419.00
Mar 2, 2023 6:00 AM;Mar 2, 2023 7:00 AM;57,710.50;57,871.00;160.50;47,418.50
Mar 2, 2023 7:00 AM;Mar 2, 2023 8:00 AM;62,360.75;62,392.75;32.00;51,220.50
Mar 2, 2023 8:00 AM;Mar 2, 2023 9:00 AM;64,680.50;64,727.75;47.25;49,570.00
Mar 2, 2023 9:00 AM;Mar 2, 2023 10:00 AM;65,792.50;66,010.50;218.00;45,841.00
Mar 2, 2023 10:00 AM;Mar 2, 2023 11:00 AM;65,901.75;66,322.00;420.25;41,421.00
Mar 2, 2023 11:00 AM;Mar 2, 2023 12:00 PM;65,477.50;66,843.00;1,365.50;37,697.75
Mar 2, 2023 12:00 PM;Mar 2, 2023 1:00 PM;64,929.50;68,144.75;3,215.25;35,882.25
Mar 2, 2023 1:00 PM;Mar 2, 2023 2:00 PM;63,350.25;67,423.75;4,073.50;34,968.00
Mar 2, 2023 2:00 PM;Mar 2, 2023 3:00 PM;61,864.25;65,545.75;3,681.50;36,413.50
Mar 2, 2023 3:00 PM;Mar 2, 2023 4:00 PM;61,011.00;62,008.50;997.50;41,115.00
Mar 2, 2023 4:00 PM;Mar 2, 2023 5:00 PM;60,372.25;61,212.50;840.25;47,965.75
Mar 2, 2023 5:00 PM;Mar 2, 2023 6:00 PM;61,903.75;61,983.50;79.75;54,741.50
Mar 2, 2023 6:00 PM;Mar 2, 2023 7:00 PM;64,722.50;64,772.25;49.75;57,434.25
Mar 2, 2023 7:00 PM;Mar 2, 2023 8:00 PM;64,198.75;64,258.00;59.25;56,491.50
Mar 2, 2023 8:00 PM;Mar 2, 2023 9:00 PM;60,874.50;60,913.50;39.00;53,849.25
Mar 2, 2023 9:00 PM;Mar 2, 2023 10:00 PM;57,408.75;57,492.00;83.25;51,280.50
Mar 2, 2023 10:00 PM;Mar 2, 2023 11:00 PM;54,860.00;55,012.50;152.50;49,554.75
Mar 2, 2023 11:00 PM;Mar 3, 2023 12:00 AM;51,081.75;51,389.50;307.75;46,188.50
Mar 3, 2023 12:00 AM;Mar 3, 2023 1:00 AM;48,262.50;48,624.25;361.75;43,520.50
Mar 3, 2023 1:00 AM;Mar 3, 2023 2:00 AM;46,882.50;48,022.00;1,139.50;42,552.25
Mar 3, 2023 2:00 AM;Mar 3, 2023 3:00 AM;46,296.75;49,083.50;2,786.75;42,201.50
Mar 3, 2023 3:00 AM;Mar 3, 2023 4:00 AM;46,581.25;49,356.75;2,775.50;42,485.75
Mar 3, 2023 4:00 AM;Mar 3, 2023 5:00 AM;47,803.75;51,425.75;3,622.00;43,906.75
Mar 3, 2023 5:00 AM;Mar 3, 2023 6:00 AM;50,529.25;51,973.00;1,443.75;46,481.00
Mar 3, 2023 6:00 AM;Mar 3, 2023 7:00 AM;56,679.00;56,899.75;220.75;52,520.50
Mar 3, 2023 7:00 AM;Mar 3, 2023 8:00 AM;61,553.75;61,675.75;122.00;56,916.50
Mar 3, 2023 8:00 AM;Mar 3, 2023 9:00 AM;64,522.00;64,606.00;84.00;57,388.50
Mar 3, 2023 9:00 AM;Mar 3, 2023 10:00 AM;65,080.75;65,252.00;171.25;53,691.50
Mar 3, 2023 10:00 AM;Mar 3, 2023 11:00 AM;65,987.75;66,439.00;451.25;50,285.00
Mar 3, 2023 11:00 AM;Mar 3, 2023 12:00 PM;65,306.50;65,687.75;381.25;45,422.75
Mar 3, 2023 12:00 PM;Mar 3, 2023 1:00 PM;64,709.75;66,522.50;1,812.75;41,020.50
Mar 3, 2023 1:00 PM;Mar 3, 2023 2:00 PM;63,200.50;66,008.50;2,808.00;37,476.25
Mar 3, 2023 2:00 PM;Mar 3, 2023 3:00 PM;61,445.00;64,925.75;3,480.75;36,116.75
Mar 3, 2023 3:00 PM;Mar 3, 2023 4:00 PM;60,004.50;61,295.75;1,291.25;37,550.50
Mar 3, 2023 4:00 PM;Mar 3, 2023 5:00 PM;59,693.75;60,045.75;352.00;42,267.50
Mar 3, 2023 5:00 PM;Mar 3, 2023 6:00 PM;60,940.50;60,950.75;10.25;47,205.25
Mar 3, 2023 6:00 PM;Mar 3, 2023 7:00 PM;63,445.75;63,483.75;38.00;48,737.50
Mar 3, 2023 7:00 PM;Mar 3, 2023 8:00 PM;62,977.50;63,113.00;135.50;46,282.25
Mar 3, 2023 8:00 PM;Mar 3, 2023 9:00 PM;59,805.75;60,264.00;458.25;41,294.75
Mar 3, 2023 9:00 PM;Mar 3, 2023 10:00 PM;56,982.75;57,686.00;703.25;36,942.50
Mar 3, 2023 10:00 PM;Mar 3, 2023 11:00 PM;54,710.50;55,184.25;473.75;33,386.50
Mar 3, 2023 11:00 PM;Mar 4, 2023 12:00 AM;51,384.25;52,524.75;1,140.50;29,392.25
Mar 4, 2023 12:00 AM;Mar 4, 2023 1:00 AM;48,419.25;49,058.50;639.25;25,931.50
Mar 4, 2023 1:00 AM;Mar 4, 2023 2:00 AM;46,794.25;47,661.25;867.00;24,502.75
Mar 4, 2023 2:00 AM;Mar 4, 2023 3:00 AM;45,822.75;48,141.00;2,318.25;23,992.50
Mar 4, 2023 3:00 AM;Mar 4, 2023 4:00 AM;45,984.00;48,201.25;2,217.25;23,786.25
Mar 4, 2023 4:00 AM;Mar 4, 2023 5:00 AM;45,946.75;49,047.75;3,101.00;24,165.75
Mar 4, 2023 5:00 AM;Mar 4, 2023 6:00 AM;45,746.50;47,811.50;2,065.00;23,674.50
Mar 4, 2023 6:00 AM;Mar 4, 2023 7:00 AM;47,017.75;49,410.25;2,392.50;24,665.00
Mar 4, 2023 7:00 AM;Mar 4, 2023 8:00 AM;49,671.75;50,983.50;1,311.75;26,414.75
Mar 4, 2023 8:00 AM;Mar 4, 2023 9:00 AM;53,170.00;54,441.75;1,271.75;26,602.00
Mar 4, 2023 9:00 AM;Mar 4, 2023 10:00 AM;56,230.75;58,465.50;2,234.75;26,539.50
Mar 4, 2023 10:00 AM;Mar 4, 2023 11:00 AM;58,678.50;61,714.25;3,035.75;25,516.75
Mar 4, 2023 11:00 AM;Mar 4, 2023 12:00 PM;59,065.50;62,722.75;3,657.25;24,596.00
Mar 4, 2023 12:00 PM;Mar 4, 2023 1:00 PM;59,517.50;64,120.25;4,602.75;24,240.00
Mar 4, 2023 1:00 PM;Mar 4, 2023 2:00 PM;58,048.75;62,313.25;4,264.50;24,099.75
Mar 4, 2023 2:00 PM;Mar 4, 2023 3:00 PM;56,084.25;59,907.00;3,822.75;24,596.75
Mar 4, 2023 3:00 PM;Mar 4, 2023 4:00 PM;54,656.75;58,335.25;3,678.50;26,587.75
Mar 4, 2023 4:00 PM;Mar 4, 2023 5:00 PM;53,997.75;55,158.50;1,160.75;29,858.00
Mar 4, 2023 5:00 PM;Mar 4, 2023 6:00 PM;56,006.25;56,238.00;231.75;35,531.25
Mar 4, 2023 6:00 PM;Mar 4, 2023 7:00 PM;58,335.25;58,442.75;107.50;39,206.00
Mar 4, 2023 7:00 PM;Mar 4, 2023 8:00 PM;57,127.50;57,195.50;68.00;39,666.25
Mar 4, 2023 8:00 PM;Mar 4, 2023 9:00 PM;53,308.25;53,391.50;83.25;36,943.25
Mar 4, 2023 9:00 PM;Mar 4, 2023 10:00 PM;50,466.75;50,504.00;37.25;34,550.50
Mar 4, 2023 10:00 PM;Mar 4, 2023 11:00 PM;49,187.50;49,597.75;410.25;33,268.50
Mar 4, 2023 11:00 PM;Mar 5, 2023 12:00 AM;46,755.75;47,592.50;836.75;30,995.50
Mar 5, 2023 12:00 AM;Mar 5, 2023 1:00 AM;44,426.75;45,379.25;952.50;28,249.00
Mar 5, 2023 1:00 AM;Mar 5, 2023 2:00 AM;42,514.25;44,462.75;1,948.50;26,443.25
Mar 5, 2023 2:00 AM;Mar 5, 2023 3:00 AM;42,086.50;46,645.50;4,559.00;25,132.00
Mar 5, 2023 3:00 AM;Mar 5, 2023 4:00 AM;41,568.00;46,087.00;4,519.00;24,655.75
Mar 5, 2023 4:00 AM;Mar 5, 2023 5:00 AM;41,884.00;46,647.25;4,763.25;24,666.75
Mar 5, 2023 5:00 AM;Mar 5, 2023 6:00 AM;42,048.25;46,233.25;4,185.00;24,856.25
Mar 5, 2023 6:00 AM;Mar 5, 2023 7:00 AM;41,949.00;46,097.00;4,148.00;24,711.75
Mar 5, 2023 7:00 AM;Mar 5, 2023 8:00 AM;43,750.00;45,754.25;2,004.25;26,846.25
Mar 5, 2023 8:00 AM;Mar 5, 2023 9:00 AM;46,635.75;47,294.75;659.00;28,386.75
Mar 5, 2023 9:00 AM;Mar 5, 2023 10:00 AM;49,754.25;50,021.00;266.75;29,128.25
Mar 5, 2023 10:00 AM;Mar 5, 2023 11:00 AM;52,384.75;53,291.00;906.25;28,711.25
Mar 5, 2023 11:00 AM;Mar 5, 2023 12:00 PM;54,421.75;55,827.75;1,406.00;28,620.50
Mar 5, 2023 12:00 PM;Mar 5, 2023 1:00 PM;53,914.50;55,149.25;1,234.75;27,894.25
Mar 5, 2023 1:00 PM;Mar 5, 2023 2:00 PM;52,491.00;54,859.00;2,368.00;27,563.00
Mar 5, 2023 2:00 PM;Mar 5, 2023 3:00 PM;50,916.75;52,029.25;1,112.50;28,752.00
Mar 5, 2023 3:00 PM;Mar 5, 2023 4:00 PM;50,201.25;50,848.75;647.50;31,553.50
Mar 5, 2023 4:00 PM;Mar 5, 2023 5:00 PM;50,214.00;50,689.75;475.75;34,905.50
Mar 5, 2023 5:00 PM;Mar 5, 2023 6:00 PM;51,674.00;52,336.00;662.00;40,032.00
Mar 5, 2023 6:00 PM;Mar 5, 2023 7:00 PM;53,874.25;53,985.50;111.25;44,245.00
Mar 5, 2023 7:00 PM;Mar 5, 2023 8:00 PM;53,130.50;53,172.25;41.75;43,914.75
Mar 5, 2023 8:00 PM;Mar 5, 2023 9:00 PM;50,478.00;50,545.00;67.00;41,625.00
Mar 5, 2023 9:00 PM;Mar 5, 2023 10:00 PM;48,614.50;48,959.75;345.25;40,049.50
Mar 5, 2023 10:00 PM;Mar 5, 2023 11:00 PM;47,932.75;48,183.75;251.00;39,879.25
Mar 5, 2023 11:00 PM;Mar 6, 2023 12:00 AM;45,704.50;46,386.75;682.25;37,490.75
Mar 6, 2023 12:00 AM;Mar 6, 2023 1:00 AM;44,696.75;46,978.25;2,281.50;36,314.25
Mar 6, 2023 1:00 AM;Mar 6, 2023 2:00 AM;44,215.50;47,639.00;3,423.50;35,664.25
Mar 6, 2023 2:00 AM;Mar 6, 2023 3:00 AM;43,566.75;47,471.00;3,904.25;35,089.25
Mar 6, 2023 3:00 AM;Mar 6, 2023 4:00 AM;43,381.50;47,281.25;3,899.75;34,829.50
Mar 6, 2023 4:00 AM;Mar 6, 2023 5:00 AM;45,144.25;48,909.50;3,765.25;36,808.00
Mar 6, 2023 5:00 AM;Mar 6, 2023 6:00 AM;48,097.25;49,116.50;1,019.25;40,235.25
Mar 6, 2023 6:00 AM;Mar 6, 2023 7:00 AM;55,149.75;55,416.25;266.50;47,626.75
Mar 6, 2023 7:00 AM;Mar 6, 2023 8:00 AM;60,276.25;60,337.00;60.75;53,108.75
Mar 6, 2023 8:00 AM;Mar 6, 2023 9:00 AM;64,136.00;64,198.75;62.75;56,165.75
Mar 6, 2023 9:00 AM;Mar 6, 2023 10:00 AM;64,839.75;64,877.25;37.50;55,387.00
Mar 6, 2023 10:00 AM;Mar 6, 2023 11:00 AM;65,657.50;65,976.25;318.75;53,533.50
Mar 6, 2023 11:00 AM;Mar 6, 2023 12:00 PM;66,291.25;66,545.25;254.00;51,592.75
Mar 6, 2023 12:00 PM;Mar 6, 2023 1:00 PM;65,838.25;66,255.25;417.00;49,086.50
Mar 6, 2023 1:00 PM;Mar 6, 2023 2:00 PM;65,151.50;65,624.25;472.75;46,948.50
Mar 6, 2023 2:00 PM;Mar 6, 2023 3:00 PM;64,540.25;64,828.00;287.75;46,425.25
Mar 6, 2023 3:00 PM;Mar 6, 2023 4:00 PM;63,145.25;63,392.25;247.00;46,596.75
Mar 6, 2023 4:00 PM;Mar 6, 2023 5:00 PM;62,571.75;62,745.75;174.00;48,178.75
Mar 6, 2023 5:00 PM;Mar 6, 2023 6:00 PM;63,210.75;63,217.00;6.25;50,576.25
Mar 6, 2023 6:00 PM;Mar 6, 2023 7:00 PM;65,426.75;65,452.50;25.75;51,241.75
Mar 6, 2023 7:00 PM;Mar 6, 2023 8:00 PM;64,886.25;64,949.00;62.75;47,164.50
Mar 6, 2023 8:00 PM;Mar 6, 2023 9:00 PM;62,004.50;62,349.50;345.00;40,682.25
Mar 6, 2023 9:00 PM;Mar 6, 2023 10:00 PM;58,186.50;58,688.25;501.75;33,408.25
Mar 6, 2023 10:00 PM;Mar 6, 2023 11:00 PM;55,754.25;56,241.00;486.75;29,353.25
Mar 6, 2023 11:00 PM;Mar 7, 2023 12:00 AM;52,818.75;54,862.25;2,043.50;24,410.50
Mar 7, 2023 12:00 AM;Mar 7, 2023 1:00 AM;50,094.25;51,884.25;1,790.00;19,712.50
Mar 7, 2023 1:00 AM;Mar 7, 2023 2:00 AM;48,265.00;51,236.75;2,971.75;16,475.75
Mar 7, 2023 2:00 AM;Mar 7, 2023 3:00 AM;48,112.25;53,414.25;5,302.00;14,770.00
Mar 7, 2023 3:00 AM;Mar 7, 2023 4:00 AM;49,022.50;54,847.25;5,824.75;14,151.00
Mar 7, 2023 4:00 AM;Mar 7, 2023 5:00 AM;50,158.50;55,959.00;5,800.50;13,665.75
Mar 7, 2023 5:00 AM;Mar 7, 2023 6:00 AM;53,312.25;58,772.50;5,460.25;15,722.25
Mar 7, 2023 6:00 AM;Mar 7, 2023 7:00 AM;59,338.75;61,451.50;2,112.75;21,750.75
Mar 7, 2023 7:00 AM;Mar 7, 2023 8:00 AM;63,410.00;63,790.75;380.75;25,959.00
Mar 7, 2023 8:00 AM;Mar 7, 2023 9:00 AM;65,745.50;65,789.75;44.25;26,454.50
Mar 7, 2023 9:00 AM;Mar 7, 2023 10:00 AM;67,040.00;69,031.25;1,991.25;24,398.50
Mar 7, 2023 10:00 AM;Mar 7, 2023 11:00 AM;67,873.75;72,401.25;4,527.50;21,782.25
Mar 7, 2023 11:00 AM;Mar 7, 2023 12:00 PM;67,929.25;72,442.75;4,513.50;20,411.00
Mar 7, 2023 12:00 PM;Mar 7, 2023 1:00 PM;67,431.75;72,170.75;4,739.00;20,178.25
Mar 7, 2023 1:00 PM;Mar 7, 2023 2:00 PM;66,900.50;70,862.25;3,961.75;21,372.75
Mar 7, 2023 2:00 PM;Mar 7, 2023 3:00 PM;65,445.00;67,763.50;2,318.50;24,150.50
Mar 7, 2023 3:00 PM;Mar 7, 2023 4:00 PM;64,682.50;65,829.50;1,147.00;28,434.00
Mar 7, 2023 4:00 PM;Mar 7, 2023 5:00 PM;63,869.00;64,407.50;538.50;33,321.00
Mar 7, 2023 5:00 PM;Mar 7, 2023 6:00 PM;65,069.25;65,211.75;142.50;41,671.25
Mar 7, 2023 6:00 PM;Mar 7, 2023 7:00 PM;66,766.25;66,853.25;87.00;45,913.50
Mar 7, 2023 7:00 PM;Mar 7, 2023 8:00 PM;66,862.50;67,175.50;313.00;46,537.25
Mar 7, 2023 8:00 PM;Mar 7, 2023 9:00 PM;62,902.75;63,062.25;159.50;43,029.00
Mar 7, 2023 9:00 PM;Mar 7, 2023 10:00 PM;59,494.25;59,853.00;358.75;40,002.25
Mar 7, 2023 10:00 PM;Mar 7, 2023 11:00 PM;56,813.00;57,334.25;521.25;37,547.25
Mar 7, 2023 11:00 PM;Mar 8, 2023 12:00 AM;53,044.25;54,081.75;1,037.50;35,042.50
Mar 8, 2023 12:00 AM;Mar 8, 2023 1:00 AM;50,271.00;52,959.50;2,688.50;33,508.75
Mar 8, 2023 1:00 AM;Mar 8, 2023 2:00 AM;48,844.25;52,270.50;3,426.25;32,706.00
Mar 8, 2023 2:00 AM;Mar 8, 2023 3:00 AM;48,409.25;52,092.75;3,683.50;32,610.00
Mar 8, 2023 3:00 AM;Mar 8, 2023 4:00 AM;48,336.50;51,035.75;2,699.25;34,568.25
Mar 8, 2023 4:00 AM;Mar 8, 2023 5:00 AM;49,166.75;51,225.50;2,058.75;36,620.25
Mar 8, 2023 5:00 AM;Mar 8, 2023 6:00 AM;52,181.75;53,346.50;1,164.75;41,643.75
Mar 8, 2023 6:00 AM;Mar 8, 2023 7:00 AM;57,759.25;58,400.00;640.75;49,068.25
Mar 8, 2023 7:00 AM;Mar 8, 2023 8:00 AM;61,663.25;61,720.50;57.25;53,848.50
Mar 8, 2023 8:00 AM;Mar 8, 2023 9:00 AM;64,043.75;64,046.50;2.75;55,762.00
Mar 8, 2023 9:00 AM;Mar 8, 2023 10:00 AM;64,976.00;64,978.00;2.00;55,507.75
Mar 8, 2023 10:00 AM;Mar 8, 2023 11:00 AM;66,254.00;66,256.25;2.25;55,573.50
Mar 8, 2023 11:00 AM;Mar 8, 2023 12:00 PM;66,970.50;66,977.50;7.00;55,275.50
Mar 8, 2023 12:00 PM;Mar 8, 2023 1:00 PM;65,979.50;66,064.75;85.25;53,172.50
Mar 8, 2023 1:00 PM;Mar 8, 2023 2:00 PM;64,583.00;64,609.00;26.00;51,407.50
Mar 8, 2023 2:00 PM;Mar 8, 2023 3:00 PM;62,783.75;62,791.75;8.00;49,927.25
Mar 8, 2023 3:00 PM;Mar 8, 2023 4:00 PM;61,145.50;61,159.25;13.75;49,140.75
Mar 8, 2023 4:00 PM;Mar 8, 2023 5:00 PM;60,434.50;60,443.00;8.50;50,244.50
Mar 8, 2023 5:00 PM;Mar 8, 2023 6:00 PM;61,894.50;61,920.25;25.75;53,831.00
Mar 8, 2023 6:00 PM;Mar 8, 2023 7:00 PM;63,630.00;63,631.75;1.75;55,387.25
Mar 8, 2023 7:00 PM;Mar 8, 2023 8:00 PM;63,520.00;63,558.25;38.25;54,795.50
Mar 8, 2023 8:00 PM;Mar 8, 2023 9:00 PM;59,930.25;60,023.00;92.75;51,161.75
Mar 8, 2023 9:00 PM;Mar 8, 2023 10:00 PM;56,185.75;56,402.00;216.25;46,743.25
Mar 8, 2023 10:00 PM;Mar 8, 2023 11:00 PM;53,209.00;53,511.75;302.75;43,308.00
Mar 8, 2023 11:00 PM;Mar 9, 2023 12:00 AM;49,864.75;50,925.75;1,061.00;39,694.75
Mar 9, 2023 12:00 AM;Mar 9, 2023 1:00 AM;47,044.50;47,689.50;645.00;36,019.00
Mar 9, 2023 1:00 AM;Mar 9, 2023 2:00 AM;45,613.00;48,325.75;2,712.75;33,910.50
Mar 9, 2023 2:00 AM;Mar 9, 2023 3:00 AM;45,151.50;49,344.25;4,192.75;32,232.00
Mar 9, 2023 3:00 AM;Mar 9, 2023 4:00 AM;45,988.00;51,452.50;5,464.50;31,965.75
Mar 9, 2023 4:00 AM;Mar 9, 2023 5:00 AM;47,183.50;52,413.50;5,230.00;32,631.50
Mar 9, 2023 5:00 AM;Mar 9, 2023 6:00 AM;49,849.75;51,410.25;1,560.50;35,637.75
Mar 9, 2023 6:00 AM;Mar 9, 2023 7:00 AM;56,199.50;56,409.00;209.50;42,801.00
Mar 9, 2023 7:00 AM;Mar 9, 2023 8:00 AM;60,688.75;60,739.25;50.50;47,874.25
Mar 9, 2023 8:00 AM;Mar 9, 2023 9:00 AM;63,122.00;63,187.00;65.00;48,890.00
Mar 9, 2023 9:00 AM;Mar 9, 2023 10:00 AM;63,819.50;63,829.75;10.25;47,216.50
Mar 9, 2023 10:00 AM;Mar 9, 2023 11:00 AM;64,329.25;64,349.75;20.50;46,238.75
Mar 9, 2023 11:00 AM;Mar 9, 2023 12:00 PM;64,763.25;64,786.50;23.25;45,580.50
Mar 9, 2023 12:00 PM;Mar 9, 2023 1:00 PM;64,379.75;64,601.25;221.50;43,607.75
Mar 9, 2023 1:00 PM;Mar 9, 2023 2:00 PM;63,643.75;64,444.25;800.50;43,318.00
Mar 9, 2023 2:00 PM;Mar 9, 2023 3:00 PM;62,247.00;62,624.00;377.00;43,572.75
Mar 9, 2023 3:00 PM;Mar 9, 2023 4:00 PM;60,705.50;61,005.25;299.75;44,489.75
Mar 9, 2023 4:00 PM;Mar 9, 2023 5:00 PM;60,070.00;60,349.00;279.00;47,235.25
Mar 9, 2023 5:00 PM;Mar 9, 2023 6:00 PM;60,795.00;60,868.00;73.00;50,612.00
Mar 9, 2023 6:00 PM;Mar 9, 2023 7:00 PM;63,156.25;63,158.25;2.00;53,481.75
Mar 9, 2023 7:00 PM;Mar 9, 2023 8:00 PM;62,578.00;62,580.25;2.25;51,902.25
Mar 9, 2023 8:00 PM;Mar 9, 2023 9:00 PM;58,745.50;59,206.50;461.00;46,518.75
Mar 9, 2023 9:00 PM;Mar 9, 2023 10:00 PM;55,681.25;56,458.75;777.50;41,396.25
Mar 9, 2023 10:00 PM;Mar 9, 2023 11:00 PM;53,301.75;54,003.25;701.50;37,529.25
Mar 9, 2023 11:00 PM;Mar 10, 2023 12:00 AM;49,855.25;50,400.25;545.00;32,189.25
Mar 10, 2023 12:00 AM;Mar 10, 2023 1:00 AM;46,925.75;47,901.50;975.75;27,407.00
Mar 10, 2023 1:00 AM;Mar 10, 2023 2:00 AM;45,803.75;47,923.25;2,119.50;24,306.50
Mar 10, 2023 2:00 AM;Mar 10, 2023 3:00 AM;45,364.75;48,390.75;3,026.00;22,477.50
Mar 10, 2023 3:00 AM;Mar 10, 2023 4:00 AM;45,934.50;50,448.25;4,513.75;21,083.75
Mar 10, 2023 4:00 AM;Mar 10, 2023 5:00 AM;47,863.00;52,342.25;4,479.25;21,402.25
Mar 10, 2023 5:00 AM;Mar 10, 2023 6:00 AM;50,485.50;53,180.00;2,694.50;23,129.75
Mar 10, 2023 6:00 AM;Mar 10, 2023 7:00 AM;56,934.00;57,472.50;538.50;29,473.25
Mar 10, 2023 7:00 AM;Mar 10, 2023 8:00 AM;61,477.75;61,508.50;30.75;33,960.25
Mar 10, 2023 8:00 AM;Mar 10, 2023 9:00 AM;64,595.75;64,600.50;4.75;36,242.50
Mar 10, 2023 9:00 AM;Mar 10, 2023 10:00 AM;65,139.00;65,233.00;94.00;33,969.50
Mar 10, 2023 10:00 AM;Mar 10, 2023 11:00 AM;65,695.75;66,224.50;528.75;32,337.75
Mar 10, 2023 11:00 AM;Mar 10, 2023 12:00 PM;65,373.00;65,706.00;333.00;31,515.75
Mar 10, 2023 12:00 PM;Mar 10, 2023 1:00 PM;65,018.25;65,320.50;302.25;30,971.50
Mar 10, 2023 1:00 PM;Mar 10, 2023 2:00 PM;63,162.00;63,349.75;187.75;31,088.75
Mar 10, 2023 2:00 PM;Mar 10, 2023 3:00 PM;61,428.25;62,033.25;605.00;29,993.50
Mar 10, 2023 3:00 PM;Mar 10, 2023 4:00 PM;61,147.50;61,768.75;621.25;30,810.00
Mar 10, 2023 4:00 PM;Mar 10, 2023 5:00 PM;60,902.75;61,190.00;287.25;31,875.25
Mar 10, 2023 5:00 PM;Mar 10, 2023 6:00 PM;62,295.00;62,496.50;201.50;33,284.25
Mar 10, 2023 6:00 PM;Mar 10, 2023 7:00 PM;64,203.25;64,265.50;62.25;34,331.25
Mar 10, 2023 7:00 PM;Mar 10, 2023 8:00 PM;63,730.50;63,787.25;56.75;33,063.25
Mar 10, 2023 8:00 PM;Mar 10, 2023 9:00 PM;60,115.75;60,369.75;254.00;29,434.50
Mar 10, 2023 9:00 PM;Mar 10, 2023 10:00 PM;56,086.25;56,590.25;504.00;25,687.75
Mar 10, 2023 10:00 PM;Mar 10, 2023 11:00 PM;53,604.50;53,947.75;343.25;22,994.25
Mar 10, 2023 11:00 PM;Mar 11, 2023 12:00 AM;51,088.00;52,512.25;1,424.25;18,512.00
Mar 11, 2023 12:00 AM;Mar 11, 2023 1:00 AM;49,043.50;53,044.75;4,001.25;15,419.50
Mar 11, 2023 1:00 AM;Mar 11, 2023 2:00 AM;47,861.75;52,325.00;4,463.25;15,143.25
Mar 11, 2023 2:00 AM;Mar 11, 2023 3:00 AM;47,338.00;52,051.50;4,713.50;15,323.00
Mar 11, 2023 3:00 AM;Mar 11, 2023 4:00 AM;47,200.00;51,119.50;3,919.50;17,355.00
Mar 11, 2023 4:00 AM;Mar 11, 2023 5:00 AM;46,454.50;47,952.00;1,497.50;19,477.00
Mar 11, 2023 5:00 AM;Mar 11, 2023 6:00 AM;46,238.75;47,119.25;880.50;22,140.00
Mar 11, 2023 6:00 AM;Mar 11, 2023 7:00 AM;46,731.75;47,519.50;787.75;25,684.50
Mar 11, 2023 7:00 AM;Mar 11, 2023 8:00 AM;49,111.75;49,588.75;477.00;29,809.25
Mar 11, 2023 8:00 AM;Mar 11, 2023 9:00 AM;52,297.25;52,352.25;55.00;31,776.50
Mar 11, 2023 9:00 AM;Mar 11, 2023 10:00 AM;54,874.50;54,988.00;113.50;30,927.00
Mar 11, 2023 10:00 AM;Mar 11, 2023 11:00 AM;55,248.00;55,670.00;422.00;28,356.75
Mar 11, 2023 11:00 AM;Mar 11, 2023 12:00 PM;55,916.75;56,842.25;925.50;26,074.00
Mar 11, 2023 12:00 PM;Mar 11, 2023 1:00 PM;55,629.25;58,954.75;3,325.50;22,778.00
Mar 11, 2023 1:00 PM;Mar 11, 2023 2:00 PM;54,253.50;60,181.00;5,927.50;19,306.00
Mar 11, 2023 2:00 PM;Mar 11, 2023 3:00 PM;52,736.50;59,020.50;6,284.00;19,340.00
Mar 11, 2023 3:00 PM;Mar 11, 2023 4:00 PM;50,808.00;53,635.50;2,827.50;21,421.25
Mar 11, 2023 4:00 PM;Mar 11, 2023 5:00 PM;50,073.50;50,458.00;384.50;27,244.25
Mar 11, 2023 5:00 PM;Mar 11, 2023 6:00 PM;52,505.00;52,731.75;226.75;34,848.25
Mar 11, 2023 6:00 PM;Mar 11, 2023 7:00 PM;56,261.50;56,404.00;142.50;39,952.25
Mar 11, 2023 7:00 PM;Mar 11, 2023 8:00 PM;56,654.25;56,687.00;32.75;40,841.75
Mar 11, 2023 8:00 PM;Mar 11, 2023 9:00 PM;53,632.25;53,667.75;35.50;38,090.00
Mar 11, 2023 9:00 PM;Mar 11, 2023 10:00 PM;50,932.00;50,966.50;34.50;36,370.50
Mar 11, 2023 10:00 PM;Mar 11, 2023 11:00 PM;49,357.25;49,384.00;26.75;35,482.00
Mar 11, 2023 11:00 PM;Mar 12, 2023 12:00 AM;46,903.75;46,983.00;79.25;33,135.25
Mar 12, 2023 12:00 AM;Mar 12, 2023 1:00 AM;44,977.25;46,617.00;1,639.75;31,239.50
Mar 12, 2023 1:00 AM;Mar 12, 2023 2:00 AM;43,314.25;44,641.75;1,327.50;29,551.75
Mar 12, 2023 2:00 AM;Mar 12, 2023 3:00 AM;42,244.50;42,775.50;531.00;29,498.50
Mar 12, 2023 3:00 AM;Mar 12, 2023 4:00 AM;41,322.25;41,723.25;401.00;29,441.25
Mar 12, 2023 4:00 AM;Mar 12, 2023 5:00 AM;41,550.25;42,552.50;1,002.25;30,212.00
Mar 12, 2023 5:00 AM;Mar 12, 2023 6:00 AM;41,574.75;42,943.00;1,368.25;30,537.50
Mar 12, 2023 6:00 AM;Mar 12, 2023 7:00 AM;41,161.75;42,055.50;893.75;29,808.75
Mar 12, 2023 7:00 AM;Mar 12, 2023 8:00 AM;42,518.00;43,642.00;1,124.00;28,842.25
Mar 12, 2023 8:00 AM;Mar 12, 2023 9:00 AM;46,081.00;48,023.75;1,942.75;28,123.25
Mar 12, 2023 9:00 AM;Mar 12, 2023 10:00 AM;49,138.50;50,836.25;1,697.75;26,740.25
Mar 12, 2023 10:00 AM;Mar 12, 2023 11:00 AM;50,929.75;51,616.25;686.50;24,361.50
Mar 12, 2023 11:00 AM;Mar 12, 2023 12:00 PM;52,644.00;53,647.75;1,003.75;23,269.75
Mar 12, 2023 12:00 PM;Mar 12, 2023 1:00 PM;52,951.00;56,747.50;3,796.50;21,940.25
Mar 12, 2023 1:00 PM;Mar 12, 2023 2:00 PM;51,644.50;56,081.00;4,436.50;19,479.00
Mar 12, 2023 2:00 PM;Mar 12, 2023 3:00 PM;50,332.50;55,506.50;5,174.00;18,689.00
Mar 12, 2023 3:00 PM;Mar 12, 2023 4:00 PM;49,294.00;53,883.25;4,589.25;18,173.25
Mar 12, 2023 4:00 PM;Mar 12, 2023 5:00 PM;48,634.75;51,319.00;2,684.25;18,451.25
Mar 12, 2023 5:00 PM;Mar 12, 2023 6:00 PM;50,621.50;50,947.25;325.75;21,157.75
Mar 12, 2023 6:00 PM;Mar 12, 2023 7:00 PM;52,893.50;52,982.75;89.25;24,333.00
Mar 12, 2023 7:00 PM;Mar 12, 2023 8:00 PM;53,010.00;53,129.50;119.50;24,499.25
Mar 12, 2023 8:00 PM;Mar 12, 2023 9:00 PM;50,292.75;50,422.75;130.00;19,468.00
Mar 12, 2023 9:00 PM;Mar 12, 2023 10:00 PM;48,495.25;48,723.50;228.25;16,337.25
Mar 12, 2023 10:00 PM;Mar 12, 2023 11:00 PM;48,267.25;48,520.50;253.25;16,708.00
Mar 12, 2023 11:00 PM;Mar 13, 2023 12:00 AM;45,781.75;47,322.00;1,540.25;13,524.75
Mar 13, 2023 12:00 AM;Mar 13, 2023 1:00 AM;43,794.50;45,472.00;1,677.50;9,714.75
Mar 13, 2023 1:00 AM;Mar 13, 2023 2:00 AM;43,178.25;46,815.75;3,637.50;8,380.50
Mar 13, 2023 2:00 AM;Mar 13, 2023 3:00 AM;42,952.50;46,866.00;3,913.50;7,273.25
Mar 13, 2023 3:00 AM;Mar 13, 2023 4:00 AM;43,744.25;50,082.50;6,338.25;7,621.75
Mar 13, 2023 4:00 AM;Mar 13, 2023 5:00 AM;45,687.50;52,395.75;6,708.25;8,324.00
Mar 13, 2023 5:00 AM;Mar 13, 2023 6:00 AM;50,038.75;56,131.25;6,092.50;8,307.25
Mar 13, 2023 6:00 AM;Mar 13, 2023 7:00 AM;57,541.25;59,349.50;1,808.25;13,356.50
Mar 13, 2023 7:00 AM;Mar 13, 2023 8:00 AM;63,357.50;63,881.00;523.50;17,028.00
Mar 13, 2023 8:00 AM;Mar 13, 2023 9:00 AM;66,500.25;67,067.25;567.00;17,831.00
Mar 13, 2023 9:00 AM;Mar 13, 2023 10:00 AM;67,336.50;67,565.00;228.50;17,182.00
Mar 13, 2023 10:00 AM;Mar 13, 2023 11:00 AM;67,485.75;69,059.75;1,574.00;14,023.00
Mar 13, 2023 11:00 AM;Mar 13, 2023 12:00 PM;67,765.25;72,455.00;4,689.75;11,820.75
Mar 13, 2023 12:00 PM;Mar 13, 2023 1:00 PM;67,693.50;72,907.50;5,214.00;11,851.75
Mar 13, 2023 1:00 PM;Mar 13, 2023 2:00 PM;66,855.00;72,293.00;5,438.00;13,186.50
Mar 13, 2023 2:00 PM;Mar 13, 2023 3:00 PM;64,721.75;69,855.25;5,133.50;11,543.75
Mar 13, 2023 3:00 PM;Mar 13, 2023 4:00 PM;63,527.75;68,621.25;5,093.50;12,130.25
Mar 13, 2023 4:00 PM;Mar 13, 2023 5:00 PM;62,213.25;65,209.25;2,996.00;14,285.75
Mar 13, 2023 5:00 PM;Mar 13, 2023 6:00 PM;62,275.50;62,568.00;292.50;21,080.25
Mar 13, 2023 6:00 PM;Mar 13, 2023 7:00 PM;64,642.75;64,743.25;100.50;25,963.75
Mar 13, 2023 7:00 PM;Mar 13, 2023 8:00 PM;65,126.25;65,215.25;89.00;26,653.75
Mar 13, 2023 8:00 PM;Mar 13, 2023 9:00 PM;62,459.75;62,595.25;135.50;25,092.50
Mar 13, 2023 9:00 PM;Mar 13, 2023 10:00 PM;58,739.25;59,198.00;458.75;21,923.50
Mar 13, 2023 10:00 PM;Mar 13, 2023 11:00 PM;55,679.50;57,637.25;1,957.75;19,304.00
Mar 13, 2023 11:00 PM;Mar 14, 2023 12:00 AM;52,472.00;55,603.25;3,131.25;15,568.25
Mar 14, 2023 12:00 AM;Mar 14, 2023 1:00 AM;48,772.25;53,262.00;4,489.75;13,051.50
Mar 14, 2023 1:00 AM;Mar 14, 2023 2:00 AM;46,442.75;51,332.25;4,889.50;10,403.50
Mar 14, 2023 2:00 AM;Mar 14, 2023 3:00 AM;46,122.25;51,479.00;5,356.75;9,646.00
Mar 14, 2023 3:00 AM;Mar 14, 2023 4:00 AM;46,729.25;52,066.75;5,337.50;10,532.50
Mar 14, 2023 4:00 AM;Mar 14, 2023 5:00 AM;48,331.25;53,338.75;5,007.50;10,490.00
Mar 14, 2023 5:00 AM;Mar 14, 2023 6:00 AM;51,707.75;55,505.50;3,797.75;12,341.25
Mar 14, 2023 6:00 AM;Mar 14, 2023 7:00 AM;58,629.50;60,391.75;1,762.25;18,502.50
Mar 14, 2023 7:00 AM;Mar 14, 2023 8:00 AM;62,357.75;62,598.25;240.50;21,895.75
Mar 14, 2023 8:00 AM;Mar 14, 2023 9:00 AM;64,413.50;64,653.25;239.75;22,158.75
Mar 14, 2023 9:00 AM;Mar 14, 2023 10:00 AM;65,107.00;65,506.50;399.50;19,877.25
Mar 14, 2023 10:00 AM;Mar 14, 2023 11:00 AM;65,851.00;66,227.50;376.50;18,353.25
Mar 14, 2023 11:00 AM;Mar 14, 2023 12:00 PM;67,178.00;67,661.25;483.25;17,617.75
Mar 14, 2023 12:00 PM;Mar 14, 2023 1:00 PM;67,837.25;70,658.50;2,821.25;17,478.00
Mar 14, 2023 1:00 PM;Mar 14, 2023 2:00 PM;66,890.00;71,568.00;4,678.00;16,729.50
Mar 14, 2023 2:00 PM;Mar 14, 2023 3:00 PM;65,354.00;68,477.75;3,123.75;15,790.00
Mar 14, 2023 3:00 PM;Mar 14, 2023 4:00 PM;64,009.75;65,665.00;1,655.25;17,036.00
Mar 14, 2023 4:00 PM;Mar 14, 2023 5:00 PM;63,698.75;64,964.50;1,265.75;19,762.25
Mar 14, 2023 5:00 PM;Mar 14, 2023 6:00 PM;63,905.25;64,148.50;243.25;25,308.75
Mar 14, 2023 6:00 PM;Mar 14, 2023 7:00 PM;65,074.50;65,195.50;121.00;31,084.25
Mar 14, 2023 7:00 PM;Mar 14, 2023 8:00 PM;65,113.00;65,186.00;73.00;35,623.25
Mar 14, 2023 8:00 PM;Mar 14, 2023 9:00 PM;62,487.00;62,556.00;69.00;35,126.50
Mar 14, 2023 9:00 PM;Mar 14, 2023 10:00 PM;58,565.50;58,649.75;84.25;32,998.50
Mar 14, 2023 10:00 PM;Mar 14, 2023 11:00 PM;55,520.75;55,572.00;51.25;31,426.50
Mar 14, 2023 11:00 PM;Mar 15, 2023 12:00 AM;51,784.75;52,063.50;278.75;28,801.50
Mar 15, 2023 12:00 AM;Mar 15, 2023 1:00 AM;49,832.25;51,472.50;1,640.25;26,419.00
Mar 15, 2023 1:00 AM;Mar 15, 2023 2:00 AM;49,136.00;52,077.25;2,941.25;26,477.50
Mar 15, 2023 2:00 AM;Mar 15, 2023 3:00 AM;48,924.00;52,285.50;3,361.50;26,852.75
Mar 15, 2023 3:00 AM;Mar 15, 2023 4:00 AM;48,841.00;51,869.00;3,028.00;26,847.50
Mar 15, 2023 4:00 AM;Mar 15, 2023 5:00 AM;49,188.00;51,372.75;2,184.75;27,991.50
Mar 15, 2023 5:00 AM;Mar 15, 2023 6:00 AM;52,111.75;52,711.75;600.00;30,557.50
Mar 15, 2023 6:00 AM;Mar 15, 2023 7:00 AM;58,695.75;59,215.25;519.50;38,039.00
Mar 15, 2023 7:00 AM;Mar 15, 2023 8:00 AM;62,921.75;63,029.75;108.00;42,260.75
Mar 15, 2023 8:00 AM;Mar 15, 2023 9:00 AM;65,768.50;65,812.00;43.50;40,879.25
Mar 15, 2023 9:00 AM;Mar 15, 2023 10:00 AM;66,692.00;67,231.00;539.00;35,497.75
Mar 15, 2023 10:00 AM;Mar 15, 2023 11:00 AM;66,943.25;68,835.00;1,891.75;31,054.25
Mar 15, 2023 11:00 AM;Mar 15, 2023 12:00 PM;67,310.25;70,487.25;3,177.00;29,115.75
Mar 15, 2023 12:00 PM;Mar 15, 2023 1:00 PM;67,119.25;72,355.25;5,236.00;28,358.75
Mar 15, 2023 1:00 PM;Mar 15, 2023 2:00 PM;66,200.50;71,874.75;5,674.25;28,079.25
Mar 15, 2023 2:00 PM;Mar 15, 2023 3:00 PM;64,953.50;70,036.75;5,083.25;29,133.25
Mar 15, 2023 3:00 PM;Mar 15, 2023 4:00 PM;63,338.75;65,416.00;2,077.25;32,054.25
Mar 15, 2023 4:00 PM;Mar 15, 2023 5:00 PM;61,781.25;62,817.75;1,036.50;36,995.00
Mar 15, 2023 5:00 PM;Mar 15, 2023 6:00 PM;61,069.50;61,153.25;83.75;44,510.50
Mar 15, 2023 6:00 PM;Mar 15, 2023 7:00 PM;63,089.00;63,169.00;80.00;50,576.50
Mar 15, 2023 7:00 PM;Mar 15, 2023 8:00 PM;64,142.50;64,315.00;172.50;51,562.25
Mar 15, 2023 8:00 PM;Mar 15, 2023 9:00 PM;60,232.75;60,316.25;83.50;47,806.75
Mar 15, 2023 9:00 PM;Mar 15, 2023 10:00 PM;56,633.75;56,685.25;51.50;44,706.50
Mar 15, 2023 10:00 PM;Mar 15, 2023 11:00 PM;54,004.00;54,028.25;24.25;42,296.00
Mar 15, 2023 11:00 PM;Mar 16, 2023 12:00 AM;51,403.00;51,781.50;378.50;39,345.25
Mar 16, 2023 12:00 AM;Mar 16, 2023 1:00 AM;49,631.25;49,794.25;163.00;36,611.00
Mar 16, 2023 1:00 AM;Mar 16, 2023 2:00 AM;48,560.25;48,997.50;437.25;34,033.25
Mar 16, 2023 2:00 AM;Mar 16, 2023 3:00 AM;47,862.25;49,066.75;1,204.50;31,332.50
Mar 16, 2023 3:00 AM;Mar 16, 2023 4:00 AM;48,297.50;50,908.25;2,610.75;30,518.25
Mar 16, 2023 4:00 AM;Mar 16, 2023 5:00 AM;48,872.50;50,400.75;1,528.25;29,986.25
Mar 16, 2023 5:00 AM;Mar 16, 2023 6:00 AM;52,422.00;53,256.00;834.00;32,003.25
Mar 16, 2023 6:00 AM;Mar 16, 2023 7:00 AM;58,089.75;58,463.75;374.00;36,636.75
Mar 16, 2023 7:00 AM;Mar 16, 2023 8:00 AM;61,644.00;61,967.25;323.25;37,284.25
Mar 16, 2023 8:00 AM;Mar 16, 2023 9:00 AM;63,826.00;64,334.50;508.50;33,214.00
Mar 16, 2023 9:00 AM;Mar 16, 2023 10:00 AM;64,081.75;65,817.00;1,735.25;27,549.50
Mar 16, 2023 10:00 AM;Mar 16, 2023 11:00 AM;64,284.00;68,158.50;3,874.50;21,406.25
Mar 16, 2023 11:00 AM;Mar 16, 2023 12:00 PM;64,470.25;69,032.25;4,562.00;17,901.25
Mar 16, 2023 12:00 PM;Mar 16, 2023 1:00 PM;63,695.25;68,984.25;5,289.00;15,547.25
Mar 16, 2023 1:00 PM;Mar 16, 2023 2:00 PM;62,351.75;67,971.25;5,619.50;14,873.00
Mar 16, 2023 2:00 PM;Mar 16, 2023 3:00 PM;60,906.50;66,357.25;5,450.75;15,710.50
Mar 16, 2023 3:00 PM;Mar 16, 2023 4:00 PM;59,812.75;63,861.50;4,048.75;16,726.00
Mar 16, 2023 4:00 PM;Mar 16, 2023 5:00 PM;59,328.75;61,430.50;2,101.75;23,332.50
Mar 16, 2023 5:00 PM;Mar 16, 2023 6:00 PM;61,088.25;61,332.75;244.50;32,246.75
Mar 16, 2023 6:00 PM;Mar 16, 2023 7:00 PM;63,815.75;63,913.75;98.00;34,664.75
Mar 16, 2023 7:00 PM;Mar 16, 2023 8:00 PM;65,908.50;65,994.25;85.75;33,212.50
Mar 16, 2023 8:00 PM;Mar 16, 2023 9:00 PM;61,967.50;62,024.75;57.25;28,421.50
Mar 16, 2023 9:00 PM;Mar 16, 2023 10:00 PM;58,411.50;58,652.75;241.25;25,190.50
Mar 16, 2023 10:00 PM;Mar 16, 2023 11:00 PM;55,303.75;55,594.00;290.25;22,526.25
Mar 16, 2023 11:00 PM;Mar 17, 2023 12:00 AM;52,308.75;54,485.25;2,176.50;19,303.25
Mar 17, 2023 12:00 AM;Mar 17, 2023 1:00 AM;49,635.50;52,880.50;3,245.00;17,545.25
Mar 17, 2023 1:00 AM;Mar 17, 2023 2:00 AM;47,774.75;51,925.25;4,150.50;16,380.00
Mar 17, 2023 2:00 AM;Mar 17, 2023 3:00 AM;47,340.75;52,135.50;4,794.75;16,667.75
Mar 17, 2023 3:00 AM;Mar 17, 2023 4:00 AM;47,669.00;51,208.00;3,539.00;17,648.50
Mar 17, 2023 4:00 AM;Mar 17, 2023 5:00 AM;48,780.75;51,687.75;2,907.00;19,151.00
Mar 17, 2023 5:00 AM;Mar 17, 2023 6:00 AM;51,931.50;53,373.75;1,442.25;22,503.75
Mar 17, 2023 6:00 AM;Mar 17, 2023 7:00 AM;58,119.25;58,340.50;221.25;28,384.00
Mar 17, 2023 7:00 AM;Mar 17, 2023 8:00 AM;62,527.25;62,650.75;123.50;30,366.75
Mar 17, 2023 8:00 AM;Mar 17, 2023 9:00 AM;64,892.25;65,110.50;218.25;28,572.25
Mar 17, 2023 9:00 AM;Mar 17, 2023 10:00 AM;64,845.75;65,389.75;544.00;25,542.00
Mar 17, 2023 10:00 AM;Mar 17, 2023 11:00 AM;64,449.00;65,063.25;614.25;22,853.00
Mar 17, 2023 11:00 AM;Mar 17, 2023 12:00 PM;62,994.75;63,450.00;455.25;21,354.75
Mar 17, 2023 12:00 PM;Mar 17, 2023 1:00 PM;61,974.25;62,625.50;651.25;22,116.75
Mar 17, 2023 1:00 PM;Mar 17, 2023 2:00 PM;61,376.00;62,597.00;1,221.00;25,572.75
Mar 17, 2023 2:00 PM;Mar 17, 2023 3:00 PM;59,070.50;59,624.75;554.25;29,377.00
Mar 17, 2023 3:00 PM;Mar 17, 2023 4:00 PM;59,312.50;59,417.75;105.25;35,559.75
Mar 17, 2023 4:00 PM;Mar 17, 2023 5:00 PM;58,758.25;58,766.50;8.25;41,133.00
Mar 17, 2023 5:00 PM;Mar 17, 2023 6:00 PM;60,151.25;60,179.75;28.50;46,330.50
Mar 17, 2023 6:00 PM;Mar 17, 2023 7:00 PM;62,098.25;62,231.50;133.25;48,414.75
Mar 17, 2023 7:00 PM;Mar 17, 2023 8:00 PM;62,500.25;62,525.50;25.25;47,240.00
Mar 17, 2023 8:00 PM;Mar 17, 2023 9:00 PM;58,398.50;58,420.00;21.50;42,687.25
Mar 17, 2023 9:00 PM;Mar 17, 2023 10:00 PM;54,547.00;54,639.00;92.00;38,845.75
Mar 17, 2023 10:00 PM;Mar 17, 2023 11:00 PM;51,528.50;51,750.50;222.00;35,064.25
Mar 17, 2023 11:00 PM;Mar 18, 2023 12:00 AM;48,204.75;48,677.75;473.00;31,524.25
Mar 18, 2023 12:00 AM;Mar 18, 2023 1:00 AM;45,693.00;46,432.75;739.75;28,982.00
Mar 18, 2023 1:00 AM;Mar 18, 2023 2:00 AM;43,203.75;43,980.50;776.75;26,708.50
Mar 18, 2023 2:00 AM;Mar 18, 2023 3:00 AM;42,084.50;42,984.50;900.00;26,299.50
Mar 18, 2023 3:00 AM;Mar 18, 2023 4:00 AM;40,966.00;42,274.25;1,308.25;25,989.75
Mar 18, 2023 4:00 AM;Mar 18, 2023 5:00 AM;41,141.75;42,345.75;1,204.00;27,053.75
Mar 18, 2023 5:00 AM;Mar 18, 2023 6:00 AM;42,077.75;42,824.75;747.00;28,643.50
Mar 18, 2023 6:00 AM;Mar 18, 2023 7:00 AM;43,207.25;43,442.25;235.00;29,810.25
Mar 18, 2023 7:00 AM;Mar 18, 2023 8:00 AM;46,019.50;46,179.25;159.75;30,602.75
Mar 18, 2023 8:00 AM;Mar 18, 2023 9:00 AM;49,272.50;49,519.25;246.75;29,806.00
Mar 18, 2023 9:00 AM;Mar 18, 2023 10:00 AM;51,573.50;52,297.25;723.75;27,067.50
Mar 18, 2023 10:00 AM;Mar 18, 2023 11:00 AM;52,246.75;55,034.75;2,788.00;23,192.25
Mar 18, 2023 11:00 AM;Mar 18, 2023 12:00 PM;52,615.50;56,906.25;4,290.75;20,440.50
Mar 18, 2023 12:00 PM;Mar 18, 2023 1:00 PM;51,923.75;57,570.00;5,646.25;18,406.00
Mar 18, 2023 1:00 PM;Mar 18, 2023 2:00 PM;50,609.25;56,346.25;5,737.00;18,866.00
Mar 18, 2023 2:00 PM;Mar 18, 2023 3:00 PM;48,692.75;53,568.00;4,875.25;21,151.00
Mar 18, 2023 3:00 PM;Mar 18, 2023 4:00 PM;47,249.75;50,999.75;3,750.00;27,077.25
Mar 18, 2023 4:00 PM;Mar 18, 2023 5:00 PM;46,853.50;47,869.75;1,016.25;35,163.00
Mar 18, 2023 5:00 PM;Mar 18, 2023 6:00 PM;48,867.50;49,001.25;133.75;43,599.75
Mar 18, 2023 6:00 PM;Mar 18, 2023 7:00 PM;51,572.00;51,728.00;156.00;48,070.75
Mar 18, 2023 7:00 PM;Mar 18, 2023 8:00 PM;52,140.50;52,289.00;148.50;47,458.75
Mar 18, 2023 8:00 PM;Mar 18, 2023 9:00 PM;48,994.50;49,029.75;35.25;43,021.25
Mar 18, 2023 9:00 PM;Mar 18, 2023 10:00 PM;46,065.75;46,294.75;229.00;38,761.50
Mar 18, 2023 10:00 PM;Mar 18, 2023 11:00 PM;44,290.00;44,426.25;136.25;35,579.50
Mar 18, 2023 11:00 PM;Mar 19, 2023 12:00 AM;41,646.50;42,357.25;710.75;31,986.25
Mar 19, 2023 12:00 AM;Mar 19, 2023 1:00 AM;39,137.75;39,688.25;550.50;28,496.50
Mar 19, 2023 1:00 AM;Mar 19, 2023 2:00 AM;37,667.75;38,762.00;1,094.25;27,269.50
Mar 19, 2023 2:00 AM;Mar 19, 2023 3:00 AM;36,397.25;37,265.50;868.25;25,755.25
Mar 19, 2023 3:00 AM;Mar 19, 2023 4:00 AM;36,721.50;38,648.75;1,927.25;26,465.00
Mar 19, 2023 4:00 AM;Mar 19, 2023 5:00 AM;36,732.50;39,321.00;2,588.50;26,865.75
Mar 19, 2023 5:00 AM;Mar 19, 2023 6:00 AM;37,165.00;38,965.00;1,800.00;28,062.50
Mar 19, 2023 6:00 AM;Mar 19, 2023 7:00 AM;37,454.00;39,013.00;1,559.00;28,805.75
Mar 19, 2023 7:00 AM;Mar 19, 2023 8:00 AM;39,498.25;40,325.00;826.75;29,577.00
Mar 19, 2023 8:00 AM;Mar 19, 2023 9:00 AM;43,372.50;44,367.00;994.50;29,931.25
Mar 19, 2023 9:00 AM;Mar 19, 2023 10:00 AM;46,167.00;47,159.25;992.25;29,171.50
Mar 19, 2023 10:00 AM;Mar 19, 2023 11:00 AM;48,478.00;51,129.00;2,651.00;27,814.75
Mar 19, 2023 11:00 AM;Mar 19, 2023 12:00 PM;50,327.50;53,825.25;3,497.75;26,897.75
Mar 19, 2023 12:00 PM;Mar 19, 2023 1:00 PM;50,013.50;53,859.75;3,846.25;25,286.75
Mar 19, 2023 1:00 PM;Mar 19, 2023 2:00 PM;47,725.25;52,750.00;5,024.75;24,201.25
Mar 19, 2023 2:00 PM;Mar 19, 2023 3:00 PM;46,027.25;50,194.75;4,167.50;25,193.25
Mar 19, 2023 3:00 PM;Mar 19, 2023 4:00 PM;45,131.75;48,805.50;3,673.75;28,803.50
Mar 19, 2023 4:00 PM;Mar 19, 2023 5:00 PM;45,065.00;45,585.50;520.50;33,397.00
Mar 19, 2023 5:00 PM;Mar 19, 2023 6:00 PM;46,709.50;46,983.75;274.25;39,564.75
Mar 19, 2023 6:00 PM;Mar 19, 2023 7:00 PM;48,783.50;48,784.75;1.25;43,358.75
Mar 19, 2023 7:00 PM;Mar 19, 2023 8:00 PM;49,552.00;49,565.25;13.25;43,636.00
Mar 19, 2023 8:00 PM;Mar 19, 2023 9:00 PM;47,105.75;47,146.25;40.50;40,987.25
Mar 19, 2023 9:00 PM;Mar 19, 2023 10:00 PM;44,871.75;44,923.25;51.50;38,005.00
Mar 19, 2023 10:00 PM;Mar 19, 2023 11:00 PM;44,468.50;44,627.75;159.25;37,370.25
Mar 19, 2023 11:00 PM;Mar 20, 2023 12:00 AM;42,136.25;43,481.00;1,344.75;34,795.25
Mar 20, 2023 12:00 AM;Mar 20, 2023 1:00 AM;40,829.00;41,421.00;592.00;32,623.25
Mar 20, 2023 1:00 AM;Mar 20, 2023 2:00 AM;39,907.25;41,242.25;1,335.00;30,670.50
Mar 20, 2023 2:00 AM;Mar 20, 2023 3:00 AM;39,559.25;41,738.50;2,179.25;29,603.25
Mar 20, 2023 3:00 AM;Mar 20, 2023 4:00 AM;40,146.00;42,965.00;2,819.00;30,041.50
Mar 20, 2023 4:00 AM;Mar 20, 2023 5:00 AM;42,008.50;44,449.00;2,440.50;31,440.25
Mar 20, 2023 5:00 AM;Mar 20, 2023 6:00 AM;46,222.50;48,287.00;2,064.50;34,618.75
Mar 20, 2023 6:00 AM;Mar 20, 2023 7:00 AM;53,369.50;54,047.50;678.00;41,859.25
Mar 20, 2023 7:00 AM;Mar 20, 2023 8:00 AM;58,429.25;58,433.75;4.50;45,766.50
Mar 20, 2023 8:00 AM;Mar 20, 2023 9:00 AM;61,361.25;61,364.00;2.75;45,621.00
Mar 20, 2023 9:00 AM;Mar 20, 2023 10:00 AM;62,065.00;62,080.50;15.50;42,027.25
Mar 20, 2023 10:00 AM;Mar 20, 2023 11:00 AM;62,839.50;63,124.00;284.50;38,896.25
Mar 20, 2023 11:00 AM;Mar 20, 2023 12:00 PM;63,146.25;63,252.75;106.50;36,846.75
Mar 20, 2023 12:00 PM;Mar 20, 2023 1:00 PM;63,110.75;64,153.75;1,043.00;36,309.75
Mar 20, 2023 1:00 PM;Mar 20, 2023 2:00 PM;62,832.50;64,365.50;1,533.00;36,855.75
Mar 20, 2023 2:00 PM;Mar 20, 2023 3:00 PM;60,915.25;61,815.50;900.25;36,691.75
Mar 20, 2023 3:00 PM;Mar 20, 2023 4:00 PM;59,674.75;60,067.00;392.25;38,489.25
Mar 20, 2023 4:00 PM;Mar 20, 2023 5:00 PM;58,921.25;59,293.25;372.00;42,635.25
Mar 20, 2023 5:00 PM;Mar 20, 2023 6:00 PM;60,011.25;60,119.25;108.00;48,320.50
Mar 20, 2023 6:00 PM;Mar 20, 2023 7:00 PM;61,761.00;61,815.75;54.75;52,759.25
Mar 20, 2023 7:00 PM;Mar 20, 2023 8:00 PM;62,446.75;62,449.25;2.50;53,866.75
Mar 20, 2023 8:00 PM;Mar 20, 2023 9:00 PM;58,758.50;58,942.50;184.00;49,624.25
Mar 20, 2023 9:00 PM;Mar 20, 2023 10:00 PM;55,111.75;55,823.50;711.75;45,845.00
Mar 20, 2023 10:00 PM;Mar 20, 2023 11:00 PM;51,735.00;51,959.25;224.25;43,117.75
Mar 20, 2023 11:00 PM;Mar 21, 2023 12:00 AM;47,738.25;47,958.75;220.50;39,967.25
Mar 21, 2023 12:00 AM;Mar 21, 2023 1:00 AM;44,769.00;45,443.25;674.25;37,733.00
Mar 21, 2023 1:00 AM;Mar 21, 2023 2:00 AM;42,961.50;44,028.50;1,067.00;36,767.75
Mar 21, 2023 2:00 AM;Mar 21, 2023 3:00 AM;42,385.75;44,471.75;2,086.00;37,019.00
Mar 21, 2023 3:00 AM;Mar 21, 2023 4:00 AM;42,862.00;45,346.25;2,484.25;37,882.75
Mar 21, 2023 4:00 AM;Mar 21, 2023 5:00 AM;44,789.00;47,423.75;2,634.75;39,957.50
Mar 21, 2023 5:00 AM;Mar 21, 2023 6:00 AM;47,833.00;48,744.75;911.75;42,558.00
Mar 21, 2023 6:00 AM;Mar 21, 2023 7:00 AM;54,260.75;54,331.00;70.25;47,292.75
Mar 21, 2023 7:00 AM;Mar 21, 2023 8:00 AM;58,648.00;58,650.00;2.00;47,727.25
Mar 21, 2023 8:00 AM;Mar 21, 2023 9:00 AM;61,949.50;61,953.50;4.00;45,852.75
Mar 21, 2023 9:00 AM;Mar 21, 2023 10:00 AM;62,857.25;63,060.25;203.00;41,006.50
Mar 21, 2023 10:00 AM;Mar 21, 2023 11:00 AM;63,618.50;64,132.50;514.00;37,109.25
Mar 21, 2023 11:00 AM;Mar 21, 2023 12:00 PM;64,014.00;64,257.00;243.00;34,389.00
Mar 21, 2023 12:00 PM;Mar 21, 2023 1:00 PM;63,660.00;64,052.75;392.75;32,778.50
Mar 21, 2023 1:00 PM;Mar 21, 2023 2:00 PM;63,122.00;64,958.00;1,836.00;32,888.50
Mar 21, 2023 2:00 PM;Mar 21, 2023 3:00 PM;61,688.50;63,145.75;1,457.25;33,752.00
Mar 21, 2023 3:00 PM;Mar 21, 2023 4:00 PM;60,444.25;61,066.00;621.75;36,651.00
Mar 21, 2023 4:00 PM;Mar 21, 2023 5:00 PM;59,689.50;60,171.00;481.50;40,149.25
Mar 21, 2023 5:00 PM;Mar 21, 2023 6:00 PM;60,852.25;60,973.75;121.50;43,932.25
Mar 21, 2023 6:00 PM;Mar 21, 2023 7:00 PM;62,563.50;62,672.25;108.75;45,899.00
Mar 21, 2023 7:00 PM;Mar 21, 2023 8:00 PM;63,514.00;63,575.00;61.00;45,091.25
Mar 21, 2023 8:00 PM;Mar 21, 2023 9:00 PM;59,967.00;60,047.50;80.50;40,524.00
Mar 21, 2023 9:00 PM;Mar 21, 2023 10:00 PM;55,853.50;56,259.75;406.25;35,059.50
Mar 21, 2023 10:00 PM;Mar 21, 2023 11:00 PM;52,377.50;52,669.75;292.25;30,662.50
Mar 21, 2023 11:00 PM;Mar 22, 2023 12:00 AM;48,527.50;48,627.00;99.50;26,605.25
Mar 22, 2023 12:00 AM;Mar 22, 2023 1:00 AM;45,102.50;45,368.75;266.25;21,964.00
Mar 22, 2023 1:00 AM;Mar 22, 2023 2:00 AM;43,988.50;44,812.50;824.00;19,987.50
Mar 22, 2023 2:00 AM;Mar 22, 2023 3:00 AM;44,257.00;46,310.75;2,053.75;19,532.50
Mar 22, 2023 3:00 AM;Mar 22, 2023 4:00 AM;44,879.50;47,505.00;2,625.50;20,288.75
Mar 22, 2023 4:00 AM;Mar 22, 2023 5:00 AM;46,033.00;49,526.25;3,493.25;21,382.25
Mar 22, 2023 5:00 AM;Mar 22, 2023 6:00 AM;49,222.25;50,581.50;1,359.25;23,233.50
Mar 22, 2023 6:00 AM;Mar 22, 2023 7:00 AM;56,056.75;56,337.75;281.00;27,639.00
Mar 22, 2023 7:00 AM;Mar 22, 2023 8:00 AM;61,063.50;61,115.25;51.75;28,747.75
Mar 22, 2023 8:00 AM;Mar 22, 2023 9:00 AM;62,923.00;63,092.50;169.50;26,010.00
Mar 22, 2023 9:00 AM;Mar 22, 2023 10:00 AM;62,652.00;64,068.25;1,416.25;18,574.75
Mar 22, 2023 10:00 AM;Mar 22, 2023 11:00 AM;63,057.50;67,014.75;3,957.25;12,349.00
Mar 22, 2023 11:00 AM;Mar 22, 2023 12:00 PM;63,299.75;68,348.50;5,048.75;8,440.50
Mar 22, 2023 12:00 PM;Mar 22, 2023 1:00 PM;63,482.50;69,127.50;5,645.00;9,942.00
Mar 22, 2023 1:00 PM;Mar 22, 2023 2:00 PM;63,198.25;68,690.75;5,492.50;12,206.50
Mar 22, 2023 2:00 PM;Mar 22, 2023 3:00 PM;61,973.50;67,027.50;5,054.00;13,550.75
Mar 22, 2023 3:00 PM;Mar 22, 2023 4:00 PM;61,087.75;64,743.25;3,655.50;17,387.25
Mar 22, 2023 4:00 PM;Mar 22, 2023 5:00 PM;60,042.25;60,609.75;567.50;24,582.25
Mar 22, 2023 5:00 PM;Mar 22, 2023 6:00 PM;60,815.00;60,965.50;150.50;30,413.50
Mar 22, 2023 6:00 PM;Mar 22, 2023 7:00 PM;63,168.00;63,213.25;45.25;35,394.50
Mar 22, 2023 7:00 PM;Mar 22, 2023 8:00 PM;63,849.00;63,878.25;29.25;35,601.00
Mar 22, 2023 8:00 PM;Mar 22, 2023 9:00 PM;60,826.75;60,994.25;167.50;31,394.75
Mar 22, 2023 9:00 PM;Mar 22, 2023 10:00 PM;56,672.50;56,999.75;327.25;26,412.00
Mar 22, 2023 10:00 PM;Mar 22, 2023 11:00 PM;52,471.25;52,933.50;462.25;21,177.00
Mar 22, 2023 11:00 PM;Mar 23, 2023 12:00 AM;48,502.75;50,424.50;1,921.75;16,289.25
Mar 23, 2023 12:00 AM;Mar 23, 2023 1:00 AM;46,145.75;50,732.50;4,586.75;13,863.25
Mar 23, 2023 1:00 AM;Mar 23, 2023 2:00 AM;45,008.50;50,343.50;5,335.00;12,565.00
Mar 23, 2023 2:00 AM;Mar 23, 2023 3:00 AM;44,548.50;50,064.75;5,516.25;11,759.75
Mar 23, 2023 3:00 AM;Mar 23, 2023 4:00 AM;45,051.50;50,774.25;5,722.75;12,873.75
Mar 23, 2023 4:00 AM;Mar 23, 2023 5:00 AM;46,146.00;50,706.50;4,560.50;13,352.25
Mar 23, 2023 5:00 AM;Mar 23, 2023 6:00 AM;49,667.75;53,372.25;3,704.50;15,426.75
Mar 23, 2023 6:00 AM;Mar 23, 2023 7:00 AM;56,138.75;56,446.50;307.75;20,214.25
Mar 23, 2023 7:00 AM;Mar 23, 2023 8:00 AM;60,678.00;60,787.25;109.25;24,390.25
Mar 23, 2023 8:00 AM;Mar 23, 2023 9:00 AM;62,434.25;62,515.00;80.75;25,971.00
Mar 23, 2023 9:00 AM;Mar 23, 2023 10:00 AM;62,346.25;62,728.00;381.75;24,281.50
Mar 23, 2023 10:00 AM;Mar 23, 2023 11:00 AM;64,422.25;65,503.00;1,080.75;23,421.50
Mar 23, 2023 11:00 AM;Mar 23, 2023 12:00 PM;65,510.00;65,636.50;126.50;22,884.25
Mar 23, 2023 12:00 PM;Mar 23, 2023 1:00 PM;65,972.25;68,476.50;2,504.25;23,269.00
Mar 23, 2023 1:00 PM;Mar 23, 2023 2:00 PM;65,737.50;69,877.50;4,140.00;23,358.50
Mar 23, 2023 2:00 PM;Mar 23, 2023 3:00 PM;64,040.25;68,914.75;4,874.50;22,463.50
Mar 23, 2023 3:00 PM;Mar 23, 2023 4:00 PM;62,317.75;65,261.25;2,943.50;25,454.25
Mar 23, 2023 4:00 PM;Mar 23, 2023 5:00 PM;61,097.75;62,317.50;1,219.75;29,645.00
Mar 23, 2023 5:00 PM;Mar 23, 2023 6:00 PM;62,375.50;62,794.50;419.00;36,034.75
Mar 23, 2023 6:00 PM;Mar 23, 2023 7:00 PM;62,996.00;63,059.50;63.50;38,734.50
Mar 23, 2023 7:00 PM;Mar 23, 2023 8:00 PM;62,591.00;62,658.00;67.00;37,738.00
Mar 23, 2023 8:00 PM;Mar 23, 2023 9:00 PM;59,071.25;59,245.75;174.50;32,581.50
Mar 23, 2023 9:00 PM;Mar 23, 2023 10:00 PM;55,450.25;55,576.50;126.25;26,526.00
Mar 23, 2023 10:00 PM;Mar 23, 2023 11:00 PM;52,238.75;52,467.00;228.25;22,319.25
Mar 23, 2023 11:00 PM;Mar 24, 2023 12:00 AM;48,904.00;49,221.50;317.50;19,048.75
Mar 24, 2023 12:00 AM;Mar 24, 2023 1:00 AM;46,026.50;46,881.50;855.00;16,909.75
Mar 24, 2023 1:00 AM;Mar 24, 2023 2:00 AM;44,608.50;46,494.75;1,886.25;13,710.25
Mar 24, 2023 2:00 AM;Mar 24, 2023 3:00 AM;44,206.25;48,764.00;4,557.75;11,178.00
Mar 24, 2023 3:00 AM;Mar 24, 2023 4:00 AM;45,204.50;51,098.75;5,894.25;10,043.00
Mar 24, 2023 4:00 AM;Mar 24, 2023 5:00 AM;46,424.25;52,469.00;6,044.75;8,764.25
Mar 24, 2023 5:00 AM;Mar 24, 2023 6:00 AM;49,706.50;53,646.50;3,940.00;10,752.50
Mar 24, 2023 6:00 AM;Mar 24, 2023 7:00 AM;55,425.50;55,981.25;555.75;16,759.50
Mar 24, 2023 7:00 AM;Mar 24, 2023 8:00 AM;60,450.00;60,634.25;184.25;21,753.00
Mar 24, 2023 8:00 AM;Mar 24, 2023 9:00 AM;63,537.00;63,735.75;198.75;23,975.25
Mar 24, 2023 9:00 AM;Mar 24, 2023 10:00 AM;64,610.00;64,840.75;230.75;22,759.00
Mar 24, 2023 10:00 AM;Mar 24, 2023 11:00 AM;65,313.25;67,154.50;1,841.25;21,104.75
Mar 24, 2023 11:00 AM;Mar 24, 2023 12:00 PM;65,520.00;68,945.00;3,425.00;19,534.25
Mar 24, 2023 12:00 PM;Mar 24, 2023 1:00 PM;63,902.00;68,192.25;4,290.25;17,650.25
Mar 24, 2023 1:00 PM;Mar 24, 2023 2:00 PM;61,924.00;66,047.75;4,123.75;16,873.25
Mar 24, 2023 2:00 PM;Mar 24, 2023 3:00 PM;60,345.25;64,803.75;4,458.50;18,129.50
Mar 24, 2023 3:00 PM;Mar 24, 2023 4:00 PM;59,477.25;61,652.00;2,174.75;21,203.00
Mar 24, 2023 4:00 PM;Mar 24, 2023 5:00 PM;58,652.75;59,577.50;924.75;25,075.50
Mar 24, 2023 5:00 PM;Mar 24, 2023 6:00 PM;59,333.75;59,474.25;140.50;31,028.25
Mar 24, 2023 6:00 PM;Mar 24, 2023 7:00 PM;60,951.75;61,039.25;87.50;34,361.75
Mar 24, 2023 7:00 PM;Mar 24, 2023 8:00 PM;61,349.50;61,516.75;167.25;31,835.75
Mar 24, 2023 8:00 PM;Mar 24, 2023 9:00 PM;57,354.25;57,617.75;263.50;25,652.75
Mar 24, 2023 9:00 PM;Mar 24, 2023 10:00 PM;53,039.00;53,461.25;422.25;20,200.00
Mar 24, 2023 10:00 PM;Mar 24, 2023 11:00 PM;50,736.75;51,120.00;383.25;17,554.50
Mar 24, 2023 11:00 PM;Mar 25, 2023 12:00 AM;47,243.25;48,070.75;827.50;13,779.00
Mar 25, 2023 12:00 AM;Mar 25, 2023 1:00 AM;44,329.00;45,529.50;1,200.50;9,407.00
Mar 25, 2023 1:00 AM;Mar 25, 2023 2:00 AM;42,585.50;44,126.75;1,541.25;9,083.75
Mar 25, 2023 2:00 AM;Mar 25, 2023 3:00 AM;41,468.50;44,406.75;2,938.25;7,675.75
Mar 25, 2023 3:00 AM;Mar 25, 2023 4:00 AM;41,340.25;44,731.25;3,391.00;8,005.50
Mar 25, 2023 4:00 AM;Mar 25, 2023 5:00 AM;41,821.00;45,776.25;3,955.25;8,222.25
Mar 25, 2023 5:00 AM;Mar 25, 2023 6:00 AM;42,448.00;44,939.25;2,491.25;8,966.50
Mar 25, 2023 6:00 AM;Mar 25, 2023 7:00 AM;43,123.50;45,280.25;2,156.75;8,801.75
Mar 25, 2023 7:00 AM;Mar 25, 2023 8:00 AM;45,902.25;47,752.00;1,849.75;6,925.50
Mar 25, 2023 8:00 AM;Mar 25, 2023 9:00 AM;49,655.25;51,753.50;2,098.25;5,605.25
Mar 25, 2023 9:00 AM;Mar 25, 2023 10:00 AM;52,699.50;56,356.25;3,656.75;5,004.50
Mar 25, 2023 10:00 AM;Mar 25, 2023 11:00 AM;53,722.00;57,925.50;4,203.50;5,109.75
Mar 25, 2023 11:00 AM;Mar 25, 2023 12:00 PM;54,631.25;59,685.25;5,054.00;6,663.25
Mar 25, 2023 12:00 PM;Mar 25, 2023 1:00 PM;53,661.00;59,188.50;5,527.50;6,687.50
Mar 25, 2023 1:00 PM;Mar 25, 2023 2:00 PM;51,788.25;56,914.50;5,126.25;4,937.50
Mar 25, 2023 2:00 PM;Mar 25, 2023 3:00 PM;50,310.00;55,153.00;4,843.00;6,308.25
Mar 25, 2023 3:00 PM;Mar 25, 2023 4:00 PM;49,721.00;54,255.50;4,534.50;7,376.50
Mar 25, 2023 4:00 PM;Mar 25, 2023 5:00 PM;49,661.00;53,433.00;3,772.00;7,860.00
Mar 25, 2023 5:00 PM;Mar 25, 2023 6:00 PM;51,361.50;52,563.00;1,201.50;11,806.75
Mar 25, 2023 6:00 PM;Mar 25, 2023 7:00 PM;53,352.75;53,523.25;170.50;16,782.50
Mar 25, 2023 7:00 PM;Mar 25, 2023 8:00 PM;53,871.75;54,124.00;252.25;16,456.25
Mar 25, 2023 8:00 PM;Mar 25, 2023 9:00 PM;50,827.75;51,310.00;482.25;12,114.75
Mar 25, 2023 9:00 PM;Mar 25, 2023 10:00 PM;48,411.00;49,257.25;846.25;9,600.75
Mar 25, 2023 10:00 PM;Mar 25, 2023 11:00 PM;46,532.50;48,390.75;1,858.25;10,097.50
Mar 25, 2023 11:00 PM;Mar 26, 2023 12:00 AM;43,275.75;45,297.25;2,021.50;8,225.25
Mar 26, 2023 12:00 AM;Mar 26, 2023 1:00 AM;41,363.00;44,718.75;3,355.75;8,024.25
Mar 26, 2023 1:00 AM;Mar 26, 2023 2:00 AM;39,824.00;43,247.00;3,423.00;8,297.50
Mar 26, 2023 3:00 AM;Mar 26, 2023 4:00 AM;39,337.00;42,391.75;3,054.75;9,669.00
Mar 26, 2023 4:00 AM;Mar 26, 2023 5:00 AM;39,307.75;41,826.25;2,518.50;12,991.75
Mar 26, 2023 5:00 AM;Mar 26, 2023 6:00 AM;39,678.25;41,749.50;2,071.25;16,986.75
Mar 26, 2023 6:00 AM;Mar 26, 2023 7:00 AM;39,135.75;39,786.25;650.50;20,158.75
Mar 26, 2023 7:00 AM;Mar 26, 2023 8:00 AM;39,348.25;40,173.00;824.75;23,544.75
Mar 26, 2023 8:00 AM;Mar 26, 2023 9:00 AM;41,621.25;42,125.50;504.25;26,602.00
Mar 26, 2023 9:00 AM;Mar 26, 2023 10:00 AM;44,848.00;44,978.75;130.75;27,812.00
Mar 26, 2023 10:00 AM;Mar 26, 2023 11:00 AM;47,797.00;47,933.25;136.25;27,812.00
Mar 26, 2023 11:00 AM;Mar 26, 2023 12:00 PM;50,207.75;50,379.75;172.00;27,869.25
Mar 26, 2023 12:00 PM;Mar 26, 2023 1:00 PM;50,154.00;51,252.25;1,098.25;24,845.75
Mar 26, 2023 1:00 PM;Mar 26, 2023 2:00 PM;48,941.00;52,030.25;3,089.25;20,565.50
Mar 26, 2023 2:00 PM;Mar 26, 2023 3:00 PM;48,249.50;52,168.75;3,919.25;19,025.25
Mar 26, 2023 3:00 PM;Mar 26, 2023 4:00 PM;47,266.25;50,674.50;3,408.25;17,727.00
Mar 26, 2023 4:00 PM;Mar 26, 2023 5:00 PM;46,687.50;49,827.25;3,139.75;19,523.00
Mar 26, 2023 5:00 PM;Mar 26, 2023 6:00 PM;47,905.50;48,810.50;905.00;22,552.50
Mar 26, 2023 6:00 PM;Mar 26, 2023 7:00 PM;50,692.50;51,028.00;335.50;27,898.75
Mar 26, 2023 7:00 PM;Mar 26, 2023 8:00 PM;51,758.50;52,008.75;250.25;30,003.00
Mar 26, 2023 8:00 PM;Mar 26, 2023 9:00 PM;51,069.50;51,364.50;295.00;28,449.75
Mar 26, 2023 9:00 PM;Mar 26, 2023 10:00 PM;49,553.75;49,852.50;298.75;25,996.00
Mar 26, 2023 10:00 PM;Mar 26, 2023 11:00 PM;48,611.00;48,931.00;320.00;24,815.25
Mar 26, 2023 11:00 PM;Mar 27, 2023 12:00 AM;45,275.00;45,768.75;493.75;21,397.75
Mar 27, 2023 12:00 AM;Mar 27, 2023 1:00 AM;43,696.25;46,068.00;2,371.75;19,324.25
Mar 27, 2023 1:00 AM;Mar 27, 2023 2:00 AM;42,578.25;45,288.00;2,709.75;17,892.00
Mar 27, 2023 2:00 AM;Mar 27, 2023 3:00 AM;42,118.00;45,918.00;3,800.00;16,879.75
Mar 27, 2023 3:00 AM;Mar 27, 2023 4:00 AM;42,826.00;46,642.75;3,816.75;17,062.75
Mar 27, 2023 4:00 AM;Mar 27, 2023 5:00 AM;44,355.75;48,193.50;3,837.75;19,090.50
Mar 27, 2023 5:00 AM;Mar 27, 2023 6:00 AM;47,724.50;48,456.00;731.50;23,615.50
Mar 27, 2023 6:00 AM;Mar 27, 2023 7:00 AM;55,047.00;55,178.75;131.75;31,717.50
Mar 27, 2023 7:00 AM;Mar 27, 2023 8:00 AM;59,478.50;59,566.00;87.50;36,777.00
Mar 27, 2023 8:00 AM;Mar 27, 2023 9:00 AM;62,049.75;62,104.50;54.75;38,416.25
Mar 27, 2023 9:00 AM;Mar 27, 2023 10:00 AM;62,275.25;62,463.50;188.25;32,514.50
Mar 27, 2023 10:00 AM;Mar 27, 2023 11:00 AM;63,462.00;63,904.75;442.75;25,807.75
Mar 27, 2023 11:00 AM;Mar 27, 2023 12:00 PM;64,043.50;65,376.50;1,333.00;21,838.50
Mar 27, 2023 12:00 PM;Mar 27, 2023 1:00 PM;63,526.00;68,178.75;4,652.75;17,318.75
Mar 27, 2023 1:00 PM;Mar 27, 2023 2:00 PM;63,278.50;69,314.00;6,035.50;14,481.25
Mar 27, 2023 2:00 PM;Mar 27, 2023 3:00 PM;61,606.50;67,924.25;6,317.75;11,602.75
Mar 27, 2023 3:00 PM;Mar 27, 2023 4:00 PM;60,189.25;66,030.25;5,841.00;11,618.50
Mar 27, 2023 4:00 PM;Mar 27, 2023 5:00 PM;59,471.50;65,074.50;5,603.00;13,893.25
Mar 27, 2023 5:00 PM;Mar 27, 2023 6:00 PM;59,582.00;61,940.00;2,358.00;19,826.25
Mar 27, 2023 6:00 PM;Mar 27, 2023 7:00 PM;60,558.50;60,995.75;437.25;27,864.50
Mar 27, 2023 7:00 PM;Mar 27, 2023 8:00 PM;61,987.75;62,090.25;102.50;32,941.75
Mar 27, 2023 8:00 PM;Mar 27, 2023 9:00 PM;61,211.00;61,279.50;68.50;32,309.75
Mar 27, 2023 9:00 PM;Mar 27, 2023 10:00 PM;57,306.00;57,581.75;275.75;28,432.50
Mar 27, 2023 10:00 PM;Mar 27, 2023 11:00 PM;54,662.50;54,964.25;301.75;25,141.00
Mar 27, 2023 11:00 PM;Mar 28, 2023 12:00 AM;51,342.50;52,100.25;757.75;23,056.25
Mar 28, 2023 12:00 AM;Mar 28, 2023 1:00 AM;49,172.75;53,092.75;3,920.00;20,688.00
Mar 28, 2023 1:00 AM;Mar 28, 2023 2:00 AM;48,080.50;52,046.75;3,966.25;19,787.75
Mar 28, 2023 2:00 AM;Mar 28, 2023 3:00 AM;47,536.75;51,445.00;3,908.25;20,630.00
Mar 28, 2023 3:00 AM;Mar 28, 2023 4:00 AM;47,303.25;49,602.75;2,299.50;23,233.00
Mar 28, 2023 4:00 AM;Mar 28, 2023 5:00 AM;48,872.50;50,078.00;1,205.50;27,590.00
Mar 28, 2023 5:00 AM;Mar 28, 2023 6:00 AM;52,018.75;52,426.75;408.00;32,110.75
Mar 28, 2023 6:00 AM;Mar 28, 2023 7:00 AM;58,599.50;58,673.00;73.50;40,311.25
Mar 28, 2023 7:00 AM;Mar 28, 2023 8:00 AM;62,633.50;62,721.00;87.50;45,887.25
Mar 28, 2023 8:00 AM;Mar 28, 2023 9:00 AM;64,425.50;64,509.50;84.00;46,332.25
Mar 28, 2023 9:00 AM;Mar 28, 2023 10:00 AM;64,676.50;64,815.50;139.00;41,928.00
Mar 28, 2023 10:00 AM;Mar 28, 2023 11:00 AM;64,299.50;65,534.75;1,235.25;34,815.00
Mar 28, 2023 11:00 AM;Mar 28, 2023 12:00 PM;64,841.00;67,498.75;2,657.75;30,775.25
Mar 28, 2023 12:00 PM;Mar 28, 2023 1:00 PM;64,992.50;68,485.75;3,493.25;28,975.75
Mar 28, 2023 1:00 PM;Mar 28, 2023 2:00 PM;63,246.00;68,947.75;5,701.75;25,942.50
Mar 28, 2023 2:00 PM;Mar 28, 2023 3:00 PM;61,131.25;66,926.50;5,795.25;23,480.00
Mar 28, 2023 3:00 PM;Mar 28, 2023 4:00 PM;60,188.75;65,060.25;4,871.50;24,439.50
Mar 28, 2023 4:00 PM;Mar 28, 2023 5:00 PM;58,860.00;61,107.50;2,247.50;28,567.25
Mar 28, 2023 5:00 PM;Mar 28, 2023 6:00 PM;59,016.75;60,841.25;1,824.50;37,000.50
Mar 28, 2023 6:00 PM;Mar 28, 2023 7:00 PM;60,122.25;60,669.00;546.75;46,679.00
Mar 28, 2023 7:00 PM;Mar 28, 2023 8:00 PM;61,583.00;61,662.50;79.50;52,854.00
Mar 28, 2023 8:00 PM;Mar 28, 2023 9:00 PM;59,859.25;59,910.50;51.25;49,692.50
Mar 28, 2023 9:00 PM;Mar 28, 2023 10:00 PM;56,836.00;57,234.25;398.25;44,207.75
Mar 28, 2023 10:00 PM;Mar 28, 2023 11:00 PM;53,517.25;54,071.00;553.75;39,259.75
Mar 28, 2023 11:00 PM;Mar 29, 2023 12:00 AM;49,743.25;50,310.00;566.75;33,901.00
Mar 29, 2023 12:00 AM;Mar 29, 2023 1:00 AM;46,963.75;48,185.25;1,221.50;30,829.00
Mar 29, 2023 1:00 AM;Mar 29, 2023 2:00 AM;45,569.00;46,707.00;1,138.00;29,488.00
Mar 29, 2023 2:00 AM;Mar 29, 2023 3:00 AM;45,183.50;47,114.75;1,931.25;29,137.75
Mar 29, 2023 3:00 AM;Mar 29, 2023 4:00 AM;45,651.00;48,241.00;2,590.00;29,284.00
Mar 29, 2023 4:00 AM;Mar 29, 2023 5:00 AM;47,224.00;50,127.25;2,903.25;30,693.25
Mar 29, 2023 5:00 AM;Mar 29, 2023 6:00 AM;50,470.25;51,305.25;835.00;33,558.75
Mar 29, 2023 6:00 AM;Mar 29, 2023 7:00 AM;57,099.00;57,439.75;340.75;40,015.25
Mar 29, 2023 7:00 AM;Mar 29, 2023 8:00 AM;61,479.25;61,538.50;59.25;44,632.50
Mar 29, 2023 8:00 AM;Mar 29, 2023 9:00 AM;63,864.25;63,922.75;58.50;46,480.75
Mar 29, 2023 9:00 AM;Mar 29, 2023 10:00 AM;64,709.25;64,728.25;19.00;46,529.25
Mar 29, 2023 10:00 AM;Mar 29, 2023 11:00 AM;65,706.50;65,721.25;14.75;44,859.00
Mar 29, 2023 11:00 AM;Mar 29, 2023 12:00 PM;66,061.25;66,169.75;108.50;42,583.50
Mar 29, 2023 12:00 PM;Mar 29, 2023 1:00 PM;64,942.00;65,818.75;876.75;38,695.00
Mar 29, 2023 1:00 PM;Mar 29, 2023 2:00 PM;63,523.25;66,759.75;3,236.50;35,459.00
Mar 29, 2023 2:00 PM;Mar 29, 2023 3:00 PM;61,571.75;64,969.50;3,397.75;33,614.75
Mar 29, 2023 3:00 PM;Mar 29, 2023 4:00 PM;60,791.25;63,180.50;2,389.25;35,193.75
Mar 29, 2023 4:00 PM;Mar 29, 2023 5:00 PM;59,475.25;60,432.50;957.25;38,754.00
Mar 29, 2023 5:00 PM;Mar 29, 2023 6:00 PM;59,825.00;60,145.50;320.50;44,387.50
Mar 29, 2023 6:00 PM;Mar 29, 2023 7:00 PM;60,150.50;60,230.00;79.50;49,704.75
Mar 29, 2023 7:00 PM;Mar 29, 2023 8:00 PM;61,163.00;61,219.25;56.25;51,714.25
Mar 29, 2023 8:00 PM;Mar 29, 2023 9:00 PM;58,958.50;58,980.25;21.75;47,201.25
Mar 29, 2023 9:00 PM;Mar 29, 2023 10:00 PM;55,504.00;55,790.25;286.25;41,378.50
Mar 29, 2023 10:00 PM;Mar 29, 2023 11:00 PM;52,165.00;53,081.50;916.50;35,576.25
Mar 29, 2023 11:00 PM;Mar 30, 2023 12:00 AM;48,574.50;49,363.25;788.75;29,827.75
Mar 30, 2023 12:00 AM;Mar 30, 2023 1:00 AM;44,912.00;45,614.75;702.75;23,757.75
Mar 30, 2023 1:00 AM;Mar 30, 2023 2:00 AM;43,515.00;44,748.00;1,233.00;21,142.25
Mar 30, 2023 2:00 AM;Mar 30, 2023 3:00 AM;42,927.00;45,238.00;2,311.00;19,793.50
Mar 30, 2023 3:00 AM;Mar 30, 2023 4:00 AM;42,923.50;46,819.00;3,895.50;18,550.25
Mar 30, 2023 4:00 AM;Mar 30, 2023 5:00 AM;45,646.75;49,930.25;4,283.50;20,050.50
Mar 30, 2023 5:00 AM;Mar 30, 2023 6:00 AM;49,752.75;53,106.50;3,353.75;22,881.00
Mar 30, 2023 6:00 AM;Mar 30, 2023 7:00 AM;55,782.75;56,049.00;266.25;26,303.75
Mar 30, 2023 7:00 AM;Mar 30, 2023 8:00 AM;60,637.00;60,717.50;80.50;29,957.75
Mar 30, 2023 8:00 AM;Mar 30, 2023 9:00 AM;63,343.50;63,429.25;85.75;30,038.00
Mar 30, 2023 9:00 AM;Mar 30, 2023 10:00 AM;64,680.75;64,797.75;117.00;28,228.50
Mar 30, 2023 10:00 AM;Mar 30, 2023 11:00 AM;65,576.50;65,917.50;341.00;24,434.75
Mar 30, 2023 11:00 AM;Mar 30, 2023 12:00 PM;66,022.50;67,155.50;1,133.00;21,089.75
Mar 30, 2023 12:00 PM;Mar 30, 2023 1:00 PM;66,584.50;70,987.75;4,403.25;16,786.00
Mar 30, 2023 1:00 PM;Mar 30, 2023 2:00 PM;64,927.50;70,737.50;5,810.00;11,717.25
Mar 30, 2023 2:00 PM;Mar 30, 2023 3:00 PM;63,361.50;69,655.75;6,294.25;8,738.00
Mar 30, 2023 3:00 PM;Mar 30, 2023 4:00 PM;62,052.25;68,770.50;6,718.25;8,550.25
Mar 30, 2023 4:00 PM;Mar 30, 2023 5:00 PM;61,136.50;67,161.25;6,024.75;11,867.75
Mar 30, 2023 5:00 PM;Mar 30, 2023 6:00 PM;60,952.50;64,729.25;3,776.75;15,925.50
Mar 30, 2023 6:00 PM;Mar 30, 2023 7:00 PM;61,316.00;62,276.00;960.00;23,850.25
Mar 30, 2023 7:00 PM;Mar 30, 2023 8:00 PM;62,006.50;62,118.25;111.75;29,987.75
Mar 30, 2023 8:00 PM;Mar 30, 2023 9:00 PM;60,735.50;60,788.75;53.25;29,625.50
Mar 30, 2023 9:00 PM;Mar 30, 2023 10:00 PM;57,398.00;57,596.75;198.75;26,080.00
Mar 30, 2023 10:00 PM;Mar 30, 2023 11:00 PM;54,057.00;54,325.75;268.75;23,016.75
Mar 30, 2023 11:00 PM;Mar 31, 2023 12:00 AM;49,878.00;50,822.75;944.75;20,350.00
Mar 31, 2023 12:00 AM;Mar 31, 2023 1:00 AM;47,066.50;51,135.25;4,068.75;17,612.00
Mar 31, 2023 1:00 AM;Mar 31, 2023 2:00 AM;46,106.50;51,413.25;5,306.75;15,960.75
Mar 31, 2023 2:00 AM;Mar 31, 2023 3:00 AM;45,174.00;50,983.50;5,809.50;15,602.75
Mar 31, 2023 3:00 AM;Mar 31, 2023 4:00 AM;45,114.25;50,901.00;5,786.75;17,823.00
Mar 31, 2023 4:00 AM;Mar 31, 2023 5:00 AM;46,177.25;50,508.50;4,331.25;22,473.75
Mar 31, 2023 5:00 AM;Mar 31, 2023 6:00 AM;49,448.25;51,042.25;1,594.00;28,429.25
Mar 31, 2023 6:00 AM;Mar 31, 2023 7:00 AM;55,562.50;55,882.75;320.25;36,211.75
Mar 31, 2023 7:00 AM;Mar 31, 2023 8:00 AM;59,775.75;59,835.25;59.50;41,110.50
Mar 31, 2023 8:00 AM;Mar 31, 2023 9:00 AM;62,621.50;62,624.25;2.75;43,314.75
Mar 31, 2023 9:00 AM;Mar 31, 2023 10:00 AM;63,063.00;63,068.50;5.50;42,088.50
Mar 31, 2023 10:00 AM;Mar 31, 2023 11:00 AM;64,161.75;64,279.25;117.50;39,226.25
Mar 31, 2023 11:00 AM;Mar 31, 2023 12:00 PM;63,881.75;64,089.75;208.00;34,736.00
Mar 31, 2023 12:00 PM;Mar 31, 2023 1:00 PM;63,298.00;63,710.25;412.25;31,464.75
Mar 31, 2023 1:00 PM;Mar 31, 2023 2:00 PM;61,352.25;61,913.75;561.50;30,116.75
Mar 31, 2023 2:00 PM;Mar 31, 2023 3:00 PM;59,687.25;60,643.25;956.00;28,894.00
Mar 31, 2023 3:00 PM;Mar 31, 2023 4:00 PM;58,572.75;59,466.25;893.50;29,075.25
Mar 31, 2023 4:00 PM;Mar 31, 2023 5:00 PM;57,678.00;58,069.00;391.00;31,469.25
Mar 31, 2023 5:00 PM;Mar 31, 2023 6:00 PM;58,129.75;58,428.00;298.25;36,480.25
Mar 31, 2023 6:00 PM;Mar 31, 2023 7:00 PM;58,305.75;58,344.00;38.25;40,331.25
Mar 31, 2023 7:00 PM;Mar 31, 2023 8:00 PM;59,463.25;59,550.25;87.00;42,489.50
Mar 31, 2023 8:00 PM;Mar 31, 2023 9:00 PM;57,709.50;57,864.00;154.50;38,780.25
Mar 31, 2023 9:00 PM;Mar 31, 2023 10:00 PM;54,459.75;55,193.00;733.25;33,583.75
Mar 31, 2023 10:00 PM;Mar 31, 2023 11:00 PM;51,789.50;52,364.75;575.25;29,833.25
Mar 31, 2023 11:00 PM;Apr 1, 2023 12:00 AM;48,024.25;48,710.50;686.25;25,304.25
Apr 1, 2023 12:00 AM;Apr 1, 2023 1:00 AM;44,765.00;45,430.00;665.00;21,045.25
Apr 1, 2023 1:00 AM;Apr 1, 2023 2:00 AM;42,753.50;43,739.75;986.25;18,352.75
Apr 1, 2023 2:00 AM;Apr 1, 2023 3:00 AM;41,649.25;44,030.00;2,380.75;16,496.25
Apr 1, 2023 3:00 AM;Apr 1, 2023 4:00 AM;41,689.75;46,386.25;4,696.50;15,610.00
Apr 1, 2023 4:00 AM;Apr 1, 2023 5:00 AM;41,993.50;47,496.25;5,502.75;15,108.25
Apr 1, 2023 5:00 AM;Apr 1, 2023 6:00 AM;42,848.25;47,668.00;4,819.75;14,850.50
Apr 1, 2023 6:00 AM;Apr 1, 2023 7:00 AM;44,819.25;47,987.50;3,168.25;14,990.00
Apr 1, 2023 7:00 AM;Apr 1, 2023 8:00 AM;47,326.00;49,335.50;2,009.50;16,329.00
Apr 1, 2023 8:00 AM;Apr 1, 2023 9:00 AM;50,972.25;52,776.00;1,803.75;17,511.50
Apr 1, 2023 9:00 AM;Apr 1, 2023 10:00 AM;54,142.00;55,764.75;1,622.75;17,714.25
Apr 1, 2023 10:00 AM;Apr 1, 2023 11:00 AM;56,328.75;57,768.25;1,439.50;17,992.00
Apr 1, 2023 11:00 AM;Apr 1, 2023 12:00 PM;57,572.00;59,791.25;2,219.25;17,911.75
Apr 1, 2023 12:00 PM;Apr 1, 2023 1:00 PM;57,130.00;61,067.25;3,937.25;17,127.00
Apr 1, 2023 1:00 PM;Apr 1, 2023 2:00 PM;55,578.00;60,824.25;5,246.25;15,683.75
Apr 1, 2023 2:00 PM;Apr 1, 2023 3:00 PM;53,829.75;60,216.75;6,387.00;14,227.00
Apr 1, 2023 3:00 PM;Apr 1, 2023 4:00 PM;53,278.75;59,250.50;5,971.75;14,018.25
Apr 1, 2023 4:00 PM;Apr 1, 2023 5:00 PM;52,695.25;58,345.25;5,650.00;14,224.00
Apr 1, 2023 5:00 PM;Apr 1, 2023 6:00 PM;53,932.00;56,390.50;2,458.50;17,204.50
Apr 1, 2023 6:00 PM;Apr 1, 2023 7:00 PM;53,863.50;54,378.00;514.50;19,902.00
Apr 1, 2023 7:00 PM;Apr 1, 2023 8:00 PM;54,869.25;55,271.00;401.75;22,746.00
Apr 1, 2023 8:00 PM;Apr 1, 2023 9:00 PM;53,133.50;53,536.25;402.75;21,445.75
Apr 1, 2023 9:00 PM;Apr 1, 2023 10:00 PM;50,247.75;50,651.25;403.50;19,335.25
Apr 1, 2023 10:00 PM;Apr 1, 2023 11:00 PM;48,761.25;49,253.25;492.00;18,876.50
Apr 1, 2023 11:00 PM;Apr 2, 2023 12:00 AM;45,654.25;46,247.75;593.50;16,255.75
Apr 2, 2023 12:00 AM;Apr 2, 2023 1:00 AM;43,906.50;44,700.50;794.00;14,060.00
Apr 2, 2023 1:00 AM;Apr 2, 2023 2:00 AM;41,614.50;42,970.00;1,355.50;11,851.00
Apr 2, 2023 2:00 AM;Apr 2, 2023 3:00 AM;40,152.75;41,129.50;976.75;11,973.50
Apr 2, 2023 3:00 AM;Apr 2, 2023 4:00 AM;39,700.50;41,744.00;2,043.50;13,005.25
Apr 2, 2023 4:00 AM;Apr 2, 2023 5:00 AM;39,942.00;41,672.50;1,730.50;14,990.00
Apr 2, 2023 5:00 AM;Apr 2, 2023 6:00 AM;39,943.50;41,375.25;1,431.75;15,935.00
Apr 2, 2023 6:00 AM;Apr 2, 2023 7:00 AM;39,880.75;40,588.00;707.25;16,510.25
Apr 2, 2023 7:00 AM;Apr 2, 2023 8:00 AM;41,123.25;41,503.50;380.25;18,063.25
Apr 2, 2023 8:00 AM;Apr 2, 2023 9:00 AM;44,148.25;44,460.25;312.00;19,508.75
Apr 2, 2023 9:00 AM;Apr 2, 2023 10:00 AM;47,291.25;47,858.00;566.75;18,795.50
Apr 2, 2023 10:00 AM;Apr 2, 2023 11:00 AM;49,602.25;50,861.50;1,259.25;17,749.25
Apr 2, 2023 11:00 AM;Apr 2, 2023 12:00 PM;50,939.50;52,410.25;1,470.75;17,041.50
Apr 2, 2023 12:00 PM;Apr 2, 2023 1:00 PM;51,225.50;54,817.25;3,591.75;15,474.25
Apr 2, 2023 1:00 PM;Apr 2, 2023 2:00 PM;50,097.25;55,312.00;5,214.75;12,941.75
Apr 2, 2023 2:00 PM;Apr 2, 2023 3:00 PM;48,528.25;54,787.25;6,259.00;10,793.50
Apr 2, 2023 3:00 PM;Apr 2, 2023 4:00 PM;47,669.25;53,588.25;5,919.00;11,293.50
Apr 2, 2023 4:00 PM;Apr 2, 2023 5:00 PM;47,433.75;53,338.50;5,904.75;14,430.25
Apr 2, 2023 5:00 PM;Apr 2, 2023 6:00 PM;48,943.50;52,756.00;3,812.50;20,277.50
Apr 2, 2023 6:00 PM;Apr 2, 2023 7:00 PM;51,006.75;51,513.75;507.00;27,446.00
Apr 2, 2023 7:00 PM;Apr 2, 2023 8:00 PM;52,017.25;52,145.25;128.00;32,303.50
Apr 2, 2023 8:00 PM;Apr 2, 2023 9:00 PM;51,897.50;52,127.00;229.50;32,835.00
Apr 2, 2023 9:00 PM;Apr 2, 2023 10:00 PM;50,115.75;50,318.00;202.25;31,370.75
Apr 2, 2023 10:00 PM;Apr 2, 2023 11:00 PM;49,407.25;49,651.50;244.25;31,257.75
Apr 2, 2023 11:00 PM;Apr 3, 2023 12:00 AM;47,122.25;47,464.25;342.00;29,612.00
Apr 3, 2023 12:00 AM;Apr 3, 2023 1:00 AM;45,007.75;45,346.00;338.25;28,668.50
Apr 3, 2023 1:00 AM;Apr 3, 2023 2:00 AM;43,082.00;44,604.00;1,522.00;27,895.50
Apr 3, 2023 2:00 AM;Apr 3, 2023 3:00 AM;42,475.25;44,554.75;2,079.50;28,104.25
Apr 3, 2023 3:00 AM;Apr 3, 2023 4:00 AM;42,880.25;45,364.50;2,484.25;28,845.75
Apr 3, 2023 4:00 AM;Apr 3, 2023 5:00 AM;44,398.50;46,012.50;1,614.00;30,762.00
Apr 3, 2023 5:00 AM;Apr 3, 2023 6:00 AM;48,221.25;49,073.50;852.25;34,470.00
Apr 3, 2023 6:00 AM;Apr 3, 2023 7:00 AM;55,088.25;55,614.25;526.00;41,414.25
Apr 3, 2023 7:00 AM;Apr 3, 2023 8:00 AM;59,235.00;59,393.25;158.25;45,074.50
Apr 3, 2023 8:00 AM;Apr 3, 2023 9:00 AM;61,213.50;61,307.25;93.75;43,569.25
Apr 3, 2023 9:00 AM;Apr 3, 2023 10:00 AM;62,037.75;62,588.75;551.00;36,938.75
Apr 3, 2023 10:00 AM;Apr 3, 2023 11:00 AM;62,114.00;64,172.50;2,058.50;28,403.25
Apr 3, 2023 11:00 AM;Apr 3, 2023 12:00 PM;62,267.75;65,428.00;3,160.25;23,681.50
Apr 3, 2023 12:00 PM;Apr 3, 2023 1:00 PM;61,500.50;66,573.00;5,072.50;21,222.00
Apr 3, 2023 1:00 PM;Apr 3, 2023 2:00 PM;60,627.25;65,807.25;5,180.00;21,425.75
Apr 3, 2023 2:00 PM;Apr 3, 2023 3:00 PM;58,659.75;63,911.50;5,251.75;21,221.75
Apr 3, 2023 3:00 PM;Apr 3, 2023 4:00 PM;57,852.75;63,090.25;5,237.50;23,149.00
Apr 3, 2023 4:00 PM;Apr 3, 2023 5:00 PM;56,971.50;61,423.25;4,451.75;27,221.50
Apr 3, 2023 5:00 PM;Apr 3, 2023 6:00 PM;57,466.75;59,717.50;2,250.75;34,521.00
Apr 3, 2023 6:00 PM;Apr 3, 2023 7:00 PM;58,478.50;59,537.75;1,059.25;42,630.25
Apr 3, 2023 7:00 PM;Apr 3, 2023 8:00 PM;60,597.50;60,753.25;155.75;49,227.75
Apr 3, 2023 8:00 PM;Apr 3, 2023 9:00 PM;59,363.50;59,514.50;151.00;47,811.75
Apr 3, 2023 9:00 PM;Apr 3, 2023 10:00 PM;56,436.25;56,776.75;340.50;44,288.00
Apr 3, 2023 10:00 PM;Apr 3, 2023 11:00 PM;53,275.00;53,943.25;668.25;41,746.75
Apr 3, 2023 11:00 PM;Apr 4, 2023 12:00 AM;49,696.25;51,006.50;1,310.25;39,072.00
Apr 4, 2023 12:00 AM;Apr 4, 2023 1:00 AM;47,704.00;49,922.75;2,218.75;37,947.00
Apr 4, 2023 1:00 AM;Apr 4, 2023 2:00 AM;46,174.75;48,883.50;2,708.75;37,698.50
Apr 4, 2023 2:00 AM;Apr 4, 2023 3:00 AM;45,359.25;48,356.25;2,997.00;37,727.00
Apr 4, 2023 3:00 AM;Apr 4, 2023 4:00 AM;45,394.25;48,614.25;3,220.00;38,574.75
Apr 4, 2023 4:00 AM;Apr 4, 2023 5:00 AM;46,345.25;48,667.00;2,321.75;40,347.25
Apr 4, 2023 5:00 AM;Apr 4, 2023 6:00 AM;49,756.50;50,660.00;903.50;44,431.25
Apr 4, 2023 6:00 AM;Apr 4, 2023 7:00 AM;55,473.50;55,591.00;117.50;50,802.75
Apr 4, 2023 7:00 AM;Apr 4, 2023 8:00 AM;59,488.75;59,627.25;138.50;53,303.25
Apr 4, 2023 8:00 AM;Apr 4, 2023 9:00 AM;61,995.00;62,181.00;186.00;49,273.75
Apr 4, 2023 9:00 AM;Apr 4, 2023 10:00 AM;62,070.75;62,721.25;650.50;40,311.50
Apr 4, 2023 10:00 AM;Apr 4, 2023 11:00 AM;62,283.50;62,910.50;627.00;34,158.00
Apr 4, 2023 11:00 AM;Apr 4, 2023 12:00 PM;61,932.50;63,441.00;1,508.50;30,026.25
Apr 4, 2023 12:00 PM;Apr 4, 2023 1:00 PM;61,441.25;66,366.75;4,925.50;27,229.25
Apr 4, 2023 1:00 PM;Apr 4, 2023 2:00 PM;59,747.50;65,290.00;5,542.50;24,879.50
Apr 4, 2023 2:00 PM;Apr 4, 2023 3:00 PM;57,859.00;63,025.25;5,166.25;23,903.25
Apr 4, 2023 3:00 PM;Apr 4, 2023 4:00 PM;56,355.50;59,682.75;3,327.25;25,326.50
Apr 4, 2023 4:00 PM;Apr 4, 2023 5:00 PM;55,967.25;58,159.50;2,192.25;31,059.00
Apr 4, 2023 5:00 PM;Apr 4, 2023 6:00 PM;56,981.25;57,963.00;981.75;40,119.00
Apr 4, 2023 6:00 PM;Apr 4, 2023 7:00 PM;58,319.75;58,750.75;431.00;49,936.75
Apr 4, 2023 7:00 PM;Apr 4, 2023 8:00 PM;59,509.25;59,671.75;162.50;56,194.25
Apr 4, 2023 8:00 PM;Apr 4, 2023 9:00 PM;59,141.25;59,266.75;125.50;56,025.00
Apr 4, 2023 9:00 PM;Apr 4, 2023 10:00 PM;56,181.25;56,393.75;212.50;52,349.50
Apr 4, 2023 10:00 PM;Apr 4, 2023 11:00 PM;53,273.00;53,364.75;91.75;49,132.75
Apr 4, 2023 11:00 PM;Apr 5, 2023 12:00 AM;49,818.00;50,218.50;400.50;45,644.75
Apr 5, 2023 12:00 AM;Apr 5, 2023 1:00 AM;47,322.75;48,746.25;1,423.50;43,344.00
Apr 5, 2023 1:00 AM;Apr 5, 2023 2:00 AM;45,899.75;47,510.25;1,610.50;42,511.00
Apr 5, 2023 2:00 AM;Apr 5, 2023 3:00 AM;44,898.25;46,067.50;1,169.25;42,076.00
Apr 5, 2023 3:00 AM;Apr 5, 2023 4:00 AM;45,568.50;46,461.00;892.50;43,356.00
Apr 5, 2023 4:00 AM;Apr 5, 2023 5:00 AM;46,464.75;47,183.00;718.25;44,702.25
Apr 5, 2023 5:00 AM;Apr 5, 2023 6:00 AM;49,722.25;50,046.00;323.75;48,157.25
Apr 5, 2023 6:00 AM;Apr 5, 2023 7:00 AM;55,153.25;55,311.25;158.00;53,578.75
Apr 5, 2023 7:00 AM;Apr 5, 2023 8:00 AM;59,693.50;59,843.75;150.25;55,806.00
Apr 5, 2023 8:00 AM;Apr 5, 2023 9:00 AM;61,477.75;61,773.50;295.75;50,196.25
Apr 5, 2023 9:00 AM;Apr 5, 2023 10:00 AM;61,836.50;62,735.00;898.50;41,533.75
Apr 5, 2023 10:00 AM;Apr 5, 2023 11:00 AM;62,132.00;63,629.25;1,497.25;33,935.00
Apr 5, 2023 11:00 AM;Apr 5, 2023 12:00 PM;61,925.50;65,604.75;3,679.25;29,335.75
Apr 5, 2023 12:00 PM;Apr 5, 2023 1:00 PM;60,575.50;65,193.25;4,617.75;26,093.50
Apr 5, 2023 1:00 PM;Apr 5, 2023 2:00 PM;58,697.00;65,148.75;6,451.75;24,087.25
Apr 5, 2023 2:00 PM;Apr 5, 2023 3:00 PM;56,968.75;63,416.50;6,447.75;24,327.00
Apr 5, 2023 3:00 PM;Apr 5, 2023 4:00 PM;56,761.75;61,405.25;4,643.50;27,594.50
Apr 5, 2023 4:00 PM;Apr 5, 2023 5:00 PM;55,810.75;58,453.75;2,643.00;32,673.00
Apr 5, 2023 5:00 PM;Apr 5, 2023 6:00 PM;55,920.00;56,588.75;668.75;40,308.50
Apr 5, 2023 6:00 PM;Apr 5, 2023 7:00 PM;57,079.00;57,319.00;240.00;49,777.50
Apr 5, 2023 7:00 PM;Apr 5, 2023 8:00 PM;58,621.75;58,830.00;208.25;56,494.25
Apr 5, 2023 8:00 PM;Apr 5, 2023 9:00 PM;58,533.25;58,682.00;148.75;56,544.25
Apr 5, 2023 9:00 PM;Apr 5, 2023 10:00 PM;55,329.75;55,461.50;131.75;52,506.00
Apr 5, 2023 10:00 PM;Apr 5, 2023 11:00 PM;52,856.00;53,163.75;307.75;49,117.50
Apr 5, 2023 11:00 PM;Apr 6, 2023 12:00 AM;49,756.50;50,134.25;377.75;45,304.75
Apr 6, 2023 12:00 AM;Apr 6, 2023 1:00 AM;47,276.50;47,523.25;246.75;42,235.25
Apr 6, 2023 1:00 AM;Apr 6, 2023 2:00 AM;45,754.50;46,365.50;611.00;40,069.50
Apr 6, 2023 2:00 AM;Apr 6, 2023 3:00 AM;44,980.25;45,925.25;945.00;38,914.00
Apr 6, 2023 3:00 AM;Apr 6, 2023 4:00 AM;44,770.75;46,434.75;1,664.00;38,625.00
Apr 6, 2023 4:00 AM;Apr 6, 2023 5:00 AM;46,290.50;47,264.75;974.25;40,212.25
Apr 6, 2023 5:00 AM;Apr 6, 2023 6:00 AM;49,595.25;49,877.50;282.25;43,382.25
Apr 6, 2023 6:00 AM;Apr 6, 2023 7:00 AM;54,550.00;54,852.75;302.75;48,063.25
Apr 6, 2023 7:00 AM;Apr 6, 2023 8:00 AM;58,023.50;58,175.50;152.00;48,438.00
Apr 6, 2023 8:00 AM;Apr 6, 2023 9:00 AM;60,461.50;60,599.50;138.00;42,781.00
Apr 6, 2023 9:00 AM;Apr 6, 2023 10:00 AM;60,826.00;61,351.00;525.00;34,747.50
Apr 6, 2023 10:00 AM;Apr 6, 2023 11:00 AM;60,435.25;61,714.00;1,278.75;26,146.75
Apr 6, 2023 11:00 AM;Apr 6, 2023 12:00 PM;60,505.75;64,248.00;3,742.25;19,180.50
Apr 6, 2023 12:00 PM;Apr 6, 2023 1:00 PM;59,732.50;65,765.00;6,032.50;15,320.75
Apr 6, 2023 1:00 PM;Apr 6, 2023 2:00 PM;58,292.50;64,626.00;6,333.50;14,408.50
Apr 6, 2023 2:00 PM;Apr 6, 2023 3:00 PM;56,971.25;62,099.25;5,128.00;15,189.00
Apr 6, 2023 3:00 PM;Apr 6, 2023 4:00 PM;56,537.00;60,752.75;4,215.75;19,514.00
Apr 6, 2023 4:00 PM;Apr 6, 2023 5:00 PM;56,527.75;59,104.75;2,577.00;25,907.25
Apr 6, 2023 5:00 PM;Apr 6, 2023 6:00 PM;56,721.25;57,905.00;1,183.75;34,449.50
Apr 6, 2023 6:00 PM;Apr 6, 2023 7:00 PM;57,108.75;57,523.50;414.75;42,745.00
Apr 6, 2023 7:00 PM;Apr 6, 2023 8:00 PM;57,589.00;57,740.75;151.75;46,254.75
Apr 6, 2023 8:00 PM;Apr 6, 2023 9:00 PM;56,102.50;56,317.25;214.75;41,594.50
Apr 6, 2023 9:00 PM;Apr 6, 2023 10:00 PM;53,909.25;54,733.50;824.25;35,801.50
Apr 6, 2023 10:00 PM;Apr 6, 2023 11:00 PM;51,097.25;51,409.25;312.00;31,648.00
Apr 6, 2023 11:00 PM;Apr 7, 2023 12:00 AM;47,212.00;47,402.75;190.75;27,918.75
Apr 7, 2023 12:00 AM;Apr 7, 2023 1:00 AM;44,355.75;44,947.25;591.50;26,391.25
Apr 7, 2023 1:00 AM;Apr 7, 2023 2:00 AM;41,855.50;42,858.50;1,003.00;25,420.00
Apr 7, 2023 2:00 AM;Apr 7, 2023 3:00 AM;40,576.50;41,227.50;651.00;25,562.00
Apr 7, 2023 3:00 AM;Apr 7, 2023 4:00 AM;40,315.00;40,845.00;530.00;25,871.25
Apr 7, 2023 4:00 AM;Apr 7, 2023 5:00 AM;40,342.75;41,054.75;712.00;26,492.50
Apr 7, 2023 5:00 AM;Apr 7, 2023 6:00 AM;39,888.75;40,264.50;375.75;26,698.75
Apr 7, 2023 6:00 AM;Apr 7, 2023 7:00 AM;39,787.75;40,002.00;214.25;26,720.00
Apr 7, 2023 7:00 AM;Apr 7, 2023 8:00 AM;41,427.25;41,550.50;123.25;27,286.75
Apr 7, 2023 8:00 AM;Apr 7, 2023 9:00 AM;44,419.25;44,512.50;93.25;26,827.75
Apr 7, 2023 9:00 AM;Apr 7, 2023 10:00 AM;46,736.00;47,336.00;600.00;24,478.25
Apr 7, 2023 10:00 AM;Apr 7, 2023 11:00 AM;48,529.00;49,923.75;1,394.75;20,089.25
Apr 7, 2023 11:00 AM;Apr 7, 2023 12:00 PM;50,497.75;53,205.75;2,708.00;16,967.75
Apr 7, 2023 12:00 PM;Apr 7, 2023 1:00 PM;50,885.75;54,452.25;3,566.50;15,622.25
Apr 7, 2023 1:00 PM;Apr 7, 2023 2:00 PM;48,239.75;53,476.50;5,236.75;13,200.25
Apr 7, 2023 2:00 PM;Apr 7, 2023 3:00 PM;46,455.50;51,666.00;5,210.50;13,286.25
Apr 7, 2023 3:00 PM;Apr 7, 2023 4:00 PM;45,663.50;50,876.00;5,212.50;15,654.50
Apr 7, 2023 4:00 PM;Apr 7, 2023 5:00 PM;45,460.25;49,600.00;4,139.75;19,493.25
Apr 7, 2023 5:00 PM;Apr 7, 2023 6:00 PM;46,925.00;48,499.00;1,574.00;25,799.50
Apr 7, 2023 6:00 PM;Apr 7, 2023 7:00 PM;48,800.75;49,262.75;462.00;32,710.00
Apr 7, 2023 7:00 PM;Apr 7, 2023 8:00 PM;49,910.50;49,944.75;34.25;37,437.25
Apr 7, 2023 8:00 PM;Apr 7, 2023 9:00 PM;49,402.50;49,482.25;79.75;37,484.00
Apr 7, 2023 9:00 PM;Apr 7, 2023 10:00 PM;47,828.50;47,972.00;143.50;36,462.50
Apr 7, 2023 10:00 PM;Apr 7, 2023 11:00 PM;46,019.75;46,121.00;101.25;35,365.50
Apr 7, 2023 11:00 PM;Apr 8, 2023 12:00 AM;43,769.00;43,980.75;211.75;33,681.00
Apr 8, 2023 12:00 AM;Apr 8, 2023 1:00 AM;41,281.75;41,411.75;130.00;31,785.00
Apr 8, 2023 1:00 AM;Apr 8, 2023 2:00 AM;38,931.75;39,076.00;144.25;30,430.25
Apr 8, 2023 2:00 AM;Apr 8, 2023 3:00 AM;37,638.50;37,793.50;155.00;30,262.00
Apr 8, 2023 3:00 AM;Apr 8, 2023 4:00 AM;37,624.50;37,644.25;19.75;31,420.75
Apr 8, 2023 4:00 AM;Apr 8, 2023 5:00 AM;38,220.50;38,272.75;52.25;32,838.25
Apr 8, 2023 5:00 AM;Apr 8, 2023 6:00 AM;38,608.25;38,662.75;54.50;33,593.50
Apr 8, 2023 6:00 AM;Apr 8, 2023 7:00 AM;39,783.50;39,814.75;31.25;34,621.25
Apr 8, 2023 7:00 AM;Apr 8, 2023 8:00 AM;41,579.50;41,729.00;149.50;35,755.00
Apr 8, 2023 8:00 AM;Apr 8, 2023 9:00 AM;44,939.75;44,952.25;12.50;37,500.00
Apr 8, 2023 9:00 AM;Apr 8, 2023 10:00 AM;47,184.75;47,201.75;17.00;37,893.25
Apr 8, 2023 10:00 AM;Apr 8, 2023 11:00 AM;48,706.25;48,813.50;107.25;36,965.00
Apr 8, 2023 11:00 AM;Apr 8, 2023 12:00 PM;49,404.50;49,714.25;309.75;35,642.25
Apr 8, 2023 12:00 PM;Apr 8, 2023 1:00 PM;48,624.25;49,133.25;509.00;33,785.25
Apr 8, 2023 1:00 PM;Apr 8, 2023 2:00 PM;47,348.00;49,232.75;1,884.75;32,284.00
Apr 8, 2023 2:00 PM;Apr 8, 2023 3:00 PM;46,318.75;48,556.00;2,237.25;31,297.75
Apr 8, 2023 3:00 PM;Apr 8, 2023 4:00 PM;45,915.50;49,338.25;3,422.75;31,720.00
Apr 8, 2023 4:00 PM;Apr 8, 2023 5:00 PM;45,588.00;48,406.25;2,818.25;33,395.00
Apr 8, 2023 5:00 PM;Apr 8, 2023 6:00 PM;46,728.25;47,604.75;876.50;37,630.00
Apr 8, 2023 6:00 PM;Apr 8, 2023 7:00 PM;47,963.25;48,237.25;274.00;41,960.25
Apr 8, 2023 7:00 PM;Apr 8, 2023 8:00 PM;48,468.25;48,733.25;265.00;44,416.50
Apr 8, 2023 8:00 PM;Apr 8, 2023 9:00 PM;47,248.75;47,331.25;82.50;43,616.00
Apr 8, 2023 9:00 PM;Apr 8, 2023 10:00 PM;44,813.00;44,911.75;98.75;41,165.75
Apr 8, 2023 10:00 PM;Apr 8, 2023 11:00 PM;43,106.00;43,208.50;102.50;39,776.00
Apr 8, 2023 11:00 PM;Apr 9, 2023 12:00 AM;40,845.25;41,048.00;202.75;37,926.50
Apr 9, 2023 12:00 AM;Apr 9, 2023 1:00 AM;38,718.75;39,448.25;729.50;36,081.50
Apr 9, 2023 1:00 AM;Apr 9, 2023 2:00 AM;36,307.00;36,981.75;674.75;33,934.25
Apr 9, 2023 2:00 AM;Apr 9, 2023 3:00 AM;35,285.25;36,166.00;880.75;32,979.75
Apr 9, 2023 3:00 AM;Apr 9, 2023 4:00 AM;35,124.75;35,977.00;852.25;32,884.00
Apr 9, 2023 4:00 AM;Apr 9, 2023 5:00 AM;35,154.25;36,191.00;1,036.75;33,041.50
Apr 9, 2023 5:00 AM;Apr 9, 2023 6:00 AM;35,670.50;36,880.00;1,209.50;33,563.75
Apr 9, 2023 6:00 AM;Apr 9, 2023 7:00 AM;35,513.50;36,145.50;632.00;33,417.75
Apr 9, 2023 7:00 AM;Apr 9, 2023 8:00 AM;36,588.25;36,901.00;312.75;32,465.50
Apr 9, 2023 8:00 AM;Apr 9, 2023 9:00 AM;38,971.25;39,847.00;875.75;29,313.50
Apr 9, 2023 9:00 AM;Apr 9, 2023 10:00 AM;41,357.75;41,867.00;509.25;24,587.50
Apr 9, 2023 10:00 AM;Apr 9, 2023 11:00 AM;41,451.25;42,515.25;1,064.00;17,892.75
Apr 9, 2023 11:00 AM;Apr 9, 2023 12:00 PM;42,410.00;44,489.00;2,079.00;14,983.75
Apr 9, 2023 12:00 PM;Apr 9, 2023 1:00 PM;41,803.00;47,014.00;5,211.00;13,004.50
Apr 9, 2023 1:00 PM;Apr 9, 2023 2:00 PM;40,310.00;46,976.00;6,666.00;11,163.75
Apr 9, 2023 2:00 PM;Apr 9, 2023 3:00 PM;38,655.00;45,454.00;6,799.00;10,630.25
Apr 9, 2023 3:00 PM;Apr 9, 2023 4:00 PM;36,731.50;43,240.75;6,509.25;10,457.75
Apr 9, 2023 4:00 PM;Apr 9, 2023 5:00 PM;36,255.00;42,523.50;6,268.50;13,717.75
Apr 9, 2023 5:00 PM;Apr 9, 2023 6:00 PM;36,988.00;39,003.25;2,015.25;20,036.00
Apr 9, 2023 6:00 PM;Apr 9, 2023 7:00 PM;40,051.75;40,767.50;715.75;30,111.50
Apr 9, 2023 7:00 PM;Apr 9, 2023 8:00 PM;42,050.50;42,180.25;129.75;36,128.75
Apr 9, 2023 8:00 PM;Apr 9, 2023 9:00 PM;42,212.25;42,325.50;113.25;35,607.25
Apr 9, 2023 9:00 PM;Apr 9, 2023 10:00 PM;41,953.00;42,102.25;149.25;32,659.00
Apr 9, 2023 10:00 PM;Apr 9, 2023 11:00 PM;41,579.75;41,675.25;95.50;29,865.25
Apr 9, 2023 11:00 PM;Apr 10, 2023 12:00 AM;39,087.50;39,504.00;416.50;24,975.75
Apr 10, 2023 12:00 AM;Apr 10, 2023 1:00 AM;37,026.25;37,574.50;548.25;21,571.00
Apr 10, 2023 1:00 AM;Apr 10, 2023 2:00 AM;35,419.00;35,884.00;465.00;19,680.25
Apr 10, 2023 2:00 AM;Apr 10, 2023 3:00 AM;34,604.75;35,074.25;469.50;19,007.00
Apr 10, 2023 3:00 AM;Apr 10, 2023 4:00 AM;34,381.50;35,228.00;846.50;17,755.25
Apr 10, 2023 4:00 AM;Apr 10, 2023 5:00 AM;34,890.00;36,811.75;1,921.75;17,769.75
Apr 10, 2023 5:00 AM;Apr 10, 2023 6:00 AM;35,647.50;36,385.25;737.75;17,758.00
Apr 10, 2023 6:00 AM;Apr 10, 2023 7:00 AM;36,064.50;36,754.25;689.75;16,596.00
Apr 10, 2023 7:00 AM;Apr 10, 2023 8:00 AM;37,052.50;38,084.75;1,032.25;13,938.50
Apr 10, 2023 8:00 AM;Apr 10, 2023 9:00 AM;39,628.00;40,901.25;1,273.25;9,918.50
Apr 10, 2023 9:00 AM;Apr 10, 2023 10:00 AM;42,015.50;44,321.25;2,305.75;5,598.75
Apr 10, 2023 10:00 AM;Apr 10, 2023 11:00 AM;42,715.50;46,862.25;4,146.75;-991.25
Apr 10, 2023 11:00 AM;Apr 10, 2023 12:00 PM;43,872.00;50,156.25;6,284.25;-4,651.75
Apr 10, 2023 12:00 PM;Apr 10, 2023 1:00 PM;44,053.25;51,173.75;7,120.50;-5,309.50
Apr 10, 2023 1:00 PM;Apr 10, 2023 2:00 PM;42,076.75;49,135.75;7,059.00;-5,073.25
Apr 10, 2023 2:00 PM;Apr 10, 2023 3:00 PM;40,900.75;47,428.75;6,528.00;-4,891.25
Apr 10, 2023 3:00 PM;Apr 10, 2023 4:00 PM;41,486.25;47,117.25;5,631.00;-3,305.75
Apr 10, 2023 4:00 PM;Apr 10, 2023 5:00 PM;42,653.50;48,194.75;5,541.25;1,864.75
Apr 10, 2023 5:00 PM;Apr 10, 2023 6:00 PM;44,777.25;49,205.25;4,428.00;6,718.25
Apr 10, 2023 6:00 PM;Apr 10, 2023 7:00 PM;46,863.25;48,180.25;1,317.00;12,588.25
Apr 10, 2023 7:00 PM;Apr 10, 2023 8:00 PM;48,201.00;48,223.00;22.00;16,413.00
Apr 10, 2023 8:00 PM;Apr 10, 2023 9:00 PM;48,197.75;48,293.50;95.75;13,826.50
Apr 10, 2023 9:00 PM;Apr 10, 2023 10:00 PM;47,574.00;48,199.50;625.50;10,959.00
Apr 10, 2023 10:00 PM;Apr 10, 2023 11:00 PM;47,272.00;47,927.25;655.25;10,785.50
Apr 10, 2023 11:00 PM;Apr 11, 2023 12:00 AM;43,907.00;45,275.25;1,368.25;8,567.50
Apr 11, 2023 12:00 AM;Apr 11, 2023 1:00 AM;41,578.50;43,887.75;2,309.25;6,788.50
Apr 11, 2023 1:00 AM;Apr 11, 2023 2:00 AM;40,089.50;43,380.75;3,291.25;8,260.50
Apr 11, 2023 2:00 AM;Apr 11, 2023 3:00 AM;39,265.25;41,944.50;2,679.25;9,679.00
Apr 11, 2023 3:00 AM;Apr 11, 2023 4:00 AM;39,116.75;41,300.75;2,184.00;10,493.25
Apr 11, 2023 4:00 AM;Apr 11, 2023 5:00 AM;41,017.25;43,350.25;2,333.00;12,305.75
Apr 11, 2023 5:00 AM;Apr 11, 2023 6:00 AM;44,598.25;45,614.75;1,016.50;15,316.00
Apr 11, 2023 6:00 AM;Apr 11, 2023 7:00 AM;51,589.00;51,696.00;107.00;23,459.75
Apr 11, 2023 7:00 AM;Apr 11, 2023 8:00 AM;56,023.25;56,127.50;104.25;28,815.75
Apr 11, 2023 8:00 AM;Apr 11, 2023 9:00 AM;58,214.00;58,302.00;88.00;29,004.25
Apr 11, 2023 9:00 AM;Apr 11, 2023 10:00 AM;59,536.50;59,624.25;87.75;24,429.50
Apr 11, 2023 10:00 AM;Apr 11, 2023 11:00 AM;60,818.00;61,514.25;696.25;17,980.75
Apr 11, 2023 11:00 AM;Apr 11, 2023 12:00 PM;61,609.50;65,285.00;3,675.50;11,063.25
Apr 11, 2023 12:00 PM;Apr 11, 2023 1:00 PM;62,120.50;67,780.50;5,660.00;6,849.00
Apr 11, 2023 1:00 PM;Apr 11, 2023 2:00 PM;60,054.25;66,328.75;6,274.50;5,209.00
Apr 11, 2023 2:00 PM;Apr 11, 2023 3:00 PM;58,254.75;64,547.75;6,293.00;3,700.75
Apr 11, 2023 3:00 PM;Apr 11, 2023 4:00 PM;56,846.75;62,987.00;6,140.25;2,950.25
Apr 11, 2023 4:00 PM;Apr 11, 2023 5:00 PM;55,606.75;59,875.25;4,268.50;5,875.00
Apr 11, 2023 5:00 PM;Apr 11, 2023 6:00 PM;55,731.50;56,639.75;908.25;15,648.00
Apr 11, 2023 6:00 PM;Apr 11, 2023 7:00 PM;56,216.50;56,367.00;150.50;28,930.75
Apr 11, 2023 7:00 PM;Apr 11, 2023 8:00 PM;56,507.75;56,525.00;17.25;40,949.25
Apr 11, 2023 8:00 PM;Apr 11, 2023 9:00 PM;55,563.50;55,564.75;1.25;45,371.25
Apr 11, 2023 9:00 PM;Apr 11, 2023 10:00 PM;52,833.75;52,836.75;3.00;44,690.50
Apr 11, 2023 10:00 PM;Apr 11, 2023 11:00 PM;49,569.75;49,573.25;3.50;41,689.00
Apr 11, 2023 11:00 PM;Apr 12, 2023 12:00 AM;46,581.50;46,811.00;229.50;37,383.25
Apr 12, 2023 12:00 AM;Apr 12, 2023 1:00 AM;44,181.00;45,521.00;1,340.00;31,859.75
Apr 12, 2023 1:00 AM;Apr 12, 2023 2:00 AM;42,007.50;46,486.25;4,478.75;27,361.25
Apr 12, 2023 2:00 AM;Apr 12, 2023 3:00 AM;41,409.75;45,533.00;4,123.25;25,897.00
Apr 12, 2023 3:00 AM;Apr 12, 2023 4:00 AM;42,167.75;48,001.50;5,833.75;24,529.00
Apr 12, 2023 4:00 AM;Apr 12, 2023 5:00 AM;43,154.75;48,588.75;5,434.00;23,231.75
Apr 12, 2023 5:00 AM;Apr 12, 2023 6:00 AM;46,560.50;51,959.25;5,398.75;23,884.25
Apr 12, 2023 6:00 AM;Apr 12, 2023 7:00 AM;52,770.75;53,512.50;741.75;26,573.50
Apr 12, 2023 7:00 AM;Apr 12, 2023 8:00 AM;58,179.25;58,659.50;480.25;28,335.75
Apr 12, 2023 8:00 AM;Apr 12, 2023 9:00 AM;60,943.25;61,079.25;136.00;27,835.25
Apr 12, 2023 9:00 AM;Apr 12, 2023 10:00 AM;61,785.00;62,021.00;236.00;26,611.75
Apr 12, 2023 10:00 AM;Apr 12, 2023 11:00 AM;63,422.00;65,437.50;2,015.50;24,522.25
Apr 12, 2023 11:00 AM;Apr 12, 2023 12:00 PM;64,854.25;66,970.00;2,115.75;22,991.00
Apr 12, 2023 12:00 PM;Apr 12, 2023 1:00 PM;64,371.75;65,779.50;1,407.75;22,162.00
Apr 12, 2023 1:00 PM;Apr 12, 2023 2:00 PM;63,095.50;64,674.25;1,578.75;23,584.75
Apr 12, 2023 2:00 PM;Apr 12, 2023 3:00 PM;60,914.25;62,100.75;1,186.50;25,797.25
Apr 12, 2023 3:00 PM;Apr 12, 2023 4:00 PM;59,045.25;59,814.00;768.75;27,964.00
Apr 12, 2023 4:00 PM;Apr 12, 2023 5:00 PM;57,880.25;58,783.00;902.75;29,933.75
Apr 12, 2023 5:00 PM;Apr 12, 2023 6:00 PM;58,242.25;58,252.00;9.75;34,520.75
Apr 12, 2023 6:00 PM;Apr 12, 2023 7:00 PM;58,652.75;58,899.25;246.50;39,275.75
Apr 12, 2023 7:00 PM;Apr 12, 2023 8:00 PM;59,883.25;60,085.50;202.25;43,067.50
Apr 12, 2023 8:00 PM;Apr 12, 2023 9:00 PM;58,680.75;58,683.00;2.25;42,886.75
Apr 12, 2023 9:00 PM;Apr 12, 2023 10:00 PM;55,687.75;55,692.00;4.25;40,626.25
Apr 12, 2023 10:00 PM;Apr 12, 2023 11:00 PM;51,873.75;52,336.75;463.00;35,944.75
Apr 12, 2023 11:00 PM;Apr 13, 2023 12:00 AM;48,139.50;48,700.25;560.75;30,326.75
Apr 13, 2023 12:00 AM;Apr 13, 2023 1:00 AM;45,402.75;47,350.50;1,947.75;24,746.75
Apr 13, 2023 1:00 AM;Apr 13, 2023 2:00 AM;43,385.25;47,209.25;3,824.00;19,330.00
Apr 13, 2023 2:00 AM;Apr 13, 2023 3:00 AM;43,424.50;48,565.00;5,140.50;18,807.25
Apr 13, 2023 3:00 AM;Apr 13, 2023 4:00 AM;43,735.75;49,598.75;5,863.00;17,871.75
Apr 13, 2023 4:00 AM;Apr 13, 2023 5:00 AM;44,836.00;50,746.50;5,910.50;18,252.00
Apr 13, 2023 5:00 AM;Apr 13, 2023 6:00 AM;47,572.25;52,334.00;4,761.75;20,231.50
Apr 13, 2023 6:00 AM;Apr 13, 2023 7:00 AM;53,379.75;55,006.75;1,627.00;24,142.75
Apr 13, 2023 7:00 AM;Apr 13, 2023 8:00 AM;57,557.25;57,580.00;22.75;27,837.25
Apr 13, 2023 8:00 AM;Apr 13, 2023 9:00 AM;60,335.50;60,345.00;9.50;28,890.75
Apr 13, 2023 9:00 AM;Apr 13, 2023 10:00 AM;61,508.25;62,388.75;880.50;24,867.50
Apr 13, 2023 10:00 AM;Apr 13, 2023 11:00 AM;63,473.50;67,177.75;3,704.25;21,843.25
Apr 13, 2023 11:00 AM;Apr 13, 2023 12:00 PM;63,199.50;68,109.25;4,909.75;19,244.00
Apr 13, 2023 12:00 PM;Apr 13, 2023 1:00 PM;61,922.25;66,473.25;4,551.00;18,806.00
Apr 13, 2023 1:00 PM;Apr 13, 2023 2:00 PM;60,399.00;65,378.25;4,979.25;18,947.50
Apr 13, 2023 2:00 PM;Apr 13, 2023 3:00 PM;57,257.25;60,940.75;3,683.50;18,654.50
Apr 13, 2023 3:00 PM;Apr 13, 2023 4:00 PM;56,714.25;58,476.75;1,762.50;21,922.50
Apr 13, 2023 4:00 PM;Apr 13, 2023 5:00 PM;55,958.50;58,362.75;2,404.25;25,117.25
Apr 13, 2023 5:00 PM;Apr 13, 2023 6:00 PM;56,821.50;58,066.50;1,245.00;32,689.00
Apr 13, 2023 6:00 PM;Apr 13, 2023 7:00 PM;56,926.75;57,116.00;189.25;41,221.00
Apr 13, 2023 7:00 PM;Apr 13, 2023 8:00 PM;57,511.00;57,532.25;21.25;48,461.25
Apr 13, 2023 8:00 PM;Apr 13, 2023 9:00 PM;56,997.00;57,039.25;42.25;49,966.75
Apr 13, 2023 9:00 PM;Apr 13, 2023 10:00 PM;54,576.50;54,632.75;56.25;47,896.75
Apr 13, 2023 10:00 PM;Apr 13, 2023 11:00 PM;51,503.00;51,578.25;75.25;44,294.00
Apr 13, 2023 11:00 PM;Apr 14, 2023 12:00 AM;48,455.50;48,899.00;443.50;41,131.50
Apr 14, 2023 12:00 AM;Apr 14, 2023 1:00 AM;45,453.75;45,950.75;497.00;37,653.75
Apr 14, 2023 1:00 AM;Apr 14, 2023 2:00 AM;43,711.25;44,744.50;1,033.25;36,248.75
Apr 14, 2023 2:00 AM;Apr 14, 2023 3:00 AM;42,945.25;44,909.00;1,963.75;35,697.00
Apr 14, 2023 3:00 AM;Apr 14, 2023 4:00 AM;42,869.75;44,609.25;1,739.50;36,579.25
Apr 14, 2023 4:00 AM;Apr 14, 2023 5:00 AM;44,668.50;45,756.00;1,087.50;39,117.75
Apr 14, 2023 5:00 AM;Apr 14, 2023 6:00 AM;47,476.00;48,010.25;534.25;42,429.00
Apr 14, 2023 6:00 AM;Apr 14, 2023 7:00 AM;53,020.25;53,124.25;104.00;47,924.75
Apr 14, 2023 7:00 AM;Apr 14, 2023 8:00 AM;57,365.25;57,367.25;2.00;50,628.00
Apr 14, 2023 8:00 AM;Apr 14, 2023 9:00 AM;59,549.25;59,550.50;1.25;48,859.50
Apr 14, 2023 9:00 AM;Apr 14, 2023 10:00 AM;60,237.00;60,288.50;51.50;44,932.00
Apr 14, 2023 10:00 AM;Apr 14, 2023 11:00 AM;60,153.75;60,359.25;205.50;40,129.75
Apr 14, 2023 11:00 AM;Apr 14, 2023 12:00 PM;60,229.75;61,316.25;1,086.50;36,476.50
Apr 14, 2023 12:00 PM;Apr 14, 2023 1:00 PM;60,048.75;61,487.25;1,438.50;34,407.75
Apr 14, 2023 1:00 PM;Apr 14, 2023 2:00 PM;58,269.50;59,757.75;1,488.25;32,766.75
Apr 14, 2023 2:00 PM;Apr 14, 2023 3:00 PM;55,685.75;58,188.25;2,502.50;30,095.25
Apr 14, 2023 3:00 PM;Apr 14, 2023 4:00 PM;54,791.75;57,115.75;2,324.00;30,408.00
Apr 14, 2023 4:00 PM;Apr 14, 2023 5:00 PM;54,445.25;56,462.00;2,016.75;32,911.75
Apr 14, 2023 5:00 PM;Apr 14, 2023 6:00 PM;54,931.75;55,458.75;527.00;37,728.00
Apr 14, 2023 6:00 PM;Apr 14, 2023 7:00 PM;55,540.25;55,964.25;424.00;42,900.75
Apr 14, 2023 7:00 PM;Apr 14, 2023 8:00 PM;56,173.25;56,226.00;52.75;47,485.75
Apr 14, 2023 8:00 PM;Apr 14, 2023 9:00 PM;55,431.50;55,436.25;4.75;46,786.00
Apr 14, 2023 9:00 PM;Apr 14, 2023 10:00 PM;52,977.50;53,221.00;243.50;43,334.00
Apr 14, 2023 10:00 PM;Apr 14, 2023 11:00 PM;50,287.25;50,524.50;237.25;40,767.75
Apr 14, 2023 11:00 PM;Apr 15, 2023 12:00 AM;47,719.50;47,860.50;141.00;38,672.00
Apr 15, 2023 12:00 AM;Apr 15, 2023 1:00 AM;44,905.00;44,917.25;12.25;36,325.25
Apr 15, 2023 1:00 AM;Apr 15, 2023 2:00 AM;42,691.75;42,803.75;112.00;34,470.00
Apr 15, 2023 2:00 AM;Apr 15, 2023 3:00 AM;41,420.00;41,632.50;212.50;33,523.50
Apr 15, 2023 3:00 AM;Apr 15, 2023 4:00 AM;41,033.00;41,443.00;410.00;32,955.00
Apr 15, 2023 4:00 AM;Apr 15, 2023 5:00 AM;41,149.25;41,495.50;346.25;32,399.25
Apr 15, 2023 5:00 AM;Apr 15, 2023 6:00 AM;41,690.75;42,431.25;740.50;31,544.75
Apr 15, 2023 6:00 AM;Apr 15, 2023 7:00 AM;42,688.75;43,177.50;488.75;30,730.25
Apr 15, 2023 7:00 AM;Apr 15, 2023 8:00 AM;44,513.25;44,713.75;200.50;29,935.75
Apr 15, 2023 8:00 AM;Apr 15, 2023 9:00 AM;47,455.25;47,589.75;134.50;28,667.50
Apr 15, 2023 9:00 AM;Apr 15, 2023 10:00 AM;50,346.50;51,094.00;747.50;27,654.25
Apr 15, 2023 10:00 AM;Apr 15, 2023 11:00 AM;51,664.50;52,508.75;844.25;25,769.25
Apr 15, 2023 11:00 AM;Apr 15, 2023 12:00 PM;53,125.00;55,230.00;2,105.00;24,619.25
Apr 15, 2023 12:00 PM;Apr 15, 2023 1:00 PM;52,772.00;55,770.75;2,998.75;23,732.75
Apr 15, 2023 1:00 PM;Apr 15, 2023 2:00 PM;50,732.25;55,935.50;5,203.25;22,098.75
Apr 15, 2023 2:00 PM;Apr 15, 2023 3:00 PM;49,454.50;55,258.00;5,803.50;21,919.75
Apr 15, 2023 3:00 PM;Apr 15, 2023 4:00 PM;48,946.00;54,205.00;5,259.00;22,927.00
Apr 15, 2023 4:00 PM;Apr 15, 2023 5:00 PM;49,237.25;53,283.25;4,046.00;25,374.25
Apr 15, 2023 5:00 PM;Apr 15, 2023 6:00 PM;50,205.75;53,476.25;3,270.50;28,822.50
Apr 15, 2023 6:00 PM;Apr 15, 2023 7:00 PM;51,264.25;52,055.75;791.50;32,466.50
Apr 15, 2023 7:00 PM;Apr 15, 2023 8:00 PM;51,326.25;51,366.50;40.25;34,683.50
Apr 15, 2023 8:00 PM;Apr 15, 2023 9:00 PM;50,260.75;50,345.75;85.00;34,349.00
Apr 15, 2023 9:00 PM;Apr 15, 2023 10:00 PM;47,788.00;48,332.75;544.75;32,569.75
Apr 15, 2023 10:00 PM;Apr 15, 2023 11:00 PM;46,024.00;46,209.50;185.50;32,158.00
Apr 15, 2023 11:00 PM;Apr 16, 2023 12:00 AM;43,471.75;43,660.50;188.75;30,931.50
Apr 16, 2023 12:00 AM;Apr 16, 2023 1:00 AM;40,755.25;40,797.50;42.25;29,589.25
Apr 16, 2023 1:00 AM;Apr 16, 2023 2:00 AM;38,874.25;39,012.25;138.00;28,631.75
Apr 16, 2023 2:00 AM;Apr 16, 2023 3:00 AM;37,550.75;37,759.25;208.50;27,844.00
Apr 16, 2023 3:00 AM;Apr 16, 2023 4:00 AM;37,411.00;37,604.75;193.75;27,772.25
Apr 16, 2023 4:00 AM;Apr 16, 2023 5:00 AM;37,638.00;38,896.75;1,258.75;28,340.25
Apr 16, 2023 5:00 AM;Apr 16, 2023 6:00 AM;37,872.00;38,740.75;868.75;28,878.25
Apr 16, 2023 6:00 AM;Apr 16, 2023 7:00 AM;37,398.75;37,932.25;533.50;28,458.25
Apr 16, 2023 7:00 AM;Apr 16, 2023 8:00 AM;38,729.25;39,471.00;741.75;29,253.00
Apr 16, 2023 8:00 AM;Apr 16, 2023 9:00 AM;42,053.50;42,206.00;152.50;31,665.25
Apr 16, 2023 9:00 AM;Apr 16, 2023 10:00 AM;45,197.75;45,225.75;28.00;33,449.00
Apr 16, 2023 10:00 AM;Apr 16, 2023 11:00 AM;47,189.50;47,515.50;326.00;32,733.25
Apr 16, 2023 11:00 AM;Apr 16, 2023 12:00 PM;49,422.00;49,731.50;309.50;32,855.50
Apr 16, 2023 12:00 PM;Apr 16, 2023 1:00 PM;48,960.50;49,953.75;993.25;31,189.75
Apr 16, 2023 1:00 PM;Apr 16, 2023 2:00 PM;47,130.50;50,977.25;3,846.75;28,751.75
Apr 16, 2023 2:00 PM;Apr 16, 2023 3:00 PM;45,436.25;50,935.25;5,499.00;27,364.00
Apr 16, 2023 3:00 PM;Apr 16, 2023 4:00 PM;44,729.50;49,146.00;4,416.50;27,797.75
Apr 16, 2023 4:00 PM;Apr 16, 2023 5:00 PM;44,453.25;48,834.00;4,380.75;29,518.25
Apr 16, 2023 5:00 PM;Apr 16, 2023 6:00 PM;45,820.00;46,961.75;1,141.75;33,582.25
Apr 16, 2023 6:00 PM;Apr 16, 2023 7:00 PM;48,154.00;48,174.50;20.50;39,110.25
Apr 16, 2023 7:00 PM;Apr 16, 2023 8:00 PM;48,879.00;48,887.00;8.00;42,194.75
Apr 16, 2023 8:00 PM;Apr 16, 2023 9:00 PM;48,408.75;48,413.25;4.50;42,242.25
Apr 16, 2023 9:00 PM;Apr 16, 2023 10:00 PM;46,805.50;46,811.75;6.25;40,451.75
Apr 16, 2023 10:00 PM;Apr 16, 2023 11:00 PM;45,830.00;45,872.25;42.25;39,599.50
Apr 16, 2023 11:00 PM;Apr 17, 2023 12:00 AM;43,379.00;43,588.25;209.25;37,334.75
Apr 17, 2023 12:00 AM;Apr 17, 2023 1:00 AM;41,339.75;42,507.75;1,168.00;35,791.50
Apr 17, 2023 1:00 AM;Apr 17, 2023 2:00 AM;39,622.00;41,049.25;1,427.25;34,552.25
Apr 17, 2023 2:00 AM;Apr 17, 2023 3:00 AM;39,090.50;40,568.25;1,477.75;34,361.25
Apr 17, 2023 3:00 AM;Apr 17, 2023 4:00 AM;39,672.25;41,739.00;2,066.75;35,025.25
Apr 17, 2023 4:00 AM;Apr 17, 2023 5:00 AM;41,136.00;42,945.75;1,809.75;36,378.75
Apr 17, 2023 5:00 AM;Apr 17, 2023 6:00 AM;45,385.50;46,495.25;1,109.75;40,425.50
Apr 17, 2023 6:00 AM;Apr 17, 2023 7:00 AM;52,560.75;52,791.50;230.75;47,209.50
Apr 17, 2023 7:00 AM;Apr 17, 2023 8:00 AM;57,232.75;57,235.75;3.00;50,247.50
Apr 17, 2023 8:00 AM;Apr 17, 2023 9:00 AM;60,286.00;60,287.25;1.25;50,466.50
Apr 17, 2023 9:00 AM;Apr 17, 2023 10:00 AM;61,261.00;61,266.75;5.75;46,854.75
Apr 17, 2023 10:00 AM;Apr 17, 2023 11:00 AM;61,229.25;61,335.50;106.25;41,685.75
Apr 17, 2023 11:00 AM;Apr 17, 2023 12:00 PM;62,347.00;62,787.50;440.50;37,614.75
Apr 17, 2023 12:00 PM;Apr 17, 2023 1:00 PM;61,803.50;63,360.25;1,556.75;32,464.25
Apr 17, 2023 1:00 PM;Apr 17, 2023 2:00 PM;60,897.00;62,994.50;2,097.50;28,931.00
Apr 17, 2023 2:00 PM;Apr 17, 2023 3:00 PM;59,586.75;62,827.75;3,241.00;27,275.75
Apr 17, 2023 3:00 PM;Apr 17, 2023 4:00 PM;58,411.25;61,134.75;2,723.50;28,102.25
Apr 17, 2023 4:00 PM;Apr 17, 2023 5:00 PM;57,539.25;59,521.25;1,982.00;30,166.50
Apr 17, 2023 5:00 PM;Apr 17, 2023 6:00 PM;58,074.50;59,087.00;1,012.50;34,049.00
Apr 17, 2023 6:00 PM;Apr 17, 2023 7:00 PM;58,787.75;58,798.00;10.25;39,010.50
Apr 17, 2023 7:00 PM;Apr 17, 2023 8:00 PM;59,276.75;59,281.25;4.50;43,331.50
Apr 17, 2023 8:00 PM;Apr 17, 2023 9:00 PM;57,819.75;57,842.50;22.75;42,857.75
Apr 17, 2023 9:00 PM;Apr 17, 2023 10:00 PM;55,379.75;55,546.50;166.75;39,736.25
Apr 17, 2023 10:00 PM;Apr 17, 2023 11:00 PM;51,879.75;52,033.75;154.00;36,466.75
Apr 17, 2023 11:00 PM;Apr 18, 2023 12:00 AM;47,917.25;48,754.25;837.00;32,346.50
Apr 18, 2023 12:00 AM;Apr 18, 2023 1:00 AM;45,118.00;46,921.75;1,803.75;29,560.50
Apr 18, 2023 1:00 AM;Apr 18, 2023 2:00 AM;43,522.50;46,502.00;2,979.50;28,655.25
Apr 18, 2023 2:00 AM;Apr 18, 2023 3:00 AM;42,616.50;46,964.00;4,347.50;28,125.25
Apr 18, 2023 3:00 AM;Apr 18, 2023 4:00 AM;42,570.75;46,799.75;4,229.00;28,003.25
Apr 18, 2023 4:00 AM;Apr 18, 2023 5:00 AM;44,331.25;47,574.50;3,243.25;29,301.75
Apr 18, 2023 5:00 AM;Apr 18, 2023 6:00 AM;47,843.00;49,444.25;1,601.25;31,988.00
Apr 18, 2023 6:00 AM;Apr 18, 2023 7:00 AM;54,095.50;54,301.25;205.75;37,681.75
Apr 18, 2023 7:00 AM;Apr 18, 2023 8:00 AM;58,477.75;58,486.25;8.50;40,857.25
Apr 18, 2023 8:00 AM;Apr 18, 2023 9:00 AM;61,378.75;61,380.50;1.75;41,476.25
Apr 18, 2023 9:00 AM;Apr 18, 2023 10:00 AM;62,514.00;62,766.75;252.75;38,800.00
Apr 18, 2023 10:00 AM;Apr 18, 2023 11:00 AM;63,196.50;63,418.25;221.75;34,683.25
Apr 18, 2023 11:00 AM;Apr 18, 2023 12:00 PM;63,584.00;63,728.00;144.00;31,567.25
Apr 18, 2023 12:00 PM;Apr 18, 2023 1:00 PM;62,819.75;63,486.50;666.75;28,227.00
Apr 18, 2023 1:00 PM;Apr 18, 2023 2:00 PM;61,832.00;63,059.25;1,227.25;25,897.75
Apr 18, 2023 2:00 PM;Apr 18, 2023 3:00 PM;59,405.50;61,054.25;1,648.75;23,048.50
Apr 18, 2023 3:00 PM;Apr 18, 2023 4:00 PM;57,742.50;60,865.50;3,123.00;22,770.75
Apr 18, 2023 4:00 PM;Apr 18, 2023 5:00 PM;57,280.75;59,801.75;2,521.00;24,711.75
Apr 18, 2023 5:00 PM;Apr 18, 2023 6:00 PM;57,836.00;58,490.75;654.75;28,915.00
Apr 18, 2023 6:00 PM;Apr 18, 2023 7:00 PM;59,107.50;59,451.25;343.75;33,765.25
Apr 18, 2023 7:00 PM;Apr 18, 2023 8:00 PM;59,855.75;59,865.50;9.75;38,469.00
Apr 18, 2023 8:00 PM;Apr 18, 2023 9:00 PM;58,630.25;58,640.50;10.25;37,285.50
Apr 18, 2023 9:00 PM;Apr 18, 2023 10:00 PM;55,773.50;56,081.75;308.25;32,671.50
Apr 18, 2023 10:00 PM;Apr 18, 2023 11:00 PM;52,612.00;53,712.25;1,100.25;28,853.50
Apr 18, 2023 11:00 PM;Apr 19, 2023 12:00 AM;48,598.75;50,007.50;1,408.75;25,151.50
Apr 19, 2023 12:00 AM;Apr 19, 2023 1:00 AM;45,994.00;47,202.00;1,208.00;23,622.75
Apr 19, 2023 1:00 AM;Apr 19, 2023 2:00 AM;44,024.75;47,537.25;3,512.50;22,906.25
Apr 19, 2023 2:00 AM;Apr 19, 2023 3:00 AM;43,335.50;46,731.00;3,395.50;23,326.50
Apr 19, 2023 3:00 AM;Apr 19, 2023 4:00 AM;43,724.75;46,535.00;2,810.25;24,371.50
Apr 19, 2023 4:00 AM;Apr 19, 2023 5:00 AM;45,226.75;47,239.00;2,012.25;25,764.50
Apr 19, 2023 5:00 AM;Apr 19, 2023 6:00 AM;48,795.50;49,348.25;552.75;28,953.00
Apr 19, 2023 6:00 AM;Apr 19, 2023 7:00 AM;55,144.50;55,357.50;213.00;34,694.75
Apr 19, 2023 7:00 AM;Apr 19, 2023 8:00 AM;59,284.00;59,291.00;7.00;37,847.50
Apr 19, 2023 8:00 AM;Apr 19, 2023 9:00 AM;61,485.25;61,492.50;7.25;36,619.00
Apr 19, 2023 9:00 AM;Apr 19, 2023 10:00 AM;62,099.25;62,726.25;627.00;30,514.75
Apr 19, 2023 10:00 AM;Apr 19, 2023 11:00 AM;63,082.50;65,142.25;2,059.75;22,356.50
Apr 19, 2023 11:00 AM;Apr 19, 2023 12:00 PM;63,729.50;67,653.25;3,923.75;16,946.75
Apr 19, 2023 12:00 PM;Apr 19, 2023 1:00 PM;62,361.00;67,355.00;4,994.00;13,135.25
Apr 19, 2023 1:00 PM;Apr 19, 2023 2:00 PM;61,446.00;67,196.50;5,750.50;11,648.00
Apr 19, 2023 2:00 PM;Apr 19, 2023 3:00 PM;59,760.25;65,650.00;5,889.75;11,229.75
Apr 19, 2023 3:00 PM;Apr 19, 2023 4:00 PM;58,428.75;63,320.75;4,892.00;12,543.25
Apr 19, 2023 4:00 PM;Apr 19, 2023 5:00 PM;57,468.00;61,638.50;4,170.50;15,183.75
Apr 19, 2023 5:00 PM;Apr 19, 2023 6:00 PM;57,963.00;61,494.75;3,531.75;18,960.00
Apr 19, 2023 6:00 PM;Apr 19, 2023 7:00 PM;58,134.00;58,858.00;724.00;24,451.00
Apr 19, 2023 7:00 PM;Apr 19, 2023 8:00 PM;59,668.25;59,838.50;170.25;32,115.25
Apr 19, 2023 8:00 PM;Apr 19, 2023 9:00 PM;58,401.00;58,401.00;0.00;34,273.50
Apr 19, 2023 9:00 PM;Apr 19, 2023 10:00 PM;55,807.50;56,131.50;324.00;32,256.00
Apr 19, 2023 10:00 PM;Apr 19, 2023 11:00 PM;52,371.75;52,597.00;225.25;30,158.75
Apr 19, 2023 11:00 PM;Apr 20, 2023 12:00 AM;48,803.25;49,475.50;672.25;26,906.75
Apr 20, 2023 12:00 AM;Apr 20, 2023 1:00 AM;46,483.75;47,259.50;775.75;25,476.75
Apr 20, 2023 1:00 AM;Apr 20, 2023 2:00 AM;44,757.75;45,912.50;1,154.75;25,230.00
Apr 20, 2023 2:00 AM;Apr 20, 2023 3:00 AM;44,304.50;46,041.25;1,736.75;25,659.75
Apr 20, 2023 3:00 AM;Apr 20, 2023 4:00 AM;44,606.50;46,530.00;1,923.50;26,109.00
Apr 20, 2023 4:00 AM;Apr 20, 2023 5:00 AM;45,123.00;46,476.00;1,353.00;27,803.50
Apr 20, 2023 5:00 AM;Apr 20, 2023 6:00 AM;48,768.50;49,164.50;396.00;31,914.00
Apr 20, 2023 6:00 AM;Apr 20, 2023 7:00 AM;54,729.50;54,735.25;5.75;37,313.25
Apr 20, 2023 7:00 AM;Apr 20, 2023 8:00 AM;58,716.25;58,730.25;14.00;40,197.50
Apr 20, 2023 8:00 AM;Apr 20, 2023 9:00 AM;61,592.00;61,603.00;11.00;40,474.50
Apr 20, 2023 9:00 AM;Apr 20, 2023 10:00 AM;61,549.00;61,591.50;42.50;37,268.75
Apr 20, 2023 10:00 AM;Apr 20, 2023 11:00 AM;62,264.00;62,893.00;629.00;34,723.25
Apr 20, 2023 11:00 AM;Apr 20, 2023 12:00 PM;63,359.75;63,682.75;323.00;33,881.00
Apr 20, 2023 12:00 PM;Apr 20, 2023 1:00 PM;63,792.50;65,206.00;1,413.50;32,401.75
Apr 20, 2023 1:00 PM;Apr 20, 2023 2:00 PM;62,553.75;65,644.00;3,090.25;28,345.25
Apr 20, 2023 2:00 PM;Apr 20, 2023 3:00 PM;60,828.00;65,184.75;4,356.75;25,332.50
Apr 20, 2023 3:00 PM;Apr 20, 2023 4:00 PM;59,702.75;64,776.00;5,073.25;25,148.75
Apr 20, 2023 4:00 PM;Apr 20, 2023 5:00 PM;59,229.50;61,934.75;2,705.25;27,638.25
Apr 20, 2023 5:00 PM;Apr 20, 2023 6:00 PM;59,556.00;60,321.75;765.75;31,107.50
Apr 20, 2023 6:00 PM;Apr 20, 2023 7:00 PM;59,954.00;60,164.00;210.00;35,821.50
Apr 20, 2023 7:00 PM;Apr 20, 2023 8:00 PM;59,345.75;59,350.50;4.75;39,312.75
Apr 20, 2023 8:00 PM;Apr 20, 2023 9:00 PM;57,890.50;57,894.00;3.50;37,755.50
Apr 20, 2023 9:00 PM;Apr 20, 2023 10:00 PM;55,733.75;56,056.75;323.00;33,541.00
Apr 20, 2023 10:00 PM;Apr 20, 2023 11:00 PM;53,236.25;53,323.25;87.00;30,230.25
Apr 20, 2023 11:00 PM;Apr 21, 2023 12:00 AM;49,903.25;50,189.50;286.25;26,363.00
Apr 21, 2023 12:00 AM;Apr 21, 2023 1:00 AM;47,368.00;48,108.50;740.50;22,838.00
Apr 21, 2023 1:00 AM;Apr 21, 2023 2:00 AM;44,475.75;45,579.50;1,103.75;20,244.00
Apr 21, 2023 2:00 AM;Apr 21, 2023 3:00 AM;43,714.00;46,260.75;2,546.75;19,844.00
Apr 21, 2023 3:00 AM;Apr 21, 2023 4:00 AM;44,106.50;47,693.00;3,586.50;20,996.00
Apr 21, 2023 4:00 AM;Apr 21, 2023 5:00 AM;45,362.50;47,468.25;2,105.75;22,840.00
Apr 21, 2023 5:00 AM;Apr 21, 2023 6:00 AM;47,808.00;48,278.50;470.50;25,606.00
Apr 21, 2023 6:00 AM;Apr 21, 2023 7:00 AM;53,812.50;54,116.25;303.75;31,350.00
Apr 21, 2023 7:00 AM;Apr 21, 2023 8:00 AM;57,663.50;57,677.25;13.75;33,980.75
Apr 21, 2023 8:00 AM;Apr 21, 2023 9:00 AM;59,491.25;59,552.25;61.00;32,438.00
Apr 21, 2023 9:00 AM;Apr 21, 2023 10:00 AM;60,055.50;61,023.50;968.00;27,238.50
Apr 21, 2023 10:00 AM;Apr 21, 2023 11:00 AM;59,723.50;62,883.50;3,160.00;20,181.00
Apr 21, 2023 11:00 AM;Apr 21, 2023 12:00 PM;60,057.00;64,854.25;4,797.25;13,422.75
Apr 21, 2023 12:00 PM;Apr 21, 2023 1:00 PM;59,400.25;66,309.75;6,909.50;8,587.00
Apr 21, 2023 1:00 PM;Apr 21, 2023 2:00 PM;57,386.75;63,330.75;5,944.00;4,574.00
Apr 21, 2023 2:00 PM;Apr 21, 2023 3:00 PM;55,664.00;61,481.75;5,817.75;3,995.75
Apr 21, 2023 3:00 PM;Apr 21, 2023 4:00 PM;54,877.00;61,137.00;6,260.00;4,759.25
Apr 21, 2023 4:00 PM;Apr 21, 2023 5:00 PM;54,397.00;59,811.75;5,414.75;8,059.25
Apr 21, 2023 5:00 PM;Apr 21, 2023 6:00 PM;55,256.00;56,958.75;1,702.75;17,100.50
Apr 21, 2023 6:00 PM;Apr 21, 2023 7:00 PM;54,955.75;55,063.75;108.00;26,755.75
Apr 21, 2023 7:00 PM;Apr 21, 2023 8:00 PM;54,474.75;54,541.50;66.75;32,568.00
Apr 21, 2023 8:00 PM;Apr 21, 2023 9:00 PM;53,248.00;53,294.25;46.25;30,257.75
Apr 21, 2023 9:00 PM;Apr 21, 2023 10:00 PM;52,377.50;52,726.25;348.75;27,078.50
Apr 21, 2023 10:00 PM;Apr 21, 2023 11:00 PM;50,076.50;50,253.00;176.50;25,164.50
Apr 21, 2023 11:00 PM;Apr 22, 2023 12:00 AM;46,353.25;46,516.75;163.50;21,994.75
Apr 22, 2023 12:00 AM;Apr 22, 2023 1:00 AM;43,349.25;43,593.50;244.25;20,260.75
Apr 22, 2023 1:00 AM;Apr 22, 2023 2:00 AM;41,281.00;41,587.75;306.75;19,221.75
Apr 22, 2023 2:00 AM;Apr 22, 2023 3:00 AM;39,696.00;40,104.75;408.75;17,857.25
Apr 22, 2023 3:00 AM;Apr 22, 2023 4:00 AM;39,377.00;39,963.75;586.75;17,808.00
Apr 22, 2023 4:00 AM;Apr 22, 2023 5:00 AM;39,371.25;40,142.75;771.50;18,318.50
Apr 22, 2023 5:00 AM;Apr 22, 2023 6:00 AM;39,463.25;39,902.75;439.50;19,055.50
Apr 22, 2023 6:00 AM;Apr 22, 2023 7:00 AM;40,374.50;40,967.00;592.50;19,875.00
Apr 22, 2023 7:00 AM;Apr 22, 2023 8:00 AM;42,368.75;42,493.50;124.75;19,703.00
Apr 22, 2023 8:00 AM;Apr 22, 2023 9:00 AM;45,349.25;45,579.50;230.25;18,970.50
Apr 22, 2023 9:00 AM;Apr 22, 2023 10:00 AM;47,349.25;47,751.00;401.75;16,330.00
Apr 22, 2023 10:00 AM;Apr 22, 2023 11:00 AM;48,769.00;50,322.50;1,553.50;11,750.75
Apr 22, 2023 11:00 AM;Apr 22, 2023 12:00 PM;49,072.00;53,563.75;4,491.75;6,800.75
Apr 22, 2023 12:00 PM;Apr 22, 2023 1:00 PM;48,492.50;53,820.50;5,328.00;2,999.00
Apr 22, 2023 1:00 PM;Apr 22, 2023 2:00 PM;47,245.25;53,277.25;6,032.00;1,800.50
Apr 22, 2023 2:00 PM;Apr 22, 2023 3:00 PM;46,416.00;52,733.50;6,317.50;3,149.00
Apr 22, 2023 3:00 PM;Apr 22, 2023 4:00 PM;45,959.75;51,388.00;5,428.25;6,766.00
Apr 22, 2023 4:00 PM;Apr 22, 2023 5:00 PM;45,847.25;48,969.50;3,122.25;13,505.00
Apr 22, 2023 5:00 PM;Apr 22, 2023 6:00 PM;46,504.75;47,259.25;754.50;21,224.25
Apr 22, 2023 6:00 PM;Apr 22, 2023 7:00 PM;47,764.25;47,999.25;235.00;28,101.25
Apr 22, 2023 7:00 PM;Apr 22, 2023 8:00 PM;47,916.50;48,073.75;157.25;30,541.00
Apr 22, 2023 8:00 PM;Apr 22, 2023 9:00 PM;47,106.75;47,259.25;152.50;28,856.50
Apr 22, 2023 9:00 PM;Apr 22, 2023 10:00 PM;46,098.25;46,269.25;171.00;27,341.25
Apr 22, 2023 10:00 PM;Apr 22, 2023 11:00 PM;44,103.25;44,197.00;93.75;27,774.00
Apr 22, 2023 11:00 PM;Apr 23, 2023 12:00 AM;41,752.25;41,766.75;14.50;26,743.50
Apr 23, 2023 12:00 AM;Apr 23, 2023 1:00 AM;39,276.00;39,404.50;128.50;24,931.00
Apr 23, 2023 1:00 AM;Apr 23, 2023 2:00 AM;37,021.75;37,470.00;448.25;23,764.25
Apr 23, 2023 2:00 AM;Apr 23, 2023 3:00 AM;35,814.00;36,885.75;1,071.75;23,350.50
Apr 23, 2023 3:00 AM;Apr 23, 2023 4:00 AM;35,217.25;36,098.00;880.75;22,991.00
Apr 23, 2023 4:00 AM;Apr 23, 2023 5:00 AM;35,263.00;35,642.25;379.25;23,835.50
Apr 23, 2023 5:00 AM;Apr 23, 2023 6:00 AM;35,655.50;36,189.25;533.75;24,720.50
Apr 23, 2023 6:00 AM;Apr 23, 2023 7:00 AM;35,800.00;36,085.00;285.00;25,361.75
Apr 23, 2023 7:00 AM;Apr 23, 2023 8:00 AM;37,415.75;37,723.50;307.75;26,104.50
Apr 23, 2023 8:00 AM;Apr 23, 2023 9:00 AM;40,899.50;41,901.50;1,002.00;26,448.75
Apr 23, 2023 9:00 AM;Apr 23, 2023 10:00 AM;42,984.50;44,722.75;1,738.25;23,946.75
Apr 23, 2023 10:00 AM;Apr 23, 2023 11:00 AM;44,055.75;47,330.75;3,275.00;19,176.00
Apr 23, 2023 11:00 AM;Apr 23, 2023 12:00 PM;46,352.50;52,095.25;5,742.75;16,985.75
Apr 23, 2023 12:00 PM;Apr 23, 2023 1:00 PM;46,248.50;51,923.25;5,674.75;13,592.25
Apr 23, 2023 1:00 PM;Apr 23, 2023 2:00 PM;43,914.50;49,877.25;5,962.75;9,868.75
Apr 23, 2023 2:00 PM;Apr 23, 2023 3:00 PM;42,107.75;48,733.75;6,626.00;9,159.50
Apr 23, 2023 3:00 PM;Apr 23, 2023 4:00 PM;41,199.00;47,390.50;6,191.50;10,027.50
Apr 23, 2023 4:00 PM;Apr 23, 2023 5:00 PM;40,977.50;45,603.00;4,625.50;15,087.00
Apr 23, 2023 5:00 PM;Apr 23, 2023 6:00 PM;42,828.25;44,154.00;1,325.75;24,613.75
Apr 23, 2023 6:00 PM;Apr 23, 2023 7:00 PM;44,391.00;44,420.00;29.00;32,649.50
Apr 23, 2023 7:00 PM;Apr 23, 2023 8:00 PM;44,961.00;45,230.75;269.75;35,364.00
Apr 23, 2023 8:00 PM;Apr 23, 2023 9:00 PM;45,052.50;45,419.00;366.50;33,452.75
Apr 23, 2023 9:00 PM;Apr 23, 2023 10:00 PM;44,472.75;44,901.25;428.50;29,447.25
Apr 23, 2023 10:00 PM;Apr 23, 2023 11:00 PM;44,308.25;44,763.75;455.50;27,396.50
Apr 23, 2023 11:00 PM;Apr 24, 2023 12:00 AM;41,608.00;42,820.75;1,212.75;23,384.50
Apr 24, 2023 12:00 AM;Apr 24, 2023 1:00 AM;39,326.25;41,381.75;2,055.50;20,185.75
Apr 24, 2023 1:00 AM;Apr 24, 2023 2:00 AM;37,964.25;41,832.50;3,868.25;18,041.50
Apr 24, 2023 2:00 AM;Apr 24, 2023 3:00 AM;37,353.75;42,139.25;4,785.50;16,831.50
Apr 24, 2023 3:00 AM;Apr 24, 2023 4:00 AM;37,955.25;43,390.50;5,435.25;16,624.25
Apr 24, 2023 4:00 AM;Apr 24, 2023 5:00 AM;39,842.75;44,610.00;4,767.25;18,585.50
Apr 24, 2023 5:00 AM;Apr 24, 2023 6:00 AM;44,311.00;45,621.75;1,310.75;22,322.75
Apr 24, 2023 6:00 AM;Apr 24, 2023 7:00 AM;52,300.50;53,395.00;1,094.50;28,612.25
Apr 24, 2023 7:00 AM;Apr 24, 2023 8:00 AM;57,555.50;58,426.50;871.00;30,966.00
Apr 24, 2023 8:00 AM;Apr 24, 2023 9:00 AM;60,330.50;60,648.75;318.25;29,108.25
Apr 24, 2023 9:00 AM;Apr 24, 2023 10:00 AM;61,867.00;62,222.50;355.50;24,815.75
Apr 24, 2023 10:00 AM;Apr 24, 2023 11:00 AM;62,150.50;62,317.00;166.50;21,285.75
Apr 24, 2023 11:00 AM;Apr 24, 2023 12:00 PM;62,838.75;63,285.25;446.50;18,632.00
Apr 24, 2023 12:00 PM;Apr 24, 2023 1:00 PM;62,070.00;62,865.75;795.75;15,979.50
Apr 24, 2023 1:00 PM;Apr 24, 2023 2:00 PM;61,505.75;63,324.25;1,818.50;14,389.00
Apr 24, 2023 2:00 PM;Apr 24, 2023 3:00 PM;60,043.00;63,820.75;3,777.75;13,620.50
Apr 24, 2023 3:00 PM;Apr 24, 2023 4:00 PM;59,005.00;61,915.25;2,910.25;13,749.50
Apr 24, 2023 4:00 PM;Apr 24, 2023 5:00 PM;58,185.00;61,118.00;2,933.00;15,538.25
Apr 24, 2023 5:00 PM;Apr 24, 2023 6:00 PM;57,820.50;59,073.25;1,252.75;18,296.50
Apr 24, 2023 6:00 PM;Apr 24, 2023 7:00 PM;58,489.75;59,371.50;881.75;23,497.25
Apr 24, 2023 7:00 PM;Apr 24, 2023 8:00 PM;58,433.50;58,699.25;265.75;28,242.75
Apr 24, 2023 8:00 PM;Apr 24, 2023 9:00 PM;57,139.00;57,360.00;221.00;30,313.75
Apr 24, 2023 9:00 PM;Apr 24, 2023 10:00 PM;55,310.50;55,720.00;409.50;29,513.50
Apr 24, 2023 10:00 PM;Apr 24, 2023 11:00 PM;52,064.00;52,166.75;102.75;27,127.75
Apr 24, 2023 11:00 PM;Apr 25, 2023 12:00 AM;49,014.50;49,223.50;209.00;24,354.75
Apr 25, 2023 12:00 AM;Apr 25, 2023 1:00 AM;46,297.00;47,473.00;1,176.00;22,344.00
Apr 25, 2023 1:00 AM;Apr 25, 2023 2:00 AM;44,518.00;47,014.25;2,496.25;21,088.50
Apr 25, 2023 2:00 AM;Apr 25, 2023 3:00 AM;43,661.50;47,213.50;3,552.00;20,694.75
Apr 25, 2023 3:00 AM;Apr 25, 2023 4:00 AM;43,934.25;47,358.25;3,424.00;22,626.75
Apr 25, 2023 4:00 AM;Apr 25, 2023 5:00 AM;44,909.50;48,532.25;3,622.75;24,510.50
Apr 25, 2023 5:00 AM;Apr 25, 2023 6:00 AM;48,269.25;49,330.00;1,060.75;28,866.00
Apr 25, 2023 6:00 AM;Apr 25, 2023 7:00 AM;54,753.50;55,157.50;404.00;34,945.00
Apr 25, 2023 7:00 AM;Apr 25, 2023 8:00 AM;59,641.50;59,645.50;4.00;38,468.50
Apr 25, 2023 8:00 AM;Apr 25, 2023 9:00 AM;61,545.00;61,554.50;9.50;36,253.75
Apr 25, 2023 9:00 AM;Apr 25, 2023 10:00 AM;62,396.00;62,894.00;498.00;31,678.25
Apr 25, 2023 10:00 AM;Apr 25, 2023 11:00 AM;62,887.50;63,330.50;443.00;28,022.25
Apr 25, 2023 11:00 AM;Apr 25, 2023 12:00 PM;63,798.50;65,200.25;1,401.75;26,368.50
Apr 25, 2023 12:00 PM;Apr 25, 2023 1:00 PM;62,974.25;66,628.25;3,654.00;23,752.00
Apr 25, 2023 1:00 PM;Apr 25, 2023 2:00 PM;61,241.50;65,734.25;4,492.75;21,393.00
Apr 25, 2023 2:00 PM;Apr 25, 2023 3:00 PM;59,598.75;65,060.00;5,461.25;19,442.50
Apr 25, 2023 3:00 PM;Apr 25, 2023 4:00 PM;58,477.75;64,554.75;6,077.00;18,569.00
Apr 25, 2023 4:00 PM;Apr 25, 2023 5:00 PM;57,593.50;63,150.50;5,557.00;20,367.25
Apr 25, 2023 5:00 PM;Apr 25, 2023 6:00 PM;57,994.50;59,502.00;1,507.50;25,165.00
Apr 25, 2023 6:00 PM;Apr 25, 2023 7:00 PM;58,501.50;58,859.50;358.00;31,471.00
Apr 25, 2023 7:00 PM;Apr 25, 2023 8:00 PM;58,811.75;58,958.50;146.75;37,718.75
Apr 25, 2023 8:00 PM;Apr 25, 2023 9:00 PM;57,785.75;57,864.25;78.50;39,400.75
Apr 25, 2023 9:00 PM;Apr 25, 2023 10:00 PM;56,100.50;56,416.50;316.00;37,738.50
Apr 25, 2023 10:00 PM;Apr 25, 2023 11:00 PM;52,960.50;53,384.00;423.50;34,597.25
Apr 25, 2023 11:00 PM;Apr 26, 2023 12:00 AM;49,424.25;50,021.50;597.25;30,583.75
Apr 26, 2023 12:00 AM;Apr 26, 2023 1:00 AM;45,927.00;47,737.75;1,810.75;26,745.00
Apr 26, 2023 1:00 AM;Apr 26, 2023 2:00 AM;44,677.25;48,271.00;3,593.75;24,847.00
Apr 26, 2023 2:00 AM;Apr 26, 2023 3:00 AM;44,195.75;48,177.50;3,981.75;24,685.75
Apr 26, 2023 3:00 AM;Apr 26, 2023 4:00 AM;44,535.00;47,417.25;2,882.25;25,217.25
Apr 26, 2023 4:00 AM;Apr 26, 2023 5:00 AM;45,958.25;47,782.00;1,823.75;26,903.50
Apr 26, 2023 5:00 AM;Apr 26, 2023 6:00 AM;49,686.75;50,497.50;810.75;30,630.25
Apr 26, 2023 6:00 AM;Apr 26, 2023 7:00 AM;55,547.50;55,883.25;335.75;36,842.00
Apr 26, 2023 7:00 AM;Apr 26, 2023 8:00 AM;59,329.75;59,332.50;2.75;39,151.75
Apr 26, 2023 8:00 AM;Apr 26, 2023 9:00 AM;60,886.00;61,035.00;149.00;34,512.25
Apr 26, 2023 9:00 AM;Apr 26, 2023 10:00 AM;60,512.50;61,765.50;1,253.00;27,702.25
Apr 26, 2023 10:00 AM;Apr 26, 2023 11:00 AM;61,492.75;63,419.50;1,926.75;25,055.00
Apr 26, 2023 11:00 AM;Apr 26, 2023 12:00 PM;61,954.00;63,663.75;1,709.75;25,284.75
Apr 26, 2023 12:00 PM;Apr 26, 2023 1:00 PM;61,336.25;64,339.00;3,002.75;24,356.25
Apr 26, 2023 1:00 PM;Apr 26, 2023 2:00 PM;60,211.00;64,056.25;3,845.25;21,656.25
Apr 26, 2023 2:00 PM;Apr 26, 2023 3:00 PM;58,289.00;62,699.25;4,410.25;20,869.25
Apr 26, 2023 3:00 PM;Apr 26, 2023 4:00 PM;57,309.50;60,153.25;2,843.75;21,383.75
Apr 26, 2023 4:00 PM;Apr 26, 2023 5:00 PM;56,867.75;57,909.00;1,041.25;24,785.75
Apr 26, 2023 5:00 PM;Apr 26, 2023 6:00 PM;57,409.75;57,773.00;363.25;31,064.00
Apr 26, 2023 6:00 PM;Apr 26, 2023 7:00 PM;57,703.75;57,924.50;220.75;39,295.50
Apr 26, 2023 7:00 PM;Apr 26, 2023 8:00 PM;57,934.25;57,942.75;8.50;46,400.75
Apr 26, 2023 8:00 PM;Apr 26, 2023 9:00 PM;56,529.75;56,552.00;22.25;47,634.25
Apr 26, 2023 9:00 PM;Apr 26, 2023 10:00 PM;55,130.75;55,136.00;5.25;46,206.25
Apr 26, 2023 10:00 PM;Apr 26, 2023 11:00 PM;51,682.50;51,928.25;245.75;42,816.25
Apr 26, 2023 11:00 PM;Apr 27, 2023 12:00 AM;48,194.00;48,481.25;287.25;39,318.75
Apr 27, 2023 12:00 AM;Apr 27, 2023 1:00 AM;45,435.75;45,738.25;302.50;36,884.25
Apr 27, 2023 1:00 AM;Apr 27, 2023 2:00 AM;43,713.50;44,373.25;659.75;34,773.25
Apr 27, 2023 2:00 AM;Apr 27, 2023 3:00 AM;43,230.50;44,286.00;1,055.50;34,223.75
Apr 27, 2023 3:00 AM;Apr 27, 2023 4:00 AM;43,890.00;44,796.50;906.50;34,928.75
Apr 27, 2023 4:00 AM;Apr 27, 2023 5:00 AM;44,703.75;45,389.75;686.00;36,155.25
Apr 27, 2023 5:00 AM;Apr 27, 2023 6:00 AM;48,103.00;48,600.75;497.75;39,885.50
Apr 27, 2023 6:00 AM;Apr 27, 2023 7:00 AM;54,378.75;54,432.50;53.75;46,616.75
Apr 27, 2023 7:00 AM;Apr 27, 2023 8:00 AM;58,224.25;58,230.25;6.00;48,110.75
Apr 27, 2023 8:00 AM;Apr 27, 2023 9:00 AM;60,582.25;60,616.50;34.25;44,801.75
Apr 27, 2023 9:00 AM;Apr 27, 2023 10:00 AM;61,114.00;61,512.00;398.00;36,659.00
Apr 27, 2023 10:00 AM;Apr 27, 2023 11:00 AM;60,629.00;62,814.75;2,185.75;29,282.00
Apr 27, 2023 11:00 AM;Apr 27, 2023 12:00 PM;60,989.25;64,112.00;3,122.75;25,864.75
Apr 27, 2023 12:00 PM;Apr 27, 2023 1:00 PM;59,858.00;64,431.50;4,573.50;24,343.50
Apr 27, 2023 1:00 PM;Apr 27, 2023 2:00 PM;58,841.50;64,133.00;5,291.50;23,298.75
Apr 27, 2023 2:00 PM;Apr 27, 2023 3:00 PM;57,657.25;62,733.25;5,076.00;23,469.75
Apr 27, 2023 3:00 PM;Apr 27, 2023 4:00 PM;56,385.50;60,193.00;3,807.50;25,644.75
Apr 27, 2023 4:00 PM;Apr 27, 2023 5:00 PM;55,780.75;58,383.75;2,603.00;30,022.00
Apr 27, 2023 5:00 PM;Apr 27, 2023 6:00 PM;56,691.50;57,735.50;1,044.00;38,073.50
Apr 27, 2023 6:00 PM;Apr 27, 2023 7:00 PM;57,145.75;57,343.25;197.50;46,185.50
Apr 27, 2023 7:00 PM;Apr 27, 2023 8:00 PM;57,225.50;57,244.25;18.75;52,216.00
Apr 27, 2023 8:00 PM;Apr 27, 2023 9:00 PM;56,272.00;56,274.50;2.50;53,294.50
Apr 27, 2023 9:00 PM;Apr 27, 2023 10:00 PM;54,551.00;54,554.00;3.00;50,454.75
Apr 27, 2023 10:00 PM;Apr 27, 2023 11:00 PM;51,152.25;51,288.50;136.25;45,459.00
Apr 27, 2023 11:00 PM;Apr 28, 2023 12:00 AM;47,479.00;47,921.75;442.75;40,597.00
Apr 28, 2023 12:00 AM;Apr 28, 2023 1:00 AM;44,454.50;45,151.25;696.75;36,207.50
Apr 28, 2023 1:00 AM;Apr 28, 2023 2:00 AM;42,690.25;43,787.75;1,097.50;33,067.75
Apr 28, 2023 2:00 AM;Apr 28, 2023 3:00 AM;41,504.75;42,948.25;1,443.50;30,963.00
Apr 28, 2023 3:00 AM;Apr 28, 2023 4:00 AM;41,420.00;44,228.00;2,808.00;30,129.75
Apr 28, 2023 4:00 AM;Apr 28, 2023 5:00 AM;42,650.75;45,664.25;3,013.50;30,335.75
Apr 28, 2023 5:00 AM;Apr 28, 2023 6:00 AM;46,001.00;46,432.25;431.25;32,725.75
Apr 28, 2023 6:00 AM;Apr 28, 2023 7:00 AM;52,315.25;52,327.75;12.50;37,313.00
Apr 28, 2023 7:00 AM;Apr 28, 2023 8:00 AM;57,368.00;57,375.00;7.00;40,067.50
Apr 28, 2023 8:00 AM;Apr 28, 2023 9:00 AM;60,224.50;60,225.50;1.00;42,255.25
Apr 28, 2023 9:00 AM;Apr 28, 2023 10:00 AM;61,099.25;61,103.25;4.00;40,406.50
Apr 28, 2023 10:00 AM;Apr 28, 2023 11:00 AM;62,499.00;62,660.00;161.00;39,180.75
Apr 28, 2023 11:00 AM;Apr 28, 2023 12:00 PM;62,728.50;63,082.25;353.75;37,998.75
Apr 28, 2023 12:00 PM;Apr 28, 2023 1:00 PM;61,849.75;62,521.75;672.00;36,528.75
Apr 28, 2023 1:00 PM;Apr 28, 2023 2:00 PM;59,586.00;61,036.25;1,450.25;34,427.75
Apr 28, 2023 2:00 PM;Apr 28, 2023 3:00 PM;57,554.25;60,010.50;2,456.25;33,679.00
Apr 28, 2023 3:00 PM;Apr 28, 2023 4:00 PM;56,551.75;58,238.50;1,686.75;35,065.50
Apr 28, 2023 4:00 PM;Apr 28, 2023 5:00 PM;55,651.50;56,759.75;1,108.25;36,650.75
Apr 28, 2023 5:00 PM;Apr 28, 2023 6:00 PM;55,688.00;55,866.75;178.75;39,056.25
Apr 28, 2023 6:00 PM;Apr 28, 2023 7:00 PM;55,683.00;55,693.25;10.25;41,295.25
Apr 28, 2023 7:00 PM;Apr 28, 2023 8:00 PM;55,544.00;55,550.25;6.25;43,086.25
Apr 28, 2023 8:00 PM;Apr 28, 2023 9:00 PM;53,887.50;53,985.75;98.25;41,410.00
Apr 28, 2023 9:00 PM;Apr 28, 2023 10:00 PM;51,935.75;52,178.50;242.75;38,854.50
Apr 28, 2023 10:00 PM;Apr 28, 2023 11:00 PM;49,317.25;49,615.50;298.25;36,336.75
Apr 28, 2023 11:00 PM;Apr 29, 2023 12:00 AM;45,946.75;46,454.00;507.25;34,011.50
Apr 29, 2023 12:00 AM;Apr 29, 2023 1:00 AM;43,143.75;44,904.75;1,761.00;31,694.25
Apr 29, 2023 1:00 AM;Apr 29, 2023 2:00 AM;40,927.75;43,526.00;2,598.25;29,794.75
Apr 29, 2023 2:00 AM;Apr 29, 2023 3:00 AM;38,942.25;40,865.50;1,923.25;28,157.50
Apr 29, 2023 3:00 AM;Apr 29, 2023 4:00 AM;38,868.00;39,951.25;1,083.25;28,542.50
Apr 29, 2023 4:00 AM;Apr 29, 2023 5:00 AM;39,011.50;39,634.50;623.00;29,178.25
Apr 29, 2023 5:00 AM;Apr 29, 2023 6:00 AM;39,569.00;39,983.00;414.00;29,775.25
Apr 29, 2023 6:00 AM;Apr 29, 2023 7:00 AM;40,915.75;41,492.25;576.50;30,745.25
Apr 29, 2023 7:00 AM;Apr 29, 2023 8:00 AM;43,415.25;43,769.75;354.50;31,451.75
Apr 29, 2023 8:00 AM;Apr 29, 2023 9:00 AM;46,851.00;47,104.00;253.00;31,973.00
Apr 29, 2023 9:00 AM;Apr 29, 2023 10:00 AM;50,319.75;50,803.00;483.25;31,006.75
Apr 29, 2023 10:00 AM;Apr 29, 2023 11:00 AM;51,885.25;52,337.75;452.50;27,474.25
Apr 29, 2023 11:00 AM;Apr 29, 2023 12:00 PM;52,414.75;53,023.00;608.25;24,028.75
Apr 29, 2023 12:00 PM;Apr 29, 2023 1:00 PM;51,302.75;55,025.75;3,723.00;20,382.00
Apr 29, 2023 1:00 PM;Apr 29, 2023 2:00 PM;49,517.00;54,511.00;4,994.00;17,942.75
Apr 29, 2023 2:00 PM;Apr 29, 2023 3:00 PM;47,770.75;53,481.75;5,711.00;16,430.00
Apr 29, 2023 3:00 PM;Apr 29, 2023 4:00 PM;47,126.75;52,835.50;5,708.75;16,825.50
Apr 29, 2023 4:00 PM;Apr 29, 2023 5:00 PM;46,478.50;50,756.00;4,277.50;18,863.00
Apr 29, 2023 5:00 PM;Apr 29, 2023 6:00 PM;47,463.25;48,596.25;1,133.00;24,428.75
Apr 29, 2023 6:00 PM;Apr 29, 2023 7:00 PM;48,585.00;49,008.50;423.50;30,466.25
Apr 29, 2023 7:00 PM;Apr 29, 2023 8:00 PM;48,986.25;49,095.50;109.25;35,122.50
Apr 29, 2023 8:00 PM;Apr 29, 2023 9:00 PM;48,643.25;48,667.75;24.50;37,139.00
Apr 29, 2023 9:00 PM;Apr 29, 2023 10:00 PM;47,582.75;47,672.25;89.50;35,886.25
Apr 29, 2023 10:00 PM;Apr 29, 2023 11:00 PM;45,922.75;46,052.50;129.75;34,275.25
Apr 29, 2023 11:00 PM;Apr 30, 2023 12:00 AM;42,853.75;43,000.50;146.75;31,673.00
Apr 30, 2023 12:00 AM;Apr 30, 2023 1:00 AM;39,546.75;39,592.25;45.50;29,028.75
Apr 30, 2023 1:00 AM;Apr 30, 2023 2:00 AM;37,683.00;37,825.75;142.75;28,118.25
Apr 30, 2023 2:00 AM;Apr 30, 2023 3:00 AM;36,478.75;36,640.25;161.50;27,650.75
Apr 30, 2023 3:00 AM;Apr 30, 2023 4:00 AM;36,004.00;36,192.25;188.25;27,892.00
Apr 30, 2023 4:00 AM;Apr 30, 2023 5:00 AM;35,962.25;36,199.75;237.50;28,460.75
Apr 30, 2023 5:00 AM;Apr 30, 2023 6:00 AM;36,234.75;36,525.50;290.75;28,897.75
Apr 30, 2023 6:00 AM;Apr 30, 2023 7:00 AM;36,354.50;36,699.75;345.25;28,586.50
Apr 30, 2023 7:00 AM;Apr 30, 2023 8:00 AM;38,061.50;38,602.50;541.00;26,938.25
Apr 30, 2023 8:00 AM;Apr 30, 2023 9:00 AM;40,962.00;42,086.75;1,124.75;22,669.75
Apr 30, 2023 9:00 AM;Apr 30, 2023 10:00 AM;43,372.00;47,498.75;4,126.75;16,542.25
Apr 30, 2023 10:00 AM;Apr 30, 2023 11:00 AM;44,724.25;49,952.25;5,228.00;12,780.00
Apr 30, 2023 11:00 AM;Apr 30, 2023 12:00 PM;46,158.00;51,223.25;5,065.25;10,858.75
Apr 30, 2023 12:00 PM;Apr 30, 2023 1:00 PM;45,760.75;52,271.50;6,510.75;9,049.50
Apr 30, 2023 1:00 PM;Apr 30, 2023 2:00 PM;43,312.00;50,313.00;7,001.00;6,533.50
Apr 30, 2023 2:00 PM;Apr 30, 2023 3:00 PM;41,200.50;48,286.25;7,085.75;5,632.00
Apr 30, 2023 3:00 PM;Apr 30, 2023 4:00 PM;40,147.75;46,274.75;6,127.00;6,808.50
Apr 30, 2023 4:00 PM;Apr 30, 2023 5:00 PM;39,847.25;45,508.00;5,660.75;11,709.75
Apr 30, 2023 5:00 PM;Apr 30, 2023 6:00 PM;40,557.75;44,158.00;3,600.25;19,652.00
Apr 30, 2023 6:00 PM;Apr 30, 2023 7:00 PM;42,553.75;42,923.50;369.75;30,548.75
Apr 30, 2023 7:00 PM;Apr 30, 2023 8:00 PM;43,196.50;43,241.50;45.00;37,701.75
Apr 30, 2023 8:00 PM;Apr 30, 2023 9:00 PM;43,467.00;43,474.00;7.00;39,506.75
Apr 30, 2023 9:00 PM;Apr 30, 2023 10:00 PM;43,646.25;43,650.75;4.50;38,302.25
Apr 30, 2023 10:00 PM;Apr 30, 2023 11:00 PM;41,884.50;41,889.50;5.00;35,162.75
Apr 30, 2023 11:00 PM;May 1, 2023 12:00 AM;39,211.00;39,238.50;27.50;31,408.50
May 1, 2023 12:00 AM;May 1, 2023 1:00 AM;37,461.50;37,656.00;194.50;28,730.75
May 1, 2023 1:00 AM;May 1, 2023 2:00 AM;35,638.25;35,766.75;128.50;25,573.75
May 1, 2023 2:00 AM;May 1, 2023 3:00 AM;34,686.00;35,003.25;317.25;23,703.75
May 1, 2023 3:00 AM;May 1, 2023 4:00 AM;34,337.25;34,601.75;264.50;22,903.50
May 1, 2023 4:00 AM;May 1, 2023 5:00 AM;34,478.50;34,888.75;410.25;22,570.50
May 1, 2023 5:00 AM;May 1, 2023 6:00 AM;35,327.75;36,188.00;860.25;23,093.00
May 1, 2023 6:00 AM;May 1, 2023 7:00 AM;35,480.50;36,389.25;908.75;22,621.75
May 1, 2023 7:00 AM;May 1, 2023 8:00 AM;37,292.50;38,177.25;884.75;21,973.75
May 1, 2023 8:00 AM;May 1, 2023 9:00 AM;40,265.50;40,697.75;432.25;22,602.75
May 1, 2023 9:00 AM;May 1, 2023 10:00 AM;43,699.25;45,108.75;1,409.50;21,979.25
May 1, 2023 10:00 AM;May 1, 2023 11:00 AM;45,584.50;50,148.75;4,564.25;19,396.50
May 1, 2023 11:00 AM;May 1, 2023 12:00 PM;46,199.75;51,574.25;5,374.50;16,151.25
May 1, 2023 12:00 PM;May 1, 2023 1:00 PM;45,645.75;51,442.50;5,796.75;14,608.50
May 1, 2023 1:00 PM;May 1, 2023 2:00 PM;44,373.00;50,135.75;5,762.75;14,819.75
May 1, 2023 2:00 PM;May 1, 2023 3:00 PM;43,346.75;48,839.75;5,493.00;16,315.75
May 1, 2023 3:00 PM;May 1, 2023 4:00 PM;43,048.75;48,872.25;5,823.50;19,374.00
May 1, 2023 4:00 PM;May 1, 2023 5:00 PM;43,262.75;48,275.00;5,012.25;23,937.50
May 1, 2023 5:00 PM;May 1, 2023 6:00 PM;43,719.50;45,309.75;1,590.25;28,543.50
May 1, 2023 6:00 PM;May 1, 2023 7:00 PM;45,075.25;45,436.50;361.25;34,561.25
May 1, 2023 7:00 PM;May 1, 2023 8:00 PM;44,951.75;45,067.00;115.25;37,604.50
May 1, 2023 8:00 PM;May 1, 2023 9:00 PM;44,688.50;44,743.25;54.75;38,185.25
May 1, 2023 9:00 PM;May 1, 2023 10:00 PM;45,165.00;45,223.75;58.75;38,494.75
May 1, 2023 10:00 PM;May 1, 2023 11:00 PM;43,784.50;43,883.75;99.25;36,278.50
May 1, 2023 11:00 PM;May 2, 2023 12:00 AM;40,725.00;41,385.25;660.25;30,567.50
May 2, 2023 12:00 AM;May 2, 2023 1:00 AM;38,566.75;40,054.25;1,487.50;26,229.00
May 2, 2023 1:00 AM;May 2, 2023 2:00 AM;37,145.00;40,108.50;2,963.50;22,689.75
May 2, 2023 2:00 AM;May 2, 2023 3:00 AM;37,015.50;41,407.50;4,392.00;20,649.25
May 2, 2023 3:00 AM;May 2, 2023 4:00 AM;37,438.75;42,203.50;4,764.75;19,927.25
May 2, 2023 4:00 AM;May 2, 2023 5:00 AM;39,475.00;43,285.25;3,810.25;21,602.00
May 2, 2023 5:00 AM;May 2, 2023 6:00 AM;43,399.75;44,690.00;1,290.25;25,239.00
May 2, 2023 6:00 AM;May 2, 2023 7:00 AM;52,116.25;52,808.00;691.75;33,340.50
May 2, 2023 7:00 AM;May 2, 2023 8:00 AM;57,763.25;57,795.75;32.50;37,625.25
May 2, 2023 8:00 AM;May 2, 2023 9:00 AM;60,639.75;60,642.00;2.25;38,491.75
May 2, 2023 9:00 AM;May 2, 2023 10:00 AM;61,298.00;61,367.50;69.50;36,282.75
May 2, 2023 10:00 AM;May 2, 2023 11:00 AM;62,013.50;62,561.75;548.25;33,996.50
May 2, 2023 11:00 AM;May 2, 2023 12:00 PM;62,898.00;63,906.00;1,008.00;32,479.00
May 2, 2023 12:00 PM;May 2, 2023 1:00 PM;61,736.75;63,178.00;1,441.25;28,623.75
May 2, 2023 1:00 PM;May 2, 2023 2:00 PM;60,937.00;64,476.50;3,539.50;25,502.75
May 2, 2023 2:00 PM;May 2, 2023 3:00 PM;59,349.50;64,599.25;5,249.75;23,474.25
May 2, 2023 3:00 PM;May 2, 2023 4:00 PM;58,378.75;63,351.50;4,972.75;23,333.50
May 2, 2023 4:00 PM;May 2, 2023 5:00 PM;56,686.75;59,442.75;2,756.00;24,744.00
May 2, 2023 5:00 PM;May 2, 2023 6:00 PM;56,941.25;58,514.75;1,573.50;29,964.25
May 2, 2023 6:00 PM;May 2, 2023 7:00 PM;57,695.75;57,990.25;294.50;36,981.50
May 2, 2023 7:00 PM;May 2, 2023 8:00 PM;57,623.50;57,652.75;29.25;43,187.50
May 2, 2023 8:00 PM;May 2, 2023 9:00 PM;56,168.00;56,174.75;6.75;46,161.75
May 2, 2023 9:00 PM;May 2, 2023 10:00 PM;54,418.00;54,424.00;6.00;45,325.00
May 2, 2023 10:00 PM;May 2, 2023 11:00 PM;50,922.00;50,932.25;10.25;42,196.75
May 2, 2023 11:00 PM;May 3, 2023 12:00 AM;46,668.25;46,717.75;49.50;38,145.75
May 3, 2023 12:00 AM;May 3, 2023 1:00 AM;44,101.25;44,243.50;142.25;35,794.00
May 3, 2023 1:00 AM;May 3, 2023 2:00 AM;42,467.25;43,078.00;610.75;34,296.50
May 3, 2023 2:00 AM;May 3, 2023 3:00 AM;41,767.25;43,070.75;1,303.50;33,699.25
May 3, 2023 3:00 AM;May 3, 2023 4:00 AM;42,442.75;44,006.25;1,563.50;34,617.75
May 3, 2023 4:00 AM;May 3, 2023 5:00 AM;43,877.75;44,816.00;938.25;36,362.25
May 3, 2023 5:00 AM;May 3, 2023 6:00 AM;47,323.75;47,658.25;334.50;40,348.00
May 3, 2023 6:00 AM;May 3, 2023 7:00 AM;53,395.50;53,476.00;80.50;45,553.25
May 3, 2023 7:00 AM;May 3, 2023 8:00 AM;57,783.50;57,789.50;6.00;46,708.25
May 3, 2023 8:00 AM;May 3, 2023 9:00 AM;60,765.50;60,813.25;47.75;44,079.75
May 3, 2023 9:00 AM;May 3, 2023 10:00 AM;60,433.50;60,765.00;331.50;36,554.25
May 3, 2023 10:00 AM;May 3, 2023 11:00 AM;59,949.50;60,024.75;75.25;30,910.50
May 3, 2023 11:00 AM;May 3, 2023 12:00 PM;60,213.25;63,071.75;2,858.50;26,861.25
May 3, 2023 12:00 PM;May 3, 2023 1:00 PM;59,956.50;64,092.75;4,136.25;22,985.75
May 3, 2023 1:00 PM;May 3, 2023 2:00 PM;57,389.75;62,750.75;5,361.00;18,670.50
May 3, 2023 2:00 PM;May 3, 2023 3:00 PM;57,037.50;62,711.25;5,673.75;18,676.75
May 3, 2023 3:00 PM;May 3, 2023 4:00 PM;56,224.50;61,346.50;5,122.00;20,712.75
May 3, 2023 4:00 PM;May 3, 2023 5:00 PM;55,460.00;59,333.25;3,873.25;25,237.50
May 3, 2023 5:00 PM;May 3, 2023 6:00 PM;55,336.50;56,260.75;924.25;32,955.75
May 3, 2023 6:00 PM;May 3, 2023 7:00 PM;56,164.00;56,633.50;469.50;42,711.00
May 3, 2023 7:00 PM;May 3, 2023 8:00 PM;56,690.25;56,732.50;42.25;50,028.75
May 3, 2023 8:00 PM;May 3, 2023 9:00 PM;55,987.75;55,997.00;9.25;51,318.25
May 3, 2023 9:00 PM;May 3, 2023 10:00 PM;54,779.50;54,815.25;35.75;48,196.25
May 3, 2023 10:00 PM;May 3, 2023 11:00 PM;51,060.75;51,275.00;214.25;42,775.75
May 3, 2023 11:00 PM;May 4, 2023 12:00 AM;46,706.00;47,170.50;464.50;37,551.25
May 4, 2023 12:00 AM;May 4, 2023 1:00 AM;43,558.25;44,035.25;477.00;34,056.25
May 4, 2023 1:00 AM;May 4, 2023 2:00 AM;42,169.50;43,455.50;1,286.00;32,222.25
May 4, 2023 2:00 AM;May 4, 2023 3:00 AM;41,473.50;43,380.25;1,906.75;31,522.50
May 4, 2023 3:00 AM;May 4, 2023 4:00 AM;41,664.00;43,963.00;2,299.00;31,884.75
May 4, 2023 4:00 AM;May 4, 2023 5:00 AM;43,028.50;44,509.25;1,480.75;33,610.50
May 4, 2023 5:00 AM;May 4, 2023 6:00 AM;46,300.25;46,615.00;314.75;37,217.00
May 4, 2023 6:00 AM;May 4, 2023 7:00 AM;52,684.25;52,823.25;139.00;42,207.00
May 4, 2023 7:00 AM;May 4, 2023 8:00 AM;57,241.25;57,247.50;6.25;42,201.50
May 4, 2023 8:00 AM;May 4, 2023 9:00 AM;60,264.25;60,297.00;32.75;39,578.75
May 4, 2023 9:00 AM;May 4, 2023 10:00 AM;60,054.50;60,429.50;375.00;31,936.75
May 4, 2023 10:00 AM;May 4, 2023 11:00 AM;59,985.50;61,224.25;1,238.75;24,796.50
May 4, 2023 11:00 AM;May 4, 2023 12:00 PM;60,447.25;63,539.00;3,091.75;19,987.50
May 4, 2023 12:00 PM;May 4, 2023 1:00 PM;59,701.00;64,902.75;5,201.75;16,323.00
May 4, 2023 1:00 PM;May 4, 2023 2:00 PM;58,882.25;63,644.25;4,762.00;15,235.75
May 4, 2023 2:00 PM;May 4, 2023 3:00 PM;57,076.25;61,520.50;4,444.25;15,180.50
May 4, 2023 3:00 PM;May 4, 2023 4:00 PM;56,533.50;61,562.00;5,028.50;18,008.50
May 4, 2023 4:00 PM;May 4, 2023 5:00 PM;55,532.50;59,540.25;4,007.75;21,840.50
May 4, 2023 5:00 PM;May 4, 2023 6:00 PM;55,720.00;57,021.25;1,301.25;27,732.50
May 4, 2023 6:00 PM;May 4, 2023 7:00 PM;56,970.50;57,207.75;237.25;35,260.00
May 4, 2023 7:00 PM;May 4, 2023 8:00 PM;57,992.75;57,994.50;1.75;40,652.50
May 4, 2023 8:00 PM;May 4, 2023 9:00 PM;57,037.25;57,041.75;4.50;40,241.25
May 4, 2023 9:00 PM;May 4, 2023 10:00 PM;56,270.00;56,393.50;123.50;36,699.50
May 4, 2023 10:00 PM;May 4, 2023 11:00 PM;52,659.50;52,685.25;25.75;31,743.50
May 4, 2023 11:00 PM;May 5, 2023 12:00 AM;48,629.75;48,731.25;101.50;26,962.25
May 5, 2023 12:00 AM;May 5, 2023 1:00 AM;45,045.00;45,172.25;127.25;23,235.75
May 5, 2023 1:00 AM;May 5, 2023 2:00 AM;43,700.75;44,653.75;953.00;21,725.00
May 5, 2023 2:00 AM;May 5, 2023 3:00 AM;42,918.25;44,828.00;1,909.75;20,768.25
May 5, 2023 3:00 AM;May 5, 2023 4:00 AM;42,773.00;45,307.00;2,534.00;20,430.25
May 5, 2023 4:00 AM;May 5, 2023 5:00 AM;44,037.50;45,682.75;1,645.25;21,354.25
May 5, 2023 5:00 AM;May 5, 2023 6:00 AM;47,664.25;48,235.50;571.25;25,196.75
May 5, 2023 6:00 AM;May 5, 2023 7:00 AM;54,348.25;54,507.00;158.75;31,018.75
May 5, 2023 7:00 AM;May 5, 2023 8:00 AM;59,132.50;59,156.75;24.25;32,546.50
May 5, 2023 8:00 AM;May 5, 2023 9:00 AM;62,202.75;62,399.75;197.00;30,944.25
May 5, 2023 9:00 AM;May 5, 2023 10:00 AM;62,770.50;63,376.25;605.75;26,299.75
May 5, 2023 10:00 AM;May 5, 2023 11:00 AM;62,514.25;64,399.75;1,885.50;21,177.00
May 5, 2023 11:00 AM;May 5, 2023 12:00 PM;61,708.25;65,055.25;3,347.00;16,939.25
May 5, 2023 12:00 PM;May 5, 2023 1:00 PM;61,457.75;65,385.00;3,927.25;15,551.00
May 5, 2023 1:00 PM;May 5, 2023 2:00 PM;60,319.00;65,255.00;4,936.00;16,479.75
May 5, 2023 2:00 PM;May 5, 2023 3:00 PM;59,112.50;63,555.50;4,443.00;19,544.00
May 5, 2023 3:00 PM;May 5, 2023 4:00 PM;57,693.00;59,683.75;1,990.75;24,584.50
May 5, 2023 4:00 PM;May 5, 2023 5:00 PM;57,148.25;58,554.25;1,406.00;27,944.75
May 5, 2023 5:00 PM;May 5, 2023 6:00 PM;58,812.25;59,282.25;470.00;33,172.00
May 5, 2023 6:00 PM;May 5, 2023 7:00 PM;58,805.25;58,995.00;189.75;36,787.75
May 5, 2023 7:00 PM;May 5, 2023 8:00 PM;58,256.50;58,281.25;24.75;39,614.75
May 5, 2023 8:00 PM;May 5, 2023 9:00 PM;56,013.75;56,021.50;7.75;38,665.75
May 5, 2023 9:00 PM;May 5, 2023 10:00 PM;53,898.75;53,909.25;10.50;37,189.25
May 5, 2023 10:00 PM;May 5, 2023 11:00 PM;50,168.00;50,278.00;110.00;34,225.50
May 5, 2023 11:00 PM;May 6, 2023 12:00 AM;46,581.50;46,972.25;390.75;31,684.50
May 6, 2023 12:00 AM;May 6, 2023 1:00 AM;44,257.00;44,585.25;328.25;29,989.00
May 6, 2023 1:00 AM;May 6, 2023 2:00 AM;42,450.00;42,934.75;484.75;29,204.75
May 6, 2023 2:00 AM;May 6, 2023 3:00 AM;40,917.50;41,425.50;508.00;28,839.25
May 6, 2023 3:00 AM;May 6, 2023 4:00 AM;40,342.50;40,905.75;563.25;29,098.75
May 6, 2023 4:00 AM;May 6, 2023 5:00 AM;40,316.00;41,075.75;759.75;30,117.75
May 6, 2023 5:00 AM;May 6, 2023 6:00 AM;40,971.00;41,413.00;442.00;31,343.00
May 6, 2023 6:00 AM;May 6, 2023 7:00 AM;42,175.00;42,493.25;318.25;32,466.00
May 6, 2023 7:00 AM;May 6, 2023 8:00 AM;44,942.75;45,089.75;147.00;33,007.25
May 6, 2023 8:00 AM;May 6, 2023 9:00 AM;48,327.75;48,644.25;316.50;32,717.25
May 6, 2023 9:00 AM;May 6, 2023 10:00 AM;50,618.75;50,981.25;362.50;30,356.75
May 6, 2023 10:00 AM;May 6, 2023 11:00 AM;51,952.00;53,311.00;1,359.00;26,011.00
May 6, 2023 11:00 AM;May 6, 2023 12:00 PM;52,580.50;56,204.75;3,624.25;22,256.50
May 6, 2023 12:00 PM;May 6, 2023 1:00 PM;51,959.50;57,303.50;5,344.00;19,154.50
May 6, 2023 1:00 PM;May 6, 2023 2:00 PM;50,014.00;55,421.75;5,407.75;16,902.75
May 6, 2023 2:00 PM;May 6, 2023 3:00 PM;48,451.25;54,364.00;5,912.75;15,849.00
May 6, 2023 3:00 PM;May 6, 2023 4:00 PM;48,211.50;54,163.00;5,951.50;17,603.75
May 6, 2023 4:00 PM;May 6, 2023 5:00 PM;48,091.50;51,502.75;3,411.25;20,420.50
May 6, 2023 5:00 PM;May 6, 2023 6:00 PM;48,794.50;49,784.50;990.00;25,872.50
May 6, 2023 6:00 PM;May 6, 2023 7:00 PM;49,156.50;49,258.50;102.00;30,917.00
May 6, 2023 7:00 PM;May 6, 2023 8:00 PM;49,037.50;49,093.50;56.00;34,289.75
May 6, 2023 8:00 PM;May 6, 2023 9:00 PM;47,474.00;47,489.50;15.50;34,118.75
May 6, 2023 9:00 PM;May 6, 2023 10:00 PM;46,912.50;46,960.75;48.25;32,491.00
May 6, 2023 10:00 PM;May 6, 2023 11:00 PM;45,059.25;45,138.25;79.00;31,083.50
May 6, 2023 11:00 PM;May 7, 2023 12:00 AM;41,913.00;42,108.25;195.25;27,973.00
May 7, 2023 12:00 AM;May 7, 2023 1:00 AM;39,024.50;39,290.00;265.50;24,956.00
May 7, 2023 1:00 AM;May 7, 2023 2:00 AM;37,038.75;37,579.75;541.00;22,810.25
May 7, 2023 2:00 AM;May 7, 2023 3:00 AM;35,776.00;36,320.50;544.50;21,776.25
May 7, 2023 3:00 AM;May 7, 2023 4:00 AM;35,406.75;36,002.25;595.50;21,480.00
May 7, 2023 4:00 AM;May 7, 2023 5:00 AM;35,492.00;36,288.75;796.75;21,083.25
May 7, 2023 5:00 AM;May 7, 2023 6:00 AM;35,863.75;36,890.25;1,026.50;20,675.00
May 7, 2023 6:00 AM;May 7, 2023 7:00 AM;36,561.75;37,894.25;1,332.50;18,943.25
May 7, 2023 7:00 AM;May 7, 2023 8:00 AM;38,804.25;40,381.00;1,576.75;16,732.50
May 7, 2023 8:00 AM;May 7, 2023 9:00 AM;42,534.75;45,546.00;3,011.25;14,676.25
May 7, 2023 9:00 AM;May 7, 2023 10:00 AM;45,421.00;49,606.75;4,185.75;12,447.50
May 7, 2023 10:00 AM;May 7, 2023 11:00 AM;47,077.00;52,003.00;4,926.00;8,100.50
May 7, 2023 11:00 AM;May 7, 2023 12:00 PM;47,609.50;52,778.00;5,168.50;4,230.00
May 7, 2023 12:00 PM;May 7, 2023 1:00 PM;47,038.00;53,159.75;6,121.75;2,939.75
May 7, 2023 1:00 PM;May 7, 2023 2:00 PM;45,426.00;51,375.50;5,949.50;3,039.75
May 7, 2023 2:00 PM;May 7, 2023 3:00 PM;44,681.75;50,507.25;5,825.50;4,349.00
May 7, 2023 3:00 PM;May 7, 2023 4:00 PM;44,651.50;50,325.75;5,674.25;6,469.00
May 7, 2023 4:00 PM;May 7, 2023 5:00 PM;45,261.00;50,419.25;5,158.25;10,767.50
May 7, 2023 5:00 PM;May 7, 2023 6:00 PM;46,310.25;48,962.50;2,652.25;16,559.25
May 7, 2023 6:00 PM;May 7, 2023 7:00 PM;47,458.50;48,064.75;606.25;23,225.25
May 7, 2023 7:00 PM;May 7, 2023 8:00 PM;48,255.75;48,555.00;299.25;28,246.50
May 7, 2023 8:00 PM;May 7, 2023 9:00 PM;47,732.75;47,836.00;103.25;29,523.00
May 7, 2023 9:00 PM;May 7, 2023 10:00 PM;47,586.25;47,608.75;22.50;28,189.50
May 7, 2023 10:00 PM;May 7, 2023 11:00 PM;46,248.75;46,315.25;66.50;26,385.25
May 7, 2023 11:00 PM;May 8, 2023 12:00 AM;43,173.00;43,270.75;97.75;24,071.75
May 8, 2023 12:00 AM;May 8, 2023 1:00 AM;41,103.75;41,754.00;650.25;22,826.25
May 8, 2023 1:00 AM;May 8, 2023 2:00 AM;39,137.00;40,217.25;1,080.25;21,832.00
May 8, 2023 2:00 AM;May 8, 2023 3:00 AM;38,438.25;40,240.25;1,802.00;21,736.75
May 8, 2023 3:00 AM;May 8, 2023 4:00 AM;38,424.50;39,698.50;1,274.00;22,435.25
May 8, 2023 4:00 AM;May 8, 2023 5:00 AM;39,848.50;41,166.25;1,317.75;24,448.25
May 8, 2023 5:00 AM;May 8, 2023 6:00 AM;43,465.75;43,997.00;531.25;27,714.25
May 8, 2023 6:00 AM;May 8, 2023 7:00 AM;51,625.25;51,943.75;318.50;35,517.50
May 8, 2023 7:00 AM;May 8, 2023 8:00 AM;57,097.00;57,104.00;7.00;39,017.50
May 8, 2023 8:00 AM;May 8, 2023 9:00 AM;60,266.75;60,428.25;161.50;37,182.75
May 8, 2023 9:00 AM;May 8, 2023 10:00 AM;61,487.50;62,023.50;536.00;32,095.50
May 8, 2023 10:00 AM;May 8, 2023 11:00 AM;62,160.00;62,717.50;557.50;27,356.00
May 8, 2023 11:00 AM;May 8, 2023 12:00 PM;62,608.25;63,443.75;835.50;24,914.00
May 8, 2023 12:00 PM;May 8, 2023 1:00 PM;62,008.25;64,232.50;2,224.25;23,265.75
May 8, 2023 1:00 PM;May 8, 2023 2:00 PM;61,014.50;64,110.00;3,095.50;22,719.75
May 8, 2023 2:00 PM;May 8, 2023 3:00 PM;59,582.50;63,355.50;3,773.00;23,365.75
May 8, 2023 3:00 PM;May 8, 2023 4:00 PM;58,887.50;62,193.50;3,306.00;24,739.75
May 8, 2023 4:00 PM;May 8, 2023 5:00 PM;57,844.00;59,026.50;1,182.50;27,973.25
May 8, 2023 5:00 PM;May 8, 2023 6:00 PM;58,242.25;58,550.00;307.75;33,046.25
May 8, 2023 6:00 PM;May 8, 2023 7:00 PM;57,817.25;57,833.75;16.50;38,499.50
May 8, 2023 7:00 PM;May 8, 2023 8:00 PM;57,593.75;57,595.00;1.25;43,423.75
May 8, 2023 8:00 PM;May 8, 2023 9:00 PM;56,133.00;56,133.00;0.00;43,313.00
May 8, 2023 9:00 PM;May 8, 2023 10:00 PM;55,288.25;55,457.75;169.50;39,451.50
May 8, 2023 10:00 PM;May 8, 2023 11:00 PM;52,224.25;52,895.25;671.00;33,579.25
May 8, 2023 11:00 PM;May 9, 2023 12:00 AM;47,918.25;48,777.50;859.25;27,939.00
May 9, 2023 12:00 AM;May 9, 2023 1:00 AM;44,451.25;45,138.00;686.75;25,501.50
May 9, 2023 1:00 AM;May 9, 2023 2:00 AM;43,662.00;45,069.50;1,407.50;24,405.75
May 9, 2023 2:00 AM;May 9, 2023 3:00 AM;42,713.00;44,212.50;1,499.50;23,976.50
May 9, 2023 3:00 AM;May 9, 2023 4:00 AM;42,718.75;44,887.25;2,168.50;24,375.25
May 9, 2023 4:00 AM;May 9, 2023 5:00 AM;43,820.75;46,059.25;2,238.50;25,505.25
May 9, 2023 5:00 AM;May 9, 2023 6:00 AM;47,077.75;47,754.50;676.75;28,599.25
May 9, 2023 6:00 AM;May 9, 2023 7:00 AM;53,625.25;53,940.75;315.50;34,151.25
May 9, 2023 7:00 AM;May 9, 2023 8:00 AM;58,500.00;58,517.50;17.50;36,339.50
May 9, 2023 8:00 AM;May 9, 2023 9:00 AM;61,403.00;61,431.50;28.50;33,789.50
May 9, 2023 9:00 AM;May 9, 2023 10:00 AM;61,753.25;62,428.75;675.50;27,472.50
May 9, 2023 10:00 AM;May 9, 2023 11:00 AM;61,466.25;62,963.75;1,497.50;21,471.50
May 9, 2023 11:00 AM;May 9, 2023 12:00 PM;62,423.75;67,156.25;4,732.50;17,801.50
May 9, 2023 12:00 PM;May 9, 2023 1:00 PM;61,953.25;67,662.50;5,709.25;15,280.50
May 9, 2023 1:00 PM;May 9, 2023 2:00 PM;60,509.75;66,163.00;5,653.25;13,357.75
May 9, 2023 2:00 PM;May 9, 2023 3:00 PM;59,498.25;64,546.75;5,048.50;13,527.75
May 9, 2023 3:00 PM;May 9, 2023 4:00 PM;58,448.75;61,635.25;3,186.50;17,049.00
May 9, 2023 4:00 PM;May 9, 2023 5:00 PM;57,579.75;58,864.25;1,284.50;22,016.50
May 9, 2023 5:00 PM;May 9, 2023 6:00 PM;59,188.50;59,573.25;384.75;29,528.25
May 9, 2023 6:00 PM;May 9, 2023 7:00 PM;59,499.75;59,638.25;138.50;36,810.75
May 9, 2023 7:00 PM;May 9, 2023 8:00 PM;58,869.75;58,875.75;6.00;40,099.25
May 9, 2023 8:00 PM;May 9, 2023 9:00 PM;57,070.25;57,080.00;9.75;38,874.50
May 9, 2023 9:00 PM;May 9, 2023 10:00 PM;56,023.50;56,268.75;245.25;35,876.75
May 9, 2023 10:00 PM;May 9, 2023 11:00 PM;52,541.50;52,638.25;96.75;32,627.25
May 9, 2023 11:00 PM;May 10, 2023 12:00 AM;48,498.75;48,981.00;482.25;28,836.75
May 10, 2023 12:00 AM;May 10, 2023 1:00 AM;45,906.50;47,773.25;1,866.75;26,868.00
May 10, 2023 1:00 AM;May 10, 2023 2:00 AM;44,223.50;48,088.75;3,865.25;26,040.00
May 10, 2023 2:00 AM;May 10, 2023 3:00 AM;43,019.25;48,641.75;5,622.50;25,373.75
May 10, 2023 3:00 AM;May 10, 2023 4:00 AM;43,033.00;48,542.50;5,509.50;25,121.75
May 10, 2023 4:00 AM;May 10, 2023 5:00 AM;44,593.50;49,457.50;4,864.00;26,995.00
May 10, 2023 5:00 AM;May 10, 2023 6:00 AM;47,646.00;50,694.75;3,048.75;30,111.00
May 10, 2023 6:00 AM;May 10, 2023 7:00 AM;54,431.75;54,992.50;560.75;36,697.50
May 10, 2023 7:00 AM;May 10, 2023 8:00 AM;58,897.50;58,923.50;26.00;40,945.00
May 10, 2023 8:00 AM;May 10, 2023 9:00 AM;61,887.50;61,901.00;13.50;41,783.00
May 10, 2023 9:00 AM;May 10, 2023 10:00 AM;62,624.75;62,629.00;4.25;39,537.50
May 10, 2023 10:00 AM;May 10, 2023 11:00 AM;63,214.00;63,221.00;7.00;37,299.50
May 10, 2023 11:00 AM;May 10, 2023 12:00 PM;64,015.50;64,345.75;330.25;35,803.25
May 10, 2023 12:00 PM;May 10, 2023 1:00 PM;63,254.00;63,895.25;641.25;34,852.25
May 10, 2023 1:00 PM;May 10, 2023 2:00 PM;62,349.50;63,739.50;1,390.00;34,651.75
May 10, 2023 2:00 PM;May 10, 2023 3:00 PM;61,167.50;63,127.50;1,960.00;34,521.50
May 10, 2023 3:00 PM;May 10, 2023 4:00 PM;59,844.75;61,531.00;1,686.25;35,950.75
May 10, 2023 4:00 PM;May 10, 2023 5:00 PM;58,501.75;59,456.25;954.50;38,668.50
May 10, 2023 5:00 PM;May 10, 2023 6:00 PM;58,397.25;58,642.00;244.75;43,749.75
May 10, 2023 6:00 PM;May 10, 2023 7:00 PM;58,396.25;58,404.50;8.25;48,486.50
May 10, 2023 7:00 PM;May 10, 2023 8:00 PM;57,875.00;57,876.75;1.75;51,864.75
May 10, 2023 8:00 PM;May 10, 2023 9:00 PM;56,117.25;56,122.50;5.25;52,191.50
May 10, 2023 9:00 PM;May 10, 2023 10:00 PM;54,704.50;54,724.75;20.25;51,115.00
May 10, 2023 10:00 PM;May 10, 2023 11:00 PM;51,114.50;51,234.25;119.75;47,471.75
May 10, 2023 11:00 PM;May 11, 2023 12:00 AM;47,237.75;47,489.00;251.25;43,818.50
May 11, 2023 12:00 AM;May 11, 2023 1:00 AM;44,931.75;45,676.50;744.75;41,602.50
May 11, 2023 1:00 AM;May 11, 2023 2:00 AM;43,153.75;44,308.50;1,154.75;40,058.50
May 11, 2023 2:00 AM;May 11, 2023 3:00 AM;42,066.75;43,758.75;1,692.00;39,112.75
May 11, 2023 3:00 AM;May 11, 2023 4:00 AM;42,181.50;45,007.50;2,826.00;39,126.75
May 11, 2023 4:00 AM;May 11, 2023 5:00 AM;43,274.00;45,689.75;2,415.75;40,106.00
May 11, 2023 5:00 AM;May 11, 2023 6:00 AM;46,244.50;47,126.25;881.75;42,905.00
May 11, 2023 6:00 AM;May 11, 2023 7:00 AM;52,908.50;53,110.75;202.25;48,656.00
May 11, 2023 7:00 AM;May 11, 2023 8:00 AM;57,741.00;57,742.00;1.00;51,744.25
May 11, 2023 8:00 AM;May 11, 2023 9:00 AM;60,553.75;60,610.50;56.75;51,942.25
May 11, 2023 9:00 AM;May 11, 2023 10:00 AM;61,764.00;61,841.25;77.25;49,457.25
May 11, 2023 10:00 AM;May 11, 2023 11:00 AM;62,680.00;62,763.75;83.75;46,465.75
May 11, 2023 11:00 AM;May 11, 2023 12:00 PM;63,190.50;63,397.75;207.25;43,642.25
May 11, 2023 12:00 PM;May 11, 2023 1:00 PM;62,503.50;62,950.50;447.00;41,512.25
May 11, 2023 1:00 PM;May 11, 2023 2:00 PM;61,522.25;61,956.25;434.00;40,262.00
May 11, 2023 2:00 PM;May 11, 2023 3:00 PM;60,194.75;60,905.75;711.00;39,673.75
May 11, 2023 3:00 PM;May 11, 2023 4:00 PM;59,417.25;59,837.50;420.25;40,267.50
May 11, 2023 4:00 PM;May 11, 2023 5:00 PM;58,630.50;58,811.25;180.75;41,551.25
May 11, 2023 5:00 PM;May 11, 2023 6:00 PM;59,083.25;59,269.00;185.75;44,532.00
May 11, 2023 6:00 PM;May 11, 2023 7:00 PM;59,344.25;59,375.25;31.00;47,641.00
May 11, 2023 7:00 PM;May 11, 2023 8:00 PM;58,651.00;58,653.50;2.50;49,390.50
May 11, 2023 8:00 PM;May 11, 2023 9:00 PM;56,825.75;56,830.00;4.25;48,271.75
May 11, 2023 9:00 PM;May 11, 2023 10:00 PM;54,979.25;54,991.75;12.50;45,544.50
May 11, 2023 10:00 PM;May 11, 2023 11:00 PM;51,470.75;51,498.25;27.50;40,872.00
May 11, 2023 11:00 PM;May 12, 2023 12:00 AM;47,632.50;47,827.75;195.25;35,748.00
May 12, 2023 12:00 AM;May 12, 2023 1:00 AM;44,219.50;44,522.00;302.50;31,583.75
May 12, 2023 1:00 AM;May 12, 2023 2:00 AM;42,571.25;43,528.50;957.25;29,689.50
May 12, 2023 2:00 AM;May 12, 2023 3:00 AM;41,642.00;43,733.50;2,091.50;29,187.00
May 12, 2023 3:00 AM;May 12, 2023 4:00 AM;41,422.25;43,515.75;2,093.50;29,529.50
May 12, 2023 4:00 AM;May 12, 2023 5:00 AM;42,587.25;43,895.50;1,308.25;31,494.25
May 12, 2023 5:00 AM;May 12, 2023 6:00 AM;45,730.50;46,210.00;479.50;35,404.50
May 12, 2023 6:00 AM;May 12, 2023 7:00 AM;52,373.25;52,505.75;132.50;41,746.25
May 12, 2023 7:00 AM;May 12, 2023 8:00 AM;57,459.25;57,460.00;0.75;45,604.75
May 12, 2023 8:00 AM;May 12, 2023 9:00 AM;60,083.50;60,087.25;3.75;45,355.75
May 12, 2023 9:00 AM;May 12, 2023 10:00 AM;61,266.25;61,898.50;632.25;41,666.75
May 12, 2023 10:00 AM;May 12, 2023 11:00 AM;62,463.50;63,129.00;665.50;35,974.25
May 12, 2023 11:00 AM;May 12, 2023 12:00 PM;62,443.75;63,349.50;905.75;29,679.00
May 12, 2023 12:00 PM;May 12, 2023 1:00 PM;61,112.00;62,391.75;1,279.75;25,320.00
May 12, 2023 1:00 PM;May 12, 2023 2:00 PM;59,532.00;62,146.00;2,614.00;23,502.25
May 12, 2023 2:00 PM;May 12, 2023 3:00 PM;58,547.25;61,806.75;3,259.50;24,001.75
May 12, 2023 3:00 PM;May 12, 2023 4:00 PM;58,678.75;61,807.75;3,129.00;25,917.00
May 12, 2023 4:00 PM;May 12, 2023 5:00 PM;57,451.25;59,363.50;1,912.25;26,985.50
May 12, 2023 5:00 PM;May 12, 2023 6:00 PM;57,456.00;59,042.25;1,586.25;30,039.50
May 12, 2023 6:00 PM;May 12, 2023 7:00 PM;56,957.75;57,571.50;613.75;34,378.25
May 12, 2023 7:00 PM;May 12, 2023 8:00 PM;56,001.75;56,070.00;68.25;38,858.50
May 12, 2023 8:00 PM;May 12, 2023 9:00 PM;53,797.00;53,806.00;9.00;39,451.25
May 12, 2023 9:00 PM;May 12, 2023 10:00 PM;52,261.75;52,410.75;149.00;36,548.75
May 12, 2023 10:00 PM;May 12, 2023 11:00 PM;48,961.25;49,125.50;164.25;32,334.25
May 12, 2023 11:00 PM;May 13, 2023 12:00 AM;44,983.25;45,219.25;236.00;28,857.25
May 13, 2023 12:00 AM;May 13, 2023 1:00 AM;41,955.00;42,259.75;304.75;26,747.00
May 13, 2023 1:00 AM;May 13, 2023 2:00 AM;40,141.75;40,607.50;465.75;26,414.75
May 13, 2023 2:00 AM;May 13, 2023 3:00 AM;38,553.25;38,924.00;370.75;26,435.00
May 13, 2023 3:00 AM;May 13, 2023 4:00 AM;38,141.00;38,373.00;232.00;27,297.50
May 13, 2023 4:00 AM;May 13, 2023 5:00 AM;38,370.75;38,975.00;604.25;28,350.25
May 13, 2023 5:00 AM;May 13, 2023 6:00 AM;38,697.00;39,407.50;710.50;28,773.25
May 13, 2023 6:00 AM;May 13, 2023 7:00 AM;40,190.00;40,591.00;401.00;28,928.50
May 13, 2023 7:00 AM;May 13, 2023 8:00 AM;43,032.75;43,428.00;395.25;28,963.75
May 13, 2023 8:00 AM;May 13, 2023 9:00 AM;46,452.75;46,793.75;341.00;28,851.25
May 13, 2023 9:00 AM;May 13, 2023 10:00 AM;48,939.25;50,053.25;1,114.00;25,321.50
May 13, 2023 10:00 AM;May 13, 2023 11:00 AM;50,460.00;53,796.25;3,336.25;19,382.75
May 13, 2023 11:00 AM;May 13, 2023 12:00 PM;50,942.75;55,972.00;5,029.25;14,640.75
May 13, 2023 12:00 PM;May 13, 2023 1:00 PM;50,524.00;55,945.50;5,421.50;12,484.25
May 13, 2023 1:00 PM;May 13, 2023 2:00 PM;49,126.00;53,775.25;4,649.25;12,272.75
May 13, 2023 2:00 PM;May 13, 2023 3:00 PM;48,004.75;52,065.75;4,061.00;13,064.50
May 13, 2023 3:00 PM;May 13, 2023 4:00 PM;46,989.50;52,328.25;5,338.75;14,213.00
May 13, 2023 4:00 PM;May 13, 2023 5:00 PM;46,789.75;52,369.25;5,579.50;17,014.50
May 13, 2023 5:00 PM;May 13, 2023 6:00 PM;46,989.75;49,115.50;2,125.75;21,505.00
May 13, 2023 6:00 PM;May 13, 2023 7:00 PM;47,799.00;48,271.25;472.25;27,918.50
May 13, 2023 7:00 PM;May 13, 2023 8:00 PM;47,589.00;47,744.75;155.75;33,826.00
May 13, 2023 8:00 PM;May 13, 2023 9:00 PM;46,448.25;46,458.25;10.00;36,147.25
May 13, 2023 9:00 PM;May 13, 2023 10:00 PM;45,005.75;45,010.00;4.25;35,126.75
May 13, 2023 10:00 PM;May 13, 2023 11:00 PM;43,419.75;43,424.50;4.75;34,078.50
May 13, 2023 11:00 PM;May 14, 2023 12:00 AM;40,556.25;40,563.25;7.00;32,864.00
May 14, 2023 12:00 AM;May 14, 2023 1:00 AM;38,206.50;38,228.00;21.50;31,794.00
May 14, 2023 1:00 AM;May 14, 2023 2:00 AM;36,380.50;36,452.75;72.25;30,921.75
May 14, 2023 2:00 AM;May 14, 2023 3:00 AM;35,244.25;35,317.75;73.50;30,218.00
May 14, 2023 3:00 AM;May 14, 2023 4:00 AM;34,657.25;34,825.75;168.50;30,175.00
May 14, 2023 4:00 AM;May 14, 2023 5:00 AM;34,704.25;34,957.75;253.50;30,078.50
May 14, 2023 5:00 AM;May 14, 2023 6:00 AM;34,842.00;35,687.75;845.75;29,585.75
May 14, 2023 6:00 AM;May 14, 2023 7:00 AM;35,236.00;35,703.75;467.75;27,997.00
May 14, 2023 7:00 AM;May 14, 2023 8:00 AM;37,437.25;38,088.50;651.25;26,263.00
May 14, 2023 8:00 AM;May 14, 2023 9:00 AM;40,512.75;41,064.00;551.25;25,160.00
May 14, 2023 9:00 AM;May 14, 2023 10:00 AM;43,078.50;44,585.50;1,507.00;21,526.00
May 14, 2023 10:00 AM;May 14, 2023 11:00 AM;44,669.50;48,971.50;4,302.00;17,002.25
May 14, 2023 11:00 AM;May 14, 2023 12:00 PM;46,094.25;51,333.25;5,239.00;14,848.50
May 14, 2023 12:00 PM;May 14, 2023 1:00 PM;45,856.50;50,729.50;4,873.00;14,452.75
May 14, 2023 1:00 PM;May 14, 2023 2:00 PM;43,908.75;48,761.50;4,852.75;14,687.75
May 14, 2023 2:00 PM;May 14, 2023 3:00 PM;42,211.75;48,098.25;5,886.50;14,393.00
May 14, 2023 3:00 PM;May 14, 2023 4:00 PM;41,262.00;47,675.00;6,413.00;15,855.50
May 14, 2023 4:00 PM;May 14, 2023 5:00 PM;40,975.75;46,695.00;5,719.25;18,563.00
May 14, 2023 5:00 PM;May 14, 2023 6:00 PM;42,812.50;46,013.25;3,200.75;24,484.75
May 14, 2023 6:00 PM;May 14, 2023 7:00 PM;45,147.25;45,882.25;735.00;32,314.00
May 14, 2023 7:00 PM;May 14, 2023 8:00 PM;44,930.25;44,979.25;49.00;37,364.00
May 14, 2023 8:00 PM;May 14, 2023 9:00 PM;44,698.50;44,743.00;44.50;40,336.50
May 14, 2023 9:00 PM;May 14, 2023 10:00 PM;44,895.50;44,910.75;15.25;41,673.50
May 14, 2023 10:00 PM;May 14, 2023 11:00 PM;44,046.50;44,060.25;13.75;41,294.50
May 14, 2023 11:00 PM;May 15, 2023 12:00 AM;41,064.00;41,187.75;123.75;38,686.50
May 15, 2023 12:00 AM;May 15, 2023 1:00 AM;39,036.00;39,433.75;397.75;37,086.50
May 15, 2023 1:00 AM;May 15, 2023 2:00 AM;37,742.00;38,115.25;373.25;36,044.50
May 15, 2023 2:00 AM;May 15, 2023 3:00 AM;37,126.00;37,870.00;744.00;35,423.25
May 15, 2023 3:00 AM;May 15, 2023 4:00 AM;37,678.25;38,743.50;1,065.25;35,765.00
May 15, 2023 4:00 AM;May 15, 2023 5:00 AM;39,557.50;40,415.25;857.75;37,163.50
May 15, 2023 5:00 AM;May 15, 2023 6:00 AM;43,033.75;43,343.25;309.50;40,191.25
May 15, 2023 6:00 AM;May 15, 2023 7:00 AM;50,334.00;50,422.75;88.75;45,723.25
May 15, 2023 7:00 AM;May 15, 2023 8:00 AM;55,706.50;55,712.00;5.50;47,061.25
May 15, 2023 8:00 AM;May 15, 2023 9:00 AM;58,598.50;58,599.75;1.25;44,543.75
May 15, 2023 9:00 AM;May 15, 2023 10:00 AM;59,422.25;59,537.50;115.25;38,620.50
May 15, 2023 10:00 AM;May 15, 2023 11:00 AM;59,515.75;60,167.25;651.50;32,822.00
May 15, 2023 11:00 AM;May 15, 2023 12:00 PM;59,398.75;60,390.50;991.75;28,741.25
May 15, 2023 12:00 PM;May 15, 2023 1:00 PM;58,998.25;60,738.25;1,740.00;26,743.50
May 15, 2023 1:00 PM;May 15, 2023 2:00 PM;58,639.50;60,644.50;2,005.00;25,607.25
May 15, 2023 2:00 PM;May 15, 2023 3:00 PM;57,498.25;60,660.00;3,161.75;23,289.50
May 15, 2023 3:00 PM;May 15, 2023 4:00 PM;57,173.75;60,899.75;3,726.00;22,780.50
May 15, 2023 4:00 PM;May 15, 2023 5:00 PM;56,213.50;58,465.25;2,251.75;23,783.00
May 15, 2023 5:00 PM;May 15, 2023 6:00 PM;56,867.75;57,386.75;519.00;27,676.75
May 15, 2023 6:00 PM;May 15, 2023 7:00 PM;57,754.50;57,883.75;129.25;32,920.75
May 15, 2023 7:00 PM;May 15, 2023 8:00 PM;57,271.75;57,280.75;9.00;36,611.50
May 15, 2023 8:00 PM;May 15, 2023 9:00 PM;55,362.75;55,371.75;9.00;36,603.00
May 15, 2023 9:00 PM;May 15, 2023 10:00 PM;53,605.75;53,656.25;50.50;34,418.50
May 15, 2023 10:00 PM;May 15, 2023 11:00 PM;50,372.00;50,650.75;278.75;30,665.00
May 15, 2023 11:00 PM;May 16, 2023 12:00 AM;46,751.25;47,405.00;653.75;25,964.25
May 16, 2023 12:00 AM;May 16, 2023 1:00 AM;43,948.25;44,924.25;976.00;22,726.50
May 16, 2023 1:00 AM;May 16, 2023 2:00 AM;42,131.00;44,598.25;2,467.25;20,823.00
May 16, 2023 2:00 AM;May 16, 2023 3:00 AM;41,528.00;44,814.75;3,286.75;19,685.00
May 16, 2023 3:00 AM;May 16, 2023 4:00 AM;41,730.25;45,677.00;3,946.75;19,822.25
May 16, 2023 4:00 AM;May 16, 2023 5:00 AM;43,287.50;46,155.25;2,867.75;21,083.00
May 16, 2023 5:00 AM;May 16, 2023 6:00 AM;46,215.25;46,909.50;694.25;23,658.25
May 16, 2023 6:00 AM;May 16, 2023 7:00 AM;53,074.75;53,235.00;160.25;29,495.00
May 16, 2023 7:00 AM;May 16, 2023 8:00 AM;58,400.50;58,461.25;60.75;31,877.75
May 16, 2023 8:00 AM;May 16, 2023 9:00 AM;60,764.00;60,997.75;233.75;29,211.00
May 16, 2023 9:00 AM;May 16, 2023 10:00 AM;61,261.25;61,400.50;139.25;26,676.50
May 16, 2023 10:00 AM;May 16, 2023 11:00 AM;61,341.75;62,046.50;704.75;25,983.25
May 16, 2023 11:00 AM;May 16, 2023 12:00 PM;61,782.25;62,925.00;1,142.75;23,623.25
May 16, 2023 12:00 PM;May 16, 2023 1:00 PM;61,626.00;63,934.75;2,308.75;21,352.00
May 16, 2023 1:00 PM;May 16, 2023 2:00 PM;60,567.75;63,726.25;3,158.50;19,373.25
May 16, 2023 2:00 PM;May 16, 2023 3:00 PM;59,508.75;63,247.75;3,739.00;18,004.75
May 16, 2023 3:00 PM;May 16, 2023 4:00 PM;58,950.25;63,252.00;4,301.75;18,849.00
May 16, 2023 4:00 PM;May 16, 2023 5:00 PM;57,911.00;62,053.00;4,142.00;19,767.50
May 16, 2023 5:00 PM;May 16, 2023 6:00 PM;57,943.00;59,508.50;1,565.50;22,917.00
May 16, 2023 6:00 PM;May 16, 2023 7:00 PM;59,439.00;60,350.75;911.75;27,363.00
May 16, 2023 7:00 PM;May 16, 2023 8:00 PM;59,776.25;60,288.00;511.75;31,322.75
May 16, 2023 8:00 PM;May 16, 2023 9:00 PM;56,674.50;56,694.25;19.75;32,237.50
May 16, 2023 9:00 PM;May 16, 2023 10:00 PM;55,010.25;55,074.50;64.25;31,539.25
May 16, 2023 10:00 PM;May 16, 2023 11:00 PM;52,124.00;52,486.75;362.75;27,993.50
May 16, 2023 11:00 PM;May 17, 2023 12:00 AM;48,695.75;49,732.25;1,036.50;24,263.25
May 17, 2023 12:00 AM;May 17, 2023 1:00 AM;45,832.75;48,174.25;2,341.50;21,575.50
May 17, 2023 1:00 AM;May 17, 2023 2:00 AM;44,245.25;47,634.75;3,389.50;20,049.50
May 17, 2023 2:00 AM;May 17, 2023 3:00 AM;43,443.00;47,012.75;3,569.75;19,727.00
May 17, 2023 3:00 AM;May 17, 2023 4:00 AM;43,749.75;47,048.25;3,298.50;20,837.50
May 17, 2023 4:00 AM;May 17, 2023 5:00 AM;44,985.50;47,785.25;2,799.75;22,824.00
May 17, 2023 5:00 AM;May 17, 2023 6:00 AM;47,468.50;48,826.75;1,358.25;25,886.25
May 17, 2023 6:00 AM;May 17, 2023 7:00 AM;54,115.25;54,388.25;273.00;31,236.25
May 17, 2023 7:00 AM;May 17, 2023 8:00 AM;59,105.00;59,142.50;37.50;33,393.00
May 17, 2023 8:00 AM;May 17, 2023 9:00 AM;62,400.75;62,411.25;10.50;29,210.00
May 17, 2023 9:00 AM;May 17, 2023 10:00 AM;61,763.25;62,331.75;568.50;23,904.50
May 17, 2023 10:00 AM;May 17, 2023 11:00 AM;62,558.50;65,036.00;2,477.50;21,510.00
May 17, 2023 11:00 AM;May 17, 2023 12:00 PM;63,599.00;67,885.50;4,286.50;20,824.75
May 17, 2023 12:00 PM;May 17, 2023 1:00 PM;62,666.00;67,764.75;5,098.75;18,249.50
May 17, 2023 1:00 PM;May 17, 2023 2:00 PM;60,968.25;66,741.00;5,772.75;16,066.75
May 17, 2023 2:00 PM;May 17, 2023 3:00 PM;59,030.25;64,684.25;5,654.00;15,150.00
May 17, 2023 3:00 PM;May 17, 2023 4:00 PM;57,554.00;63,226.50;5,672.50;16,314.50
May 17, 2023 4:00 PM;May 17, 2023 5:00 PM;55,982.75;60,720.50;4,737.75;18,903.25
May 17, 2023 5:00 PM;May 17, 2023 6:00 PM;55,549.00;56,923.75;1,374.75;24,563.75
May 17, 2023 6:00 PM;May 17, 2023 7:00 PM;55,474.00;55,726.00;252.00;33,129.25
May 17, 2023 7:00 PM;May 17, 2023 8:00 PM;55,021.75;55,039.00;17.25;40,540.00
May 17, 2023 8:00 PM;May 17, 2023 9:00 PM;53,380.75;53,385.75;5.00;43,654.25
May 17, 2023 9:00 PM;May 17, 2023 10:00 PM;51,398.75;51,416.75;18.00;42,307.00
May 17, 2023 10:00 PM;May 17, 2023 11:00 PM;48,049.25;48,062.75;13.50;38,455.25
May 17, 2023 11:00 PM;May 18, 2023 12:00 AM;44,359.50;44,416.25;56.75;34,640.75
May 18, 2023 12:00 AM;May 18, 2023 1:00 AM;41,318.25;41,467.75;149.50;31,833.00
May 18, 2023 1:00 AM;May 18, 2023 2:00 AM;39,419.75;39,668.50;248.75;30,215.25
May 18, 2023 2:00 AM;May 18, 2023 3:00 AM;38,523.50;38,850.75;327.25;29,912.00
May 18, 2023 3:00 AM;May 18, 2023 4:00 AM;38,061.00;38,258.75;197.75;30,142.00
May 18, 2023 4:00 AM;May 18, 2023 5:00 AM;38,324.25;38,549.00;224.75;31,126.75
May 18, 2023 5:00 AM;May 18, 2023 6:00 AM;37,385.25;37,701.00;315.75;30,495.50
May 18, 2023 6:00 AM;May 18, 2023 7:00 AM;37,413.00;37,689.00;276.00;29,121.25
May 18, 2023 7:00 AM;May 18, 2023 8:00 AM;39,369.75;39,465.00;95.25;26,920.50
May 18, 2023 8:00 AM;May 18, 2023 9:00 AM;42,610.25;42,774.25;164.00;22,920.00
May 18, 2023 9:00 AM;May 18, 2023 10:00 AM;44,643.25;46,312.00;1,668.75;16,322.50
May 18, 2023 10:00 AM;May 18, 2023 11:00 AM;45,427.00;49,252.00;3,825.00;11,495.50
May 18, 2023 11:00 AM;May 18, 2023 12:00 PM;45,779.25;51,355.50;5,576.25;9,972.50
May 18, 2023 12:00 PM;May 18, 2023 1:00 PM;45,459.50;51,232.00;5,772.50;9,001.50
May 18, 2023 1:00 PM;May 18, 2023 2:00 PM;43,797.75;49,836.75;6,039.00;6,755.25
May 18, 2023 2:00 PM;May 18, 2023 3:00 PM;42,188.25;48,364.00;6,175.75;7,116.00
May 18, 2023 3:00 PM;May 18, 2023 4:00 PM;41,267.00;46,856.00;5,589.00;9,109.00
May 18, 2023 4:00 PM;May 18, 2023 5:00 PM;41,361.00;46,134.25;4,773.25;13,674.50
May 18, 2023 5:00 PM;May 18, 2023 6:00 PM;42,211.75;44,324.25;2,112.50;19,813.50
May 18, 2023 6:00 PM;May 18, 2023 7:00 PM;43,500.00;43,699.00;199.00;27,487.75
May 18, 2023 7:00 PM;May 18, 2023 8:00 PM;44,122.25;44,134.50;12.25;33,645.75
May 18, 2023 8:00 PM;May 18, 2023 9:00 PM;44,191.75;44,199.75;8.00;36,259.75
May 18, 2023 9:00 PM;May 18, 2023 10:00 PM;42,281.75;42,286.25;4.50;33,146.75
May 18, 2023 10:00 PM;May 18, 2023 11:00 PM;39,838.75;39,934.00;95.25;29,233.75
May 18, 2023 11:00 PM;May 19, 2023 12:00 AM;38,647.75;38,914.50;266.75;27,451.75
May 19, 2023 12:00 AM;May 19, 2023 1:00 AM;37,524.00;38,123.75;599.75;26,711.50
May 19, 2023 1:00 AM;May 19, 2023 2:00 AM;36,282.75;36,973.50;690.75;26,331.00
May 19, 2023 2:00 AM;May 19, 2023 3:00 AM;35,384.00;35,928.00;544.00;26,457.00
May 19, 2023 3:00 AM;May 19, 2023 4:00 AM;35,148.75;35,479.50;330.75;26,900.75
May 19, 2023 4:00 AM;May 19, 2023 5:00 AM;36,322.75;36,734.00;411.25;28,282.00
May 19, 2023 5:00 AM;May 19, 2023 6:00 AM;38,321.50;38,689.75;368.25;30,318.75
May 19, 2023 6:00 AM;May 19, 2023 7:00 AM;42,615.25;42,742.75;127.50;32,951.75
May 19, 2023 7:00 AM;May 19, 2023 8:00 AM;46,709.50;46,729.50;20.00;33,689.25
May 19, 2023 8:00 AM;May 19, 2023 9:00 AM;49,929.00;49,945.25;16.25;32,361.25
May 19, 2023 9:00 AM;May 19, 2023 10:00 AM;50,997.75;51,394.75;397.00;26,342.25
May 19, 2023 10:00 AM;May 19, 2023 11:00 AM;51,603.00;53,409.50;1,806.50;19,655.25
May 19, 2023 11:00 AM;May 19, 2023 12:00 PM;52,690.25;57,036.00;4,345.75;15,821.50
May 19, 2023 12:00 PM;May 19, 2023 1:00 PM;52,450.75;58,018.00;5,567.25;13,685.25
May 19, 2023 1:00 PM;May 19, 2023 2:00 PM;51,044.25;57,048.25;6,004.00;13,361.25
May 19, 2023 2:00 PM;May 19, 2023 3:00 PM;49,910.25;55,689.25;5,779.00;13,647.50
May 19, 2023 3:00 PM;May 19, 2023 4:00 PM;49,308.00;54,483.25;5,175.25;14,920.50
May 19, 2023 4:00 PM;May 19, 2023 5:00 PM;49,048.25;53,001.00;3,952.75;17,986.75
May 19, 2023 5:00 PM;May 19, 2023 6:00 PM;49,889.50;51,046.75;1,157.25;22,218.25
May 19, 2023 6:00 PM;May 19, 2023 7:00 PM;50,685.50;50,890.50;205.00;27,336.50
May 19, 2023 7:00 PM;May 19, 2023 8:00 PM;50,545.50;50,648.50;103.00;31,031.75
May 19, 2023 8:00 PM;May 19, 2023 9:00 PM;49,211.50;49,221.25;9.75;32,084.00
May 19, 2023 9:00 PM;May 19, 2023 10:00 PM;47,795.50;47,831.25;35.75;29,527.25
May 19, 2023 10:00 PM;May 19, 2023 11:00 PM;45,022.75;45,110.75;88.00;25,622.75
May 19, 2023 11:00 PM;May 20, 2023 12:00 AM;41,790.25;41,861.75;71.50;22,585.75
May 20, 2023 12:00 AM;May 20, 2023 1:00 AM;38,799.00;39,136.75;337.75;20,882.25
May 20, 2023 1:00 AM;May 20, 2023 2:00 AM;37,069.00;37,418.25;349.25;20,625.00
May 20, 2023 2:00 AM;May 20, 2023 3:00 AM;35,981.75;36,174.50;192.75;20,214.00
May 20, 2023 3:00 AM;May 20, 2023 4:00 AM;35,677.00;35,959.25;282.25;20,317.00
May 20, 2023 4:00 AM;May 20, 2023 5:00 AM;35,896.50;36,254.50;358.00;20,614.75
May 20, 2023 5:00 AM;May 20, 2023 6:00 AM;36,723.75;36,964.25;240.50;20,626.25
May 20, 2023 6:00 AM;May 20, 2023 7:00 AM;38,922.00;39,613.50;691.50;20,616.25
May 20, 2023 7:00 AM;May 20, 2023 8:00 AM;42,059.50;42,829.00;769.50;21,764.25
May 20, 2023 8:00 AM;May 20, 2023 9:00 AM;45,187.00;46,411.50;1,224.50;19,721.50
May 20, 2023 9:00 AM;May 20, 2023 10:00 AM;47,321.50;50,109.50;2,788.00;14,402.50
May 20, 2023 10:00 AM;May 20, 2023 11:00 AM;49,202.50;53,639.50;4,437.00;9,517.00
May 20, 2023 11:00 AM;May 20, 2023 12:00 PM;50,119.00;55,803.50;5,684.50;7,335.00
May 20, 2023 12:00 PM;May 20, 2023 1:00 PM;49,598.50;55,515.75;5,917.25;7,062.75
May 20, 2023 1:00 PM;May 20, 2023 2:00 PM;48,003.25;54,044.75;6,041.50;5,801.50
May 20, 2023 2:00 PM;May 20, 2023 3:00 PM;46,401.25;52,485.25;6,084.00;4,003.25
May 20, 2023 3:00 PM;May 20, 2023 4:00 PM;45,774.50;51,596.75;5,822.25;4,974.75
May 20, 2023 4:00 PM;May 20, 2023 5:00 PM;45,702.75;51,266.00;5,563.25;6,872.75
May 20, 2023 5:00 PM;May 20, 2023 6:00 PM;46,395.00;50,579.75;4,184.75;10,820.25
May 20, 2023 6:00 PM;May 20, 2023 7:00 PM;47,425.75;48,681.75;1,256.00;17,248.25
May 20, 2023 7:00 PM;May 20, 2023 8:00 PM;47,030.75;47,290.75;260.00;23,147.75
May 20, 2023 8:00 PM;May 20, 2023 9:00 PM;45,482.25;45,491.75;9.50;26,943.75
May 20, 2023 9:00 PM;May 20, 2023 10:00 PM;44,491.25;44,569.75;78.50;27,221.00
May 20, 2023 10:00 PM;May 20, 2023 11:00 PM;42,951.25;42,959.50;8.25;26,287.25
May 20, 2023 11:00 PM;May 21, 2023 12:00 AM;40,060.00;40,070.25;10.25;23,725.50
May 21, 2023 12:00 AM;May 21, 2023 1:00 AM;37,756.25;37,858.25;102.00;21,648.75
May 21, 2023 1:00 AM;May 21, 2023 2:00 AM;35,914.25;36,405.75;491.50;20,361.75
May 21, 2023 2:00 AM;May 21, 2023 3:00 AM;34,833.00;35,502.75;669.75;19,680.75
May 21, 2023 3:00 AM;May 21, 2023 4:00 AM;33,920.25;34,497.25;577.00;19,306.50
May 21, 2023 4:00 AM;May 21, 2023 5:00 AM;33,880.00;34,573.25;693.25;19,682.75
May 21, 2023 5:00 AM;May 21, 2023 6:00 AM;34,257.00;35,487.25;1,230.25;20,339.75
May 21, 2023 6:00 AM;May 21, 2023 7:00 AM;35,128.50;36,505.75;1,377.25;19,955.25
May 21, 2023 7:00 AM;May 21, 2023 8:00 AM;37,275.00;38,419.50;1,144.50;20,336.00
May 21, 2023 8:00 AM;May 21, 2023 9:00 AM;40,530.50;41,876.25;1,345.75;20,294.50
May 21, 2023 9:00 AM;May 21, 2023 10:00 AM;42,872.75;44,270.25;1,397.50;16,751.50
May 21, 2023 10:00 AM;May 21, 2023 11:00 AM;45,264.75;48,507.25;3,242.50;12,693.00
May 21, 2023 11:00 AM;May 21, 2023 12:00 PM;46,756.00;50,941.25;4,185.25;8,744.50
May 21, 2023 12:00 PM;May 21, 2023 1:00 PM;46,257.50;51,580.50;5,323.00;6,314.25
May 21, 2023 1:00 PM;May 21, 2023 2:00 PM;44,205.25;50,079.75;5,874.50;3,666.75
May 21, 2023 2:00 PM;May 21, 2023 3:00 PM;42,440.75;48,438.00;5,997.25;4,094.25
May 21, 2023 3:00 PM;May 21, 2023 4:00 PM;41,878.00;47,581.00;5,703.00;4,976.50
May 21, 2023 4:00 PM;May 21, 2023 5:00 PM;41,882.50;46,881.50;4,999.00;5,887.25
May 21, 2023 5:00 PM;May 21, 2023 6:00 PM;43,555.75;47,442.25;3,886.50;11,297.00
May 21, 2023 6:00 PM;May 21, 2023 7:00 PM;45,534.00;47,653.00;2,119.00;20,374.00
May 21, 2023 7:00 PM;May 21, 2023 8:00 PM;46,179.75;46,421.50;241.75;26,697.25
May 21, 2023 8:00 PM;May 21, 2023 9:00 PM;45,960.50;46,085.50;125.00;28,090.25
May 21, 2023 9:00 PM;May 21, 2023 10:00 PM;46,037.00;46,099.00;62.00;27,167.25
May 21, 2023 10:00 PM;May 21, 2023 11:00 PM;45,543.50;45,737.75;194.25;25,974.50
May 21, 2023 11:00 PM;May 22, 2023 12:00 AM;43,111.75;43,663.50;551.75;23,398.50
May 22, 2023 12:00 AM;May 22, 2023 1:00 AM;40,925.50;41,324.50;399.00;21,938.50
May 22, 2023 1:00 AM;May 22, 2023 2:00 AM;39,762.50;40,969.25;1,206.75;22,466.50
May 22, 2023 2:00 AM;May 22, 2023 3:00 AM;38,567.25;40,002.75;1,435.50;22,785.50
May 22, 2023 3:00 AM;May 22, 2023 4:00 AM;38,445.00;40,802.50;2,357.50;22,910.75
May 22, 2023 4:00 AM;May 22, 2023 5:00 AM;39,678.00;41,155.00;1,477.00;24,483.75
May 22, 2023 5:00 AM;May 22, 2023 6:00 AM;42,698.50;43,057.50;359.00;28,687.25
May 22, 2023 6:00 AM;May 22, 2023 7:00 AM;50,119.75;50,363.75;244.00;35,353.75
May 22, 2023 7:00 AM;May 22, 2023 8:00 AM;55,075.25;55,146.25;71.00;36,567.50
May 22, 2023 8:00 AM;May 22, 2023 9:00 AM;58,422.50;58,423.25;0.75;36,371.00
May 22, 2023 9:00 AM;May 22, 2023 10:00 AM;59,096.75;59,278.50;181.75;31,390.75
May 22, 2023 10:00 AM;May 22, 2023 11:00 AM;59,904.75;60,773.75;869.00;25,235.75
May 22, 2023 11:00 AM;May 22, 2023 12:00 PM;60,228.25;62,809.75;2,581.50;19,695.25
May 22, 2023 12:00 PM;May 22, 2023 1:00 PM;59,738.25;63,199.75;3,461.50;16,734.50
May 22, 2023 1:00 PM;May 22, 2023 2:00 PM;58,959.25;62,244.25;3,285.00;16,575.50
May 22, 2023 2:00 PM;May 22, 2023 3:00 PM;57,941.00;61,636.75;3,695.75;18,797.50
May 22, 2023 3:00 PM;May 22, 2023 4:00 PM;57,441.50;60,097.50;2,656.00;22,151.50
May 22, 2023 4:00 PM;May 22, 2023 5:00 PM;56,664.75;58,992.75;2,328.00;26,368.75
May 22, 2023 5:00 PM;May 22, 2023 6:00 PM;57,034.75;58,006.50;971.75;31,702.75
May 22, 2023 6:00 PM;May 22, 2023 7:00 PM;56,815.75;56,937.75;122.00;37,594.75
May 22, 2023 7:00 PM;May 22, 2023 8:00 PM;56,622.00;56,624.00;2.00;42,017.50
May 22, 2023 8:00 PM;May 22, 2023 9:00 PM;55,121.00;55,130.00;9.00;41,736.75
May 22, 2023 9:00 PM;May 22, 2023 10:00 PM;52,945.75;52,960.00;14.25;39,132.75
May 22, 2023 10:00 PM;May 22, 2023 11:00 PM;49,871.75;50,112.50;240.75;36,811.75
May 22, 2023 11:00 PM;May 23, 2023 12:00 AM;45,666.25;45,985.75;319.50;32,317.00
May 23, 2023 12:00 AM;May 23, 2023 1:00 AM;42,994.75;43,560.25;565.50;28,736.25
May 23, 2023 1:00 AM;May 23, 2023 2:00 AM;40,933.50;41,461.50;528.00;26,912.75
May 23, 2023 2:00 AM;May 23, 2023 3:00 AM;39,477.50;40,602.50;1,125.00;26,199.25
May 23, 2023 3:00 AM;May 23, 2023 4:00 AM;39,327.75;40,485.75;1,158.00;25,052.75
May 23, 2023 4:00 AM;May 23, 2023 5:00 AM;40,585.25;41,516.25;931.00;24,495.50
May 23, 2023 5:00 AM;May 23, 2023 6:00 AM;43,914.25;44,532.75;618.50;26,320.75
May 23, 2023 6:00 AM;May 23, 2023 7:00 AM;51,096.75;51,591.50;494.75;30,139.25
May 23, 2023 7:00 AM;May 23, 2023 8:00 AM;56,864.75;57,154.00;289.25;31,624.25
May 23, 2023 8:00 AM;May 23, 2023 9:00 AM;60,423.25;60,987.75;564.50;30,663.75
May 23, 2023 9:00 AM;May 23, 2023 10:00 AM;61,901.25;63,028.75;1,127.50;28,659.25
May 23, 2023 10:00 AM;May 23, 2023 11:00 AM;62,956.50;64,434.50;1,478.00;26,134.75
May 23, 2023 11:00 AM;May 23, 2023 12:00 PM;63,430.50;64,528.25;1,097.75;24,267.00
May 23, 2023 12:00 PM;May 23, 2023 1:00 PM;63,002.25;64,987.75;1,985.50;21,297.25
May 23, 2023 1:00 PM;May 23, 2023 2:00 PM;61,485.00;64,053.75;2,568.75;17,678.25
May 23, 2023 2:00 PM;May 23, 2023 3:00 PM;59,840.25;63,454.00;3,613.75;15,735.00
May 23, 2023 3:00 PM;May 23, 2023 4:00 PM;58,672.50;62,892.50;4,220.00;15,343.50
May 23, 2023 4:00 PM;May 23, 2023 5:00 PM;57,461.50;61,025.75;3,564.25;16,186.50
May 23, 2023 5:00 PM;May 23, 2023 6:00 PM;58,444.00;60,600.00;2,156.00;20,073.00
May 23, 2023 6:00 PM;May 23, 2023 7:00 PM;58,714.00;60,435.50;1,721.50;23,969.75
May 23, 2023 7:00 PM;May 23, 2023 8:00 PM;58,131.75;58,865.75;734.00;27,988.50
May 23, 2023 8:00 PM;May 23, 2023 9:00 PM;56,006.50;56,344.25;337.75;29,463.00
May 23, 2023 9:00 PM;May 23, 2023 10:00 PM;53,623.50;53,713.75;90.25;29,828.50
May 23, 2023 10:00 PM;May 23, 2023 11:00 PM;50,164.50;50,199.75;35.25;29,047.75
May 23, 2023 11:00 PM;May 24, 2023 12:00 AM;45,952.25;46,028.75;76.50;25,697.75
May 24, 2023 12:00 AM;May 24, 2023 1:00 AM;43,076.25;43,378.50;302.25;23,443.50
May 24, 2023 1:00 AM;May 24, 2023 2:00 AM;41,755.00;43,940.25;2,185.25;22,875.00
May 24, 2023 2:00 AM;May 24, 2023 3:00 AM;40,788.25;43,047.50;2,259.25;22,992.50
May 24, 2023 3:00 AM;May 24, 2023 4:00 AM;41,002.75;42,384.75;1,382.00;24,378.75
May 24, 2023 4:00 AM;May 24, 2023 5:00 AM;41,847.00;42,995.75;1,148.75;26,690.50
May 24, 2023 5:00 AM;May 24, 2023 6:00 AM;44,492.50;45,425.25;932.75;30,535.00
May 24, 2023 6:00 AM;May 24, 2023 7:00 AM;51,277.75;51,333.50;55.75;37,016.75
May 24, 2023 7:00 AM;May 24, 2023 8:00 AM;56,460.00;56,468.25;8.25;40,656.00
May 24, 2023 8:00 AM;May 24, 2023 9:00 AM;59,251.25;59,263.25;12.00;40,760.75
May 24, 2023 9:00 AM;May 24, 2023 10:00 AM;59,838.50;59,878.25;39.75;37,953.75
May 24, 2023 10:00 AM;May 24, 2023 11:00 AM;60,546.75;60,705.00;158.25;37,002.00
May 24, 2023 11:00 AM;May 24, 2023 12:00 PM;61,080.75;61,590.50;509.75;35,965.00
May 24, 2023 12:00 PM;May 24, 2023 1:00 PM;60,251.25;62,392.75;2,141.50;33,707.00
May 24, 2023 1:00 PM;May 24, 2023 2:00 PM;58,862.25;62,177.25;3,315.00;31,752.75
May 24, 2023 2:00 PM;May 24, 2023 3:00 PM;57,835.25;61,532.75;3,697.50;30,570.75
May 24, 2023 3:00 PM;May 24, 2023 4:00 PM;56,860.75;59,054.50;2,193.75;30,233.50
May 24, 2023 4:00 PM;May 24, 2023 5:00 PM;55,533.25;57,174.75;1,641.50;31,741.75
May 24, 2023 5:00 PM;May 24, 2023 6:00 PM;56,067.25;56,643.25;576.00;36,630.75
May 24, 2023 6:00 PM;May 24, 2023 7:00 PM;56,651.00;57,162.00;511.00;42,700.50
May 24, 2023 7:00 PM;May 24, 2023 8:00 PM;56,152.75;56,164.50;11.75;47,520.25
May 24, 2023 8:00 PM;May 24, 2023 9:00 PM;54,517.50;54,524.25;6.75;48,989.25
May 24, 2023 9:00 PM;May 24, 2023 10:00 PM;52,531.50;52,540.50;9.00;47,308.25
May 24, 2023 10:00 PM;May 24, 2023 11:00 PM;49,226.75;49,339.75;113.00;42,893.00
May 24, 2023 11:00 PM;May 25, 2023 12:00 AM;45,006.75;45,730.75;724.00;37,629.50
May 25, 2023 12:00 AM;May 25, 2023 1:00 AM;41,945.25;42,849.25;904.00;33,829.25
May 25, 2023 1:00 AM;May 25, 2023 2:00 AM;40,581.50;41,500.75;919.25;31,847.75
May 25, 2023 2:00 AM;May 25, 2023 3:00 AM;39,627.75;40,536.75;909.00;30,735.00
May 25, 2023 3:00 AM;May 25, 2023 4:00 AM;40,026.25;40,857.50;831.25;31,099.50
May 25, 2023 4:00 AM;May 25, 2023 5:00 AM;41,081.75;41,954.25;872.50;31,677.25
May 25, 2023 5:00 AM;May 25, 2023 6:00 AM;44,252.00;45,191.75;939.75;33,973.75
May 25, 2023 6:00 AM;May 25, 2023 7:00 AM;51,085.75;51,304.50;218.75;38,376.00
May 25, 2023 7:00 AM;May 25, 2023 8:00 AM;56,188.75;56,202.25;13.50;39,722.00
May 25, 2023 8:00 AM;May 25, 2023 9:00 AM;59,168.00;59,208.50;40.50;36,893.75
May 25, 2023 9:00 AM;May 25, 2023 10:00 AM;59,433.25;59,598.25;165.00;30,768.50
May 25, 2023 10:00 AM;May 25, 2023 11:00 AM;59,957.25;60,211.00;253.75;25,595.75
May 25, 2023 11:00 AM;May 25, 2023 12:00 PM;60,473.50;61,909.50;1,436.00;21,845.75
May 25, 2023 12:00 PM;May 25, 2023 1:00 PM;59,720.75;62,277.75;2,557.00;18,163.00
May 25, 2023 1:00 PM;May 25, 2023 2:00 PM;59,139.25;62,874.25;3,735.00;16,260.25
May 25, 2023 2:00 PM;May 25, 2023 3:00 PM;57,624.25;62,309.50;4,685.25;14,539.00
May 25, 2023 3:00 PM;May 25, 2023 4:00 PM;56,774.00;61,116.75;4,342.75;14,938.00
May 25, 2023 4:00 PM;May 25, 2023 5:00 PM;55,973.25;59,457.00;3,483.75;17,970.50
May 25, 2023 5:00 PM;May 25, 2023 6:00 PM;55,779.50;57,383.00;1,603.50;23,435.50
May 25, 2023 6:00 PM;May 25, 2023 7:00 PM;56,431.25;57,629.00;1,197.75;31,649.50
May 25, 2023 7:00 PM;May 25, 2023 8:00 PM;56,409.00;56,541.25;132.25;37,974.75
May 25, 2023 8:00 PM;May 25, 2023 9:00 PM;54,515.25;54,535.25;20.00;39,594.00
May 25, 2023 9:00 PM;May 25, 2023 10:00 PM;52,826.00;52,885.25;59.25;37,663.00
May 25, 2023 10:00 PM;May 25, 2023 11:00 PM;49,922.50;50,108.25;185.75;33,753.75
May 25, 2023 11:00 PM;May 26, 2023 12:00 AM;45,840.50;46,254.00;413.50;29,444.00
May 26, 2023 12:00 AM;May 26, 2023 1:00 AM;43,102.25;43,970.50;868.25;27,212.25
May 26, 2023 1:00 AM;May 26, 2023 2:00 AM;41,404.25;42,756.25;1,352.00;26,426.00
May 26, 2023 2:00 AM;May 26, 2023 3:00 AM;40,400.75;41,887.50;1,486.75;26,511.50
May 26, 2023 3:00 AM;May 26, 2023 4:00 AM;40,787.25;41,688.75;901.50;27,345.25
May 26, 2023 4:00 AM;May 26, 2023 5:00 AM;41,854.50;42,532.50;678.00;28,741.75
May 26, 2023 5:00 AM;May 26, 2023 6:00 AM;44,462.75;44,859.75;397.00;31,237.00
May 26, 2023 6:00 AM;May 26, 2023 7:00 AM;50,945.25;50,991.50;46.25;36,420.75
May 26, 2023 7:00 AM;May 26, 2023 8:00 AM;55,974.25;55,978.50;4.25;38,295.50
May 26, 2023 8:00 AM;May 26, 2023 9:00 AM;58,909.50;59,144.25;234.75;33,817.75
May 26, 2023 9:00 AM;May 26, 2023 10:00 AM;59,022.25;59,648.50;626.25;25,665.25
May 26, 2023 10:00 AM;May 26, 2023 11:00 AM;59,431.00;61,300.25;1,869.25;19,142.75
May 26, 2023 11:00 AM;May 26, 2023 12:00 PM;59,983.25;63,673.75;3,690.50;14,497.75
May 26, 2023 12:00 PM;May 26, 2023 1:00 PM;59,112.25;63,702.25;4,590.00;11,261.00
May 26, 2023 1:00 PM;May 26, 2023 2:00 PM;57,733.25;63,624.50;5,891.25;9,942.50
May 26, 2023 2:00 PM;May 26, 2023 3:00 PM;55,918.25;61,722.75;5,804.50;9,465.00
May 26, 2023 3:00 PM;May 26, 2023 4:00 PM;54,915.75;60,463.00;5,547.25;10,390.00
May 26, 2023 4:00 PM;May 26, 2023 5:00 PM;54,317.25;59,307.75;4,990.50;13,952.00
May 26, 2023 5:00 PM;May 26, 2023 6:00 PM;53,902.75;55,903.75;2,001.00;20,469.25
May 26, 2023 6:00 PM;May 26, 2023 7:00 PM;53,644.00;54,354.25;710.25;28,773.00
May 26, 2023 7:00 PM;May 26, 2023 8:00 PM;52,520.25;52,570.00;49.75;35,036.25
May 26, 2023 8:00 PM;May 26, 2023 9:00 PM;51,076.25;51,120.50;44.25;38,025.75
May 26, 2023 9:00 PM;May 26, 2023 10:00 PM;49,063.75;49,087.25;23.50;36,097.75
May 26, 2023 10:00 PM;May 26, 2023 11:00 PM;46,546.25;46,822.25;276.00;32,475.25
May 26, 2023 11:00 PM;May 27, 2023 12:00 AM;42,802.75;43,256.75;454.00;28,714.75
May 27, 2023 12:00 AM;May 27, 2023 1:00 AM;39,625.50;39,949.50;324.00;26,514.25
May 27, 2023 1:00 AM;May 27, 2023 2:00 AM;38,045.75;38,419.75;374.00;25,928.75
May 27, 2023 2:00 AM;May 27, 2023 3:00 AM;36,466.75;36,926.50;459.75;25,605.25
May 27, 2023 3:00 AM;May 27, 2023 4:00 AM;36,110.25;36,670.50;560.25;26,202.50
May 27, 2023 4:00 AM;May 27, 2023 5:00 AM;35,743.00;36,127.25;384.25;26,774.50
May 27, 2023 5:00 AM;May 27, 2023 6:00 AM;35,833.25;36,123.00;289.75;27,717.75
May 27, 2023 6:00 AM;May 27, 2023 7:00 AM;37,312.00;37,580.25;268.25;27,612.00
May 27, 2023 7:00 AM;May 27, 2023 8:00 AM;40,604.75;41,104.50;499.75;26,361.00
May 27, 2023 8:00 AM;May 27, 2023 9:00 AM;44,284.75;44,742.75;458.00;23,194.25
May 27, 2023 9:00 AM;May 27, 2023 10:00 AM;46,341.75;48,033.00;1,691.25;17,094.00
May 27, 2023 10:00 AM;May 27, 2023 11:00 AM;47,233.50;50,059.25;2,825.75;11,647.50
May 27, 2023 11:00 AM;May 27, 2023 12:00 PM;47,286.50;52,026.50;4,740.00;7,130.25
May 27, 2023 12:00 PM;May 27, 2023 1:00 PM;46,758.50;52,372.25;5,613.75;4,205.50
May 27, 2023 1:00 PM;May 27, 2023 2:00 PM;45,315.00;51,004.25;5,689.25;2,751.50
May 27, 2023 2:00 PM;May 27, 2023 3:00 PM;43,822.75;49,476.00;5,653.25;2,983.50
May 27, 2023 3:00 PM;May 27, 2023 4:00 PM;42,991.50;48,351.50;5,360.00;4,971.50
May 27, 2023 4:00 PM;May 27, 2023 5:00 PM;42,285.50;47,014.75;4,729.25;9,781.50
May 27, 2023 5:00 PM;May 27, 2023 6:00 PM;42,661.25;45,115.25;2,454.00;18,128.50
May 27, 2023 6:00 PM;May 27, 2023 7:00 PM;43,331.75;43,849.75;518.00;27,856.75
May 27, 2023 7:00 PM;May 27, 2023 8:00 PM;43,219.50;43,298.00;78.50;35,259.75
May 27, 2023 8:00 PM;May 27, 2023 9:00 PM;42,562.75;42,567.25;4.50;38,062.25
May 27, 2023 9:00 PM;May 27, 2023 10:00 PM;41,705.75;41,710.25;4.50;37,099.75
May 27, 2023 10:00 PM;May 27, 2023 11:00 PM;40,624.00;40,707.75;83.75;34,849.75
May 27, 2023 11:00 PM;May 28, 2023 12:00 AM;37,675.25;37,952.50;277.25;31,009.25
May 28, 2023 12:00 AM;May 28, 2023 1:00 AM;35,245.75;35,579.75;334.00;28,500.50
May 28, 2023 1:00 AM;May 28, 2023 2:00 AM;33,543.50;33,844.50;301.00;27,252.00
May 28, 2023 2:00 AM;May 28, 2023 3:00 AM;32,491.50;32,721.25;229.75;27,133.25
May 28, 2023 3:00 AM;May 28, 2023 4:00 AM;32,226.75;32,490.75;264.00;27,812.25
May 28, 2023 4:00 AM;May 28, 2023 5:00 AM;31,827.50;31,976.00;148.50;28,272.25
May 28, 2023 5:00 AM;May 28, 2023 6:00 AM;31,677.25;31,957.50;280.25;28,332.25
May 28, 2023 6:00 AM;May 28, 2023 7:00 AM;32,424.75;33,092.50;667.75;26,663.75
May 28, 2023 7:00 AM;May 28, 2023 8:00 AM;35,310.00;36,663.25;1,353.25;23,610.25
May 28, 2023 8:00 AM;May 28, 2023 9:00 AM;38,295.25;40,078.50;1,783.25;18,612.50
May 28, 2023 9:00 AM;May 28, 2023 10:00 AM;40,159.50;42,483.00;2,323.50;12,086.50
May 28, 2023 10:00 AM;May 28, 2023 11:00 AM;41,431.75;46,273.50;4,841.75;6,893.25
May 28, 2023 11:00 AM;May 28, 2023 12:00 PM;42,558.75;48,141.25;5,582.50;4,129.75
May 28, 2023 12:00 PM;May 28, 2023 1:00 PM;41,885.00;47,521.75;5,636.75;2,187.25
May 28, 2023 1:00 PM;May 28, 2023 2:00 PM;40,275.25;46,605.00;6,329.75;920.25
May 28, 2023 2:00 PM;May 28, 2023 3:00 PM;38,944.50;45,108.00;6,163.50;1,302.75
May 28, 2023 3:00 PM;May 28, 2023 4:00 PM;38,131.50;43,649.50;5,518.00;2,697.25
May 28, 2023 4:00 PM;May 28, 2023 5:00 PM;38,337.25;43,182.00;4,844.75;4,216.25
May 28, 2023 5:00 PM;May 28, 2023 6:00 PM;39,118.50;41,515.75;2,397.25;10,353.00
May 28, 2023 6:00 PM;May 28, 2023 7:00 PM;40,216.25;41,024.75;808.50;17,088.25
May 28, 2023 7:00 PM;May 28, 2023 8:00 PM;40,390.75;40,732.00;341.25;22,940.75
May 28, 2023 8:00 PM;May 28, 2023 9:00 PM;40,250.00;40,266.25;16.25;25,678.75
May 28, 2023 9:00 PM;May 28, 2023 10:00 PM;39,907.25;40,000.25;93.00;24,478.00
May 28, 2023 10:00 PM;May 28, 2023 11:00 PM;39,431.00;39,566.00;135.00;23,017.75
May 28, 2023 11:00 PM;May 29, 2023 12:00 AM;36,777.50;36,874.75;97.25;20,736.25
May 29, 2023 12:00 AM;May 29, 2023 1:00 AM;34,976.25;35,588.25;612.00;19,695.75
May 29, 2023 1:00 AM;May 29, 2023 2:00 AM;33,133.00;34,070.75;937.75;18,673.00
May 29, 2023 2:00 AM;May 29, 2023 3:00 AM;32,193.50;33,422.25;1,228.75;18,868.25
May 29, 2023 3:00 AM;May 29, 2023 4:00 AM;31,760.25;32,603.75;843.50;19,019.50
May 29, 2023 4:00 AM;May 29, 2023 5:00 AM;31,689.50;32,379.75;690.25;19,634.00
May 29, 2023 5:00 AM;May 29, 2023 6:00 AM;31,870.25;32,395.25;525.00;19,800.50
May 29, 2023 6:00 AM;May 29, 2023 7:00 AM;32,524.50;32,731.75;207.25;18,784.25
May 29, 2023 7:00 AM;May 29, 2023 8:00 AM;35,101.00;35,536.75;435.75;17,022.00
May 29, 2023 8:00 AM;May 29, 2023 9:00 AM;38,473.25;39,953.00;1,479.75;13,050.00
May 29, 2023 9:00 AM;May 29, 2023 10:00 AM;41,013.00;43,380.25;2,367.25;8,142.75
May 29, 2023 10:00 AM;May 29, 2023 11:00 AM;42,103.00;45,109.50;3,006.50;3,788.75
May 29, 2023 11:00 AM;May 29, 2023 12:00 PM;43,265.50;47,769.00;4,503.50;1,663.75
May 29, 2023 12:00 PM;May 29, 2023 1:00 PM;43,049.25;48,127.75;5,078.50;411.25
May 29, 2023 1:00 PM;May 29, 2023 2:00 PM;41,488.00;47,334.75;5,846.75;-974.75
May 29, 2023 2:00 PM;May 29, 2023 3:00 PM;40,296.00;46,339.25;6,043.25;169.50
May 29, 2023 3:00 PM;May 29, 2023 4:00 PM;39,723.50;45,222.75;5,499.25;1,764.75
May 29, 2023 4:00 PM;May 29, 2023 5:00 PM;39,951.50;45,079.00;5,127.50;2,286.00
May 29, 2023 5:00 PM;May 29, 2023 6:00 PM;41,359.00;45,615.25;4,256.25;7,736.00
May 29, 2023 6:00 PM;May 29, 2023 7:00 PM;42,760.50;45,036.25;2,275.75;13,266.75
May 29, 2023 7:00 PM;May 29, 2023 8:00 PM;42,943.00;43,530.75;587.75;19,683.75
May 29, 2023 8:00 PM;May 29, 2023 9:00 PM;42,602.00;42,792.50;190.50;23,507.00
May 29, 2023 9:00 PM;May 29, 2023 10:00 PM;42,118.50;42,412.50;294.00;23,273.75
May 29, 2023 10:00 PM;May 29, 2023 11:00 PM;41,700.75;41,923.00;222.25;22,462.25
May 29, 2023 11:00 PM;May 30, 2023 12:00 AM;38,775.00;39,247.00;472.00;19,776.50
May 30, 2023 12:00 AM;May 30, 2023 1:00 AM;36,423.25;37,146.50;723.25;18,857.25
May 30, 2023 1:00 AM;May 30, 2023 2:00 AM;35,495.00;36,227.25;732.25;20,038.75
May 30, 2023 2:00 AM;May 30, 2023 3:00 AM;34,802.75;36,287.00;1,484.25;20,885.75
May 30, 2023 3:00 AM;May 30, 2023 4:00 AM;35,068.75;36,267.25;1,198.50;22,206.75
May 30, 2023 4:00 AM;May 30, 2023 5:00 AM;36,311.25;37,022.00;710.75;23,886.75
May 30, 2023 5:00 AM;May 30, 2023 6:00 AM;39,597.00;40,204.00;607.00;27,830.25
May 30, 2023 6:00 AM;May 30, 2023 7:00 AM;46,735.00;46,821.50;86.50;33,911.75
May 30, 2023 7:00 AM;May 30, 2023 8:00 AM;52,420.25;52,429.25;9.00;36,701.25
May 30, 2023 8:00 AM;May 30, 2023 9:00 AM;55,913.00;55,926.75;13.75;34,780.25
May 30, 2023 9:00 AM;May 30, 2023 10:00 AM;56,936.25;57,198.75;262.50;28,730.00
May 30, 2023 10:00 AM;May 30, 2023 11:00 AM;57,573.25;58,377.50;804.25;22,881.00
May 30, 2023 11:00 AM;May 30, 2023 12:00 PM;57,804.25;58,748.75;944.50;18,323.00
May 30, 2023 12:00 PM;May 30, 2023 1:00 PM;57,464.75;60,308.25;2,843.50;16,349.75
May 30, 2023 1:00 PM;May 30, 2023 2:00 PM;56,802.50;59,219.00;2,416.50;15,900.75
May 30, 2023 2:00 PM;May 30, 2023 3:00 PM;55,640.75;58,827.25;3,186.50;15,983.00
May 30, 2023 3:00 PM;May 30, 2023 4:00 PM;54,685.00;57,513.00;2,828.00;17,756.00
May 30, 2023 4:00 PM;May 30, 2023 5:00 PM;53,891.75;56,201.25;2,309.50;21,291.75
May 30, 2023 5:00 PM;May 30, 2023 6:00 PM;53,962.25;55,089.75;1,127.50;27,255.00
May 30, 2023 6:00 PM;May 30, 2023 7:00 PM;54,192.00;54,435.00;243.00;34,968.25
May 30, 2023 7:00 PM;May 30, 2023 8:00 PM;54,083.75;54,090.75;7.00;41,577.75
May 30, 2023 8:00 PM;May 30, 2023 9:00 PM;52,672.25;52,674.25;2.00;43,788.75
May 30, 2023 9:00 PM;May 30, 2023 10:00 PM;50,573.25;50,576.50;3.25;41,035.25
May 30, 2023 10:00 PM;May 30, 2023 11:00 PM;47,983.25;48,247.00;263.75;36,075.75
May 30, 2023 11:00 PM;May 31, 2023 12:00 AM;43,853.50;44,419.50;566.00;30,868.25
May 31, 2023 12:00 AM;May 31, 2023 1:00 AM;41,476.25;41,953.75;477.50;28,541.25
May 31, 2023 1:00 AM;May 31, 2023 2:00 AM;39,544.75;40,104.25;559.50;27,386.50
May 31, 2023 2:00 AM;May 31, 2023 3:00 AM;38,837.50;39,564.25;726.75;27,798.75
May 31, 2023 3:00 AM;May 31, 2023 4:00 AM;39,264.75;40,042.25;777.50;29,199.25
May 31, 2023 4:00 AM;May 31, 2023 5:00 AM;40,031.00;40,292.50;261.50;30,682.75
May 31, 2023 5:00 AM;May 31, 2023 6:00 AM;42,795.25;43,017.00;221.75;33,651.75
May 31, 2023 6:00 AM;May 31, 2023 7:00 AM;49,995.50;50,005.75;10.25;39,024.50
May 31, 2023 7:00 AM;May 31, 2023 8:00 AM;55,279.00;55,286.25;7.25;39,488.00
May 31, 2023 8:00 AM;May 31, 2023 9:00 AM;57,986.25;58,139.00;152.75;34,718.25
May 31, 2023 9:00 AM;May 31, 2023 10:00 AM;58,273.25;59,161.00;887.75;25,788.00
May 31, 2023 10:00 AM;May 31, 2023 11:00 AM;58,618.00;60,716.50;2,098.50;18,325.50
May 31, 2023 11:00 AM;May 31, 2023 12:00 PM;59,328.25;62,769.00;3,440.75;13,110.75
May 31, 2023 12:00 PM;May 31, 2023 1:00 PM;59,182.50;63,697.00;4,514.50;10,364.75
May 31, 2023 1:00 PM;May 31, 2023 2:00 PM;58,252.00;62,864.50;4,612.50;8,410.50
May 31, 2023 2:00 PM;May 31, 2023 3:00 PM;56,731.50;61,451.25;4,719.75;7,732.00
May 31, 2023 3:00 PM;May 31, 2023 4:00 PM;55,922.00;60,099.25;4,177.25;9,619.00
May 31, 2023 4:00 PM;May 31, 2023 5:00 PM;55,632.50;58,600.75;2,968.25;13,701.75
May 31, 2023 5:00 PM;May 31, 2023 6:00 PM;55,819.25;57,540.25;1,721.00;20,901.00
May 31, 2023 6:00 PM;May 31, 2023 7:00 PM;56,019.50;56,369.00;349.50;29,754.25
May 31, 2023 7:00 PM;May 31, 2023 8:00 PM;56,064.50;56,144.75;80.25;37,180.00
May 31, 2023 8:00 PM;May 31, 2023 9:00 PM;54,987.75;54,995.00;7.25;39,920.75
May 31, 2023 9:00 PM;May 31, 2023 10:00 PM;52,988.75;52,990.00;1.25;37,453.75
May 31, 2023 10:00 PM;May 31, 2023 11:00 PM;50,202.25;50,251.00;48.75;32,990.25
May 31, 2023 11:00 PM;Jun 1, 2023 12:00 AM;46,179.00;46,307.00;128.00;28,378.25
Jun 1, 2023 12:00 AM;Jun 1, 2023 1:00 AM;43,449.50;44,169.25;719.75;26,807.75
Jun 1, 2023 1:00 AM;Jun 1, 2023 2:00 AM;41,773.50;42,542.50;769.00;25,910.00
Jun 1, 2023 2:00 AM;Jun 1, 2023 3:00 AM;40,958.50;42,636.00;1,677.50;25,873.75
Jun 1, 2023 3:00 AM;Jun 1, 2023 4:00 AM;41,311.50;44,275.50;2,964.00;26,426.00
Jun 1, 2023 4:00 AM;Jun 1, 2023 5:00 AM;42,377.75;44,621.50;2,243.75;27,556.75
Jun 1, 2023 5:00 AM;Jun 1, 2023 6:00 AM;44,402.75;45,317.50;914.75;29,194.50
Jun 1, 2023 6:00 AM;Jun 1, 2023 7:00 AM;51,061.50;51,409.75;348.25;34,472.50
Jun 1, 2023 7:00 AM;Jun 1, 2023 8:00 AM;56,145.00;56,155.00;10.00;36,270.00
Jun 1, 2023 8:00 AM;Jun 1, 2023 9:00 AM;58,738.75;58,744.75;6.00;34,246.00
Jun 1, 2023 9:00 AM;Jun 1, 2023 10:00 AM;58,984.50;59,099.50;115.00;27,442.50
Jun 1, 2023 10:00 AM;Jun 1, 2023 11:00 AM;59,728.75;60,408.00;679.25;21,715.50
Jun 1, 2023 11:00 AM;Jun 1, 2023 12:00 PM;60,081.00;61,331.00;1,250.00;17,395.75
Jun 1, 2023 12:00 PM;Jun 1, 2023 1:00 PM;60,041.25;62,200.25;2,159.00;14,923.00
Jun 1, 2023 1:00 PM;Jun 1, 2023 2:00 PM;59,227.00;62,023.50;2,796.50;12,767.00
Jun 1, 2023 2:00 PM;Jun 1, 2023 3:00 PM;57,719.50;60,793.25;3,073.75;12,412.00
Jun 1, 2023 3:00 PM;Jun 1, 2023 4:00 PM;57,025.50;60,888.00;3,862.50;13,496.25
Jun 1, 2023 4:00 PM;Jun 1, 2023 5:00 PM;56,042.50;59,124.75;3,082.25;16,573.75
Jun 1, 2023 5:00 PM;Jun 1, 2023 6:00 PM;56,768.00;59,635.25;2,867.25;22,156.00
Jun 1, 2023 6:00 PM;Jun 1, 2023 7:00 PM;56,451.00;57,206.00;755.00;29,042.75
Jun 1, 2023 7:00 PM;Jun 1, 2023 8:00 PM;56,108.25;56,170.75;62.50;34,337.00
Jun 1, 2023 8:00 PM;Jun 1, 2023 9:00 PM;54,498.00;54,510.50;12.50;36,152.25
Jun 1, 2023 9:00 PM;Jun 1, 2023 10:00 PM;52,644.75;52,645.25;0.50;35,185.50
Jun 1, 2023 10:00 PM;Jun 1, 2023 11:00 PM;50,870.25;50,889.25;19.00;33,159.25
Jun 1, 2023 11:00 PM;Jun 2, 2023 12:00 AM;47,227.25;48,414.00;1,186.75;30,399.50
Jun 2, 2023 12:00 AM;Jun 2, 2023 1:00 AM;44,015.50;44,270.00;254.50;28,161.50
Jun 2, 2023 1:00 AM;Jun 2, 2023 2:00 AM;41,632.25;42,613.00;980.75;27,354.00
Jun 2, 2023 2:00 AM;Jun 2, 2023 3:00 AM;40,718.75;42,234.75;1,516.00;27,631.75
Jun 2, 2023 3:00 AM;Jun 2, 2023 4:00 AM;40,377.75;42,257.00;1,879.25;28,770.50
Jun 2, 2023 4:00 AM;Jun 2, 2023 5:00 AM;41,361.00;42,557.25;1,196.25;30,642.00
Jun 2, 2023 5:00 AM;Jun 2, 2023 6:00 AM;43,699.75;44,952.50;1,252.75;33,611.25
Jun 2, 2023 6:00 AM;Jun 2, 2023 7:00 AM;50,021.75;50,071.00;49.25;39,014.75
Jun 2, 2023 7:00 AM;Jun 2, 2023 8:00 AM;55,302.50;55,303.75;1.25;41,304.00
Jun 2, 2023 8:00 AM;Jun 2, 2023 9:00 AM;58,350.75;58,459.25;108.50;38,385.25
Jun 2, 2023 9:00 AM;Jun 2, 2023 10:00 AM;59,036.75;59,403.25;366.50;31,356.25
Jun 2, 2023 10:00 AM;Jun 2, 2023 11:00 AM;59,145.75;60,297.75;1,152.00;23,974.00
Jun 2, 2023 11:00 AM;Jun 2, 2023 12:00 PM;59,183.00;61,188.75;2,005.75;18,554.75
Jun 2, 2023 12:00 PM;Jun 2, 2023 1:00 PM;58,372.75;61,137.75;2,765.00;15,114.00
Jun 2, 2023 1:00 PM;Jun 2, 2023 2:00 PM;57,048.25;60,971.00;3,922.75;13,245.50
Jun 2, 2023 2:00 PM;Jun 2, 2023 3:00 PM;55,784.75;60,222.00;4,437.25;13,185.25
Jun 2, 2023 3:00 PM;Jun 2, 2023 4:00 PM;55,033.00;58,890.00;3,857.00;14,925.25
Jun 2, 2023 4:00 PM;Jun 2, 2023 5:00 PM;54,101.75;56,555.00;2,453.25;18,284.25
Jun 2, 2023 5:00 PM;Jun 2, 2023 6:00 PM;53,799.25;54,813.50;1,014.25;23,656.50
Jun 2, 2023 6:00 PM;Jun 2, 2023 7:00 PM;53,598.75;54,048.00;449.25;30,196.25
Jun 2, 2023 7:00 PM;Jun 2, 2023 8:00 PM;52,833.75;52,840.25;6.50;35,033.75
Jun 2, 2023 8:00 PM;Jun 2, 2023 9:00 PM;50,958.00;50,959.00;1.00;36,781.25
Jun 2, 2023 9:00 PM;Jun 2, 2023 10:00 PM;49,072.75;49,146.00;73.25;34,490.25
Jun 2, 2023 10:00 PM;Jun 2, 2023 11:00 PM;46,382.50;46,628.75;246.25;29,337.75
Jun 2, 2023 11:00 PM;Jun 3, 2023 12:00 AM;43,027.50;43,681.25;653.75;24,948.50
Jun 3, 2023 12:00 AM;Jun 3, 2023 1:00 AM;40,135.50;40,314.50;179.00;22,788.75
Jun 3, 2023 1:00 AM;Jun 3, 2023 2:00 AM;38,444.50;38,565.75;121.25;22,611.25
Jun 3, 2023 2:00 AM;Jun 3, 2023 3:00 AM;37,323.25;37,547.75;224.50;23,077.25
Jun 3, 2023 3:00 AM;Jun 3, 2023 4:00 AM;36,881.50;37,339.25;457.75;23,901.25
Jun 3, 2023 4:00 AM;Jun 3, 2023 5:00 AM;37,095.00;37,793.50;698.50;25,338.00
Jun 3, 2023 5:00 AM;Jun 3, 2023 6:00 AM;37,159.75;37,813.50;653.75;25,863.50
Jun 3, 2023 6:00 AM;Jun 3, 2023 7:00 AM;38,653.50;39,212.50;559.00;25,968.00
Jun 3, 2023 7:00 AM;Jun 3, 2023 8:00 AM;41,471.25;42,103.50;632.25;25,341.50
Jun 3, 2023 8:00 AM;Jun 3, 2023 9:00 AM;44,686.50;45,357.50;671.00;21,894.50
Jun 3, 2023 9:00 AM;Jun 3, 2023 10:00 AM;46,864.75;49,173.25;2,308.50;15,236.50
Jun 3, 2023 10:00 AM;Jun 3, 2023 11:00 AM;47,852.25;51,131.50;3,279.25;8,664.50
Jun 3, 2023 11:00 AM;Jun 3, 2023 12:00 PM;48,074.25;52,555.75;4,481.50;4,292.75
Jun 3, 2023 12:00 PM;Jun 3, 2023 1:00 PM;47,670.25;52,245.50;4,575.25;1,867.50
Jun 3, 2023 1:00 PM;Jun 3, 2023 2:00 PM;45,908.00;50,791.75;4,883.75;346.25
Jun 3, 2023 2:00 PM;Jun 3, 2023 3:00 PM;44,783.50;50,165.00;5,381.50;1,070.50
Jun 3, 2023 3:00 PM;Jun 3, 2023 4:00 PM;44,056.25;48,938.75;4,882.50;3,731.50
Jun 3, 2023 4:00 PM;Jun 3, 2023 5:00 PM;43,677.50;47,692.50;4,015.00;8,407.50
Jun 3, 2023 5:00 PM;Jun 3, 2023 6:00 PM;44,232.75;46,703.25;2,470.50;15,783.50
Jun 3, 2023 6:00 PM;Jun 3, 2023 7:00 PM;44,642.50;45,642.00;999.50;24,230.00
Jun 3, 2023 7:00 PM;Jun 3, 2023 8:00 PM;44,433.75;44,554.75;121.00;31,109.75
Jun 3, 2023 8:00 PM;Jun 3, 2023 9:00 PM;43,559.75;43,564.75;5.00;34,169.00
Jun 3, 2023 9:00 PM;Jun 3, 2023 10:00 PM;42,554.00;42,558.75;4.75;32,410.00
Jun 3, 2023 10:00 PM;Jun 3, 2023 11:00 PM;41,219.75;41,363.50;143.75;29,146.25
Jun 3, 2023 11:00 PM;Jun 4, 2023 12:00 AM;38,461.75;38,759.00;297.25;25,526.50
Jun 4, 2023 12:00 AM;Jun 4, 2023 1:00 AM;36,353.00;37,187.00;834.00;24,016.00
Jun 4, 2023 1:00 AM;Jun 4, 2023 2:00 AM;34,598.00;35,417.50;819.50;23,613.00
Jun 4, 2023 2:00 AM;Jun 4, 2023 3:00 AM;33,573.75;34,604.75;1,031.00;24,466.50
Jun 4, 2023 3:00 AM;Jun 4, 2023 4:00 AM;32,884.50;33,249.00;364.50;25,583.25
Jun 4, 2023 4:00 AM;Jun 4, 2023 5:00 AM;32,699.00;32,788.25;89.25;26,628.00
Jun 4, 2023 5:00 AM;Jun 4, 2023 6:00 AM;32,867.00;33,118.25;251.25;26,801.75
Jun 4, 2023 6:00 AM;Jun 4, 2023 7:00 AM;33,811.75;34,571.00;759.25;25,250.75
Jun 4, 2023 7:00 AM;Jun 4, 2023 8:00 AM;36,436.75;38,611.00;2,174.25;22,603.75
Jun 4, 2023 8:00 AM;Jun 4, 2023 9:00 AM;39,639.50;42,466.50;2,827.00;18,440.50
Jun 4, 2023 9:00 AM;Jun 4, 2023 10:00 AM;41,741.75;45,531.75;3,790.00;12,252.75
Jun 4, 2023 10:00 AM;Jun 4, 2023 11:00 AM;43,194.75;46,329.75;3,135.00;6,465.00
Jun 4, 2023 11:00 AM;Jun 4, 2023 12:00 PM;44,445.00;48,760.00;4,315.00;3,860.00
Jun 4, 2023 12:00 PM;Jun 4, 2023 1:00 PM;43,909.75;48,701.25;4,791.50;1,174.75
Jun 4, 2023 1:00 PM;Jun 4, 2023 2:00 PM;42,469.00;47,692.75;5,223.75;1,130.75
Jun 4, 2023 2:00 PM;Jun 4, 2023 3:00 PM;41,483.50;46,654.50;5,171.00;2,032.25
Jun 4, 2023 3:00 PM;Jun 4, 2023 4:00 PM;40,862.50;45,499.50;4,637.00;3,311.75
Jun 4, 2023 4:00 PM;Jun 4, 2023 5:00 PM;40,437.75;43,905.50;3,467.75;8,089.25
Jun 4, 2023 5:00 PM;Jun 4, 2023 6:00 PM;41,421.25;44,347.00;2,925.75;15,920.75
Jun 4, 2023 6:00 PM;Jun 4, 2023 7:00 PM;42,926.75;43,559.25;632.50;25,030.00
Jun 4, 2023 7:00 PM;Jun 4, 2023 8:00 PM;43,573.00;43,638.50;65.50;32,176.25
Jun 4, 2023 8:00 PM;Jun 4, 2023 9:00 PM;43,705.50;43,712.75;7.25;35,897.00
Jun 4, 2023 9:00 PM;Jun 4, 2023 10:00 PM;43,236.75;43,245.75;9.00;35,050.00
Jun 4, 2023 10:00 PM;Jun 4, 2023 11:00 PM;42,978.00;43,070.75;92.75;33,193.25
Jun 4, 2023 11:00 PM;Jun 5, 2023 12:00 AM;39,981.00;40,356.00;375.00;29,802.75
Jun 5, 2023 12:00 AM;Jun 5, 2023 1:00 AM;38,013.75;38,523.50;509.75;28,616.50
Jun 5, 2023 1:00 AM;Jun 5, 2023 2:00 AM;36,677.25;37,509.00;831.75;28,149.00
Jun 5, 2023 2:00 AM;Jun 5, 2023 3:00 AM;36,157.25;38,452.00;2,294.75;28,469.25
Jun 5, 2023 3:00 AM;Jun 5, 2023 4:00 AM;36,299.25;38,444.75;2,145.50;29,463.50
Jun 5, 2023 4:00 AM;Jun 5, 2023 5:00 AM;37,050.75;38,173.75;1,123.00;30,947.00
Jun 5, 2023 5:00 AM;Jun 5, 2023 6:00 AM;40,247.00;40,648.75;401.75;34,039.00
Jun 5, 2023 6:00 AM;Jun 5, 2023 7:00 AM;47,763.50;47,774.75;11.25;39,433.25
Jun 5, 2023 7:00 AM;Jun 5, 2023 8:00 AM;52,966.50;52,967.50;1.00;40,355.25
Jun 5, 2023 8:00 AM;Jun 5, 2023 9:00 AM;56,209.50;56,233.00;23.50;37,349.00
Jun 5, 2023 9:00 AM;Jun 5, 2023 10:00 AM;57,031.75;57,230.25;198.50;30,818.75
Jun 5, 2023 10:00 AM;Jun 5, 2023 11:00 AM;57,554.00;58,801.75;1,247.75;24,592.00
Jun 5, 2023 11:00 AM;Jun 5, 2023 12:00 PM;58,545.25;61,824.50;3,279.25;21,008.75
Jun 5, 2023 12:00 PM;Jun 5, 2023 1:00 PM;58,163.25;61,931.50;3,768.25;18,855.75
Jun 5, 2023 1:00 PM;Jun 5, 2023 2:00 PM;57,644.75;62,181.75;4,537.00;18,432.75
Jun 5, 2023 2:00 PM;Jun 5, 2023 3:00 PM;56,444.75;60,443.75;3,999.00;19,206.50
Jun 5, 2023 3:00 PM;Jun 5, 2023 4:00 PM;55,885.75;60,016.50;4,130.75;21,776.75
Jun 5, 2023 4:00 PM;Jun 5, 2023 5:00 PM;55,123.75;57,633.75;2,510.00;25,427.50
Jun 5, 2023 5:00 PM;Jun 5, 2023 6:00 PM;54,952.50;55,854.75;902.25;31,475.50
Jun 5, 2023 6:00 PM;Jun 5, 2023 7:00 PM;54,756.75;54,825.50;68.75;37,583.50
Jun 5, 2023 7:00 PM;Jun 5, 2023 8:00 PM;54,590.75;54,592.25;1.50;42,741.00
Jun 5, 2023 8:00 PM;Jun 5, 2023 9:00 PM;52,928.25;52,928.50;0.25;43,997.50
Jun 5, 2023 9:00 PM;Jun 5, 2023 10:00 PM;50,661.50;50,693.25;31.75;41,397.50
Jun 5, 2023 10:00 PM;Jun 5, 2023 11:00 PM;48,021.25;48,038.50;17.25;37,639.00
Jun 5, 2023 11:00 PM;Jun 6, 2023 12:00 AM;44,346.75;44,831.25;484.50;33,813.75
Jun 6, 2023 12:00 AM;Jun 6, 2023 1:00 AM;41,644.75;42,786.00;1,141.25;31,937.00
Jun 6, 2023 1:00 AM;Jun 6, 2023 2:00 AM;40,030.25;42,044.25;2,014.00;31,703.50
Jun 6, 2023 2:00 AM;Jun 6, 2023 3:00 AM;39,026.50;41,460.50;2,434.00;31,711.00
Jun 6, 2023 3:00 AM;Jun 6, 2023 4:00 AM;39,148.75;41,369.75;2,221.00;32,856.50
Jun 6, 2023 4:00 AM;Jun 6, 2023 5:00 AM;40,108.50;41,737.75;1,629.25;34,125.50
Jun 6, 2023 5:00 AM;Jun 6, 2023 6:00 AM;42,777.00;43,581.00;804.00;36,536.25
Jun 6, 2023 6:00 AM;Jun 6, 2023 7:00 AM;49,308.75;49,978.50;669.75;41,669.25
Jun 6, 2023 7:00 AM;Jun 6, 2023 8:00 AM;54,287.25;54,404.25;117.00;43,573.75
Jun 6, 2023 8:00 AM;Jun 6, 2023 9:00 AM;57,194.50;57,300.50;106.00;41,257.50
Jun 6, 2023 9:00 AM;Jun 6, 2023 10:00 AM;58,288.50;58,986.25;697.75;35,971.75
Jun 6, 2023 10:00 AM;Jun 6, 2023 11:00 AM;58,789.00;59,855.50;1,066.50;30,603.25
Jun 6, 2023 11:00 AM;Jun 6, 2023 12:00 PM;59,850.00;61,738.50;1,888.50;27,670.25
Jun 6, 2023 12:00 PM;Jun 6, 2023 1:00 PM;59,870.50;62,486.00;2,615.50;26,117.50
Jun 6, 2023 1:00 PM;Jun 6, 2023 2:00 PM;59,388.50;62,015.00;2,626.50;26,047.00
Jun 6, 2023 2:00 PM;Jun 6, 2023 3:00 PM;57,910.25;61,304.00;3,393.75;25,627.75
Jun 6, 2023 3:00 PM;Jun 6, 2023 4:00 PM;57,507.50;60,721.75;3,214.25;27,442.75
Jun 6, 2023 4:00 PM;Jun 6, 2023 5:00 PM;56,307.00;57,556.00;1,249.00;29,558.00
Jun 6, 2023 5:00 PM;Jun 6, 2023 6:00 PM;56,390.75;56,974.50;583.75;34,195.25
Jun 6, 2023 6:00 PM;Jun 6, 2023 7:00 PM;56,407.25;56,565.00;157.75;40,001.00
Jun 6, 2023 7:00 PM;Jun 6, 2023 8:00 PM;55,608.50;55,609.75;1.25;44,927.75
Jun 6, 2023 8:00 PM;Jun 6, 2023 9:00 PM;53,582.00;53,582.00;0.00;46,630.50
Jun 6, 2023 9:00 PM;Jun 6, 2023 10:00 PM;51,069.50;51,074.75;5.25;45,637.00
Jun 6, 2023 10:00 PM;Jun 6, 2023 11:00 PM;48,715.75;49,113.25;397.50;43,425.25
Jun 6, 2023 11:00 PM;Jun 7, 2023 12:00 AM;44,903.75;45,360.50;456.75;39,507.75
Jun 7, 2023 12:00 AM;Jun 7, 2023 1:00 AM;42,291.25;42,986.75;695.50;37,103.75
Jun 7, 2023 1:00 AM;Jun 7, 2023 2:00 AM;40,878.00;42,063.75;1,185.75;35,898.25
Jun 7, 2023 2:00 AM;Jun 7, 2023 3:00 AM;39,817.75;41,564.25;1,746.50;35,130.00
Jun 7, 2023 3:00 AM;Jun 7, 2023 4:00 AM;39,977.50;42,064.50;2,087.00;35,739.25
Jun 7, 2023 4:00 AM;Jun 7, 2023 5:00 AM;40,931.75;42,448.25;1,516.50;36,961.00
Jun 7, 2023 5:00 AM;Jun 7, 2023 6:00 AM;43,406.75;44,248.50;841.75;39,176.50
Jun 7, 2023 6:00 AM;Jun 7, 2023 7:00 AM;49,478.50;49,510.00;31.50;43,494.75
Jun 7, 2023 7:00 AM;Jun 7, 2023 8:00 AM;54,379.75;54,388.75;9.00;44,904.25
Jun 7, 2023 8:00 AM;Jun 7, 2023 9:00 AM;57,811.25;57,851.50;40.25;42,912.25
Jun 7, 2023 9:00 AM;Jun 7, 2023 10:00 AM;58,900.00;59,256.50;356.50;37,835.75
Jun 7, 2023 10:00 AM;Jun 7, 2023 11:00 AM;59,424.75;59,783.75;359.00;32,688.75
Jun 7, 2023 11:00 AM;Jun 7, 2023 12:00 PM;59,955.75;61,184.25;1,228.50;28,788.75
Jun 7, 2023 12:00 PM;Jun 7, 2023 1:00 PM;59,619.50;62,103.50;2,484.00;25,696.25
Jun 7, 2023 1:00 PM;Jun 7, 2023 2:00 PM;58,287.50;62,851.00;4,563.50;22,845.75
Jun 7, 2023 2:00 PM;Jun 7, 2023 3:00 PM;56,591.25;61,470.50;4,879.25;21,601.00
Jun 7, 2023 3:00 PM;Jun 7, 2023 4:00 PM;56,135.00;60,232.00;4,097.00;24,065.75
Jun 7, 2023 4:00 PM;Jun 7, 2023 5:00 PM;54,780.50;58,172.00;3,391.50;26,905.50
Jun 7, 2023 5:00 PM;Jun 7, 2023 6:00 PM;54,826.00;55,855.75;1,029.75;31,927.00
Jun 7, 2023 6:00 PM;Jun 7, 2023 7:00 PM;54,926.75;55,415.50;488.75;38,115.00
Jun 7, 2023 7:00 PM;Jun 7, 2023 8:00 PM;54,380.00;54,413.25;33.25;43,007.50
Jun 7, 2023 8:00 PM;Jun 7, 2023 9:00 PM;51,949.75;51,957.50;7.75;43,843.75
Jun 7, 2023 9:00 PM;Jun 7, 2023 10:00 PM;49,701.00;49,708.50;7.50;42,342.75
Jun 7, 2023 10:00 PM;Jun 7, 2023 11:00 PM;47,633.75;47,645.00;11.25;40,465.50
Jun 7, 2023 11:00 PM;Jun 8, 2023 12:00 AM;44,218.50;44,244.75;26.25;36,749.00
Jun 8, 2023 12:00 AM;Jun 8, 2023 1:00 AM;41,261.50;41,295.00;33.50;34,159.75
Jun 8, 2023 1:00 AM;Jun 8, 2023 2:00 AM;39,211.50;39,264.25;52.75;32,524.00
Jun 8, 2023 2:00 AM;Jun 8, 2023 3:00 AM;38,017.75;38,179.50;161.75;31,815.00
Jun 8, 2023 3:00 AM;Jun 8, 2023 4:00 AM;37,666.00;38,134.00;468.00;31,909.75
Jun 8, 2023 4:00 AM;Jun 8, 2023 5:00 AM;37,427.00;37,863.25;436.25;32,033.00
Jun 8, 2023 5:00 AM;Jun 8, 2023 6:00 AM;37,444.25;37,761.50;317.25;31,789.50
Jun 8, 2023 6:00 AM;Jun 8, 2023 7:00 AM;40,249.75;40,328.50;78.75;32,545.75
Jun 8, 2023 7:00 AM;Jun 8, 2023 8:00 AM;43,515.25;43,660.00;144.75;31,702.50
Jun 8, 2023 8:00 AM;Jun 8, 2023 9:00 AM;46,461.25;46,944.25;483.00;28,894.00
Jun 8, 2023 9:00 AM;Jun 8, 2023 10:00 AM;47,990.25;48,590.75;600.50;23,768.00
Jun 8, 2023 10:00 AM;Jun 8, 2023 11:00 AM;49,369.50;51,131.00;1,761.50;18,663.25
Jun 8, 2023 11:00 AM;Jun 8, 2023 12:00 PM;50,310.25;54,295.25;3,985.00;14,790.50
Jun 8, 2023 12:00 PM;Jun 8, 2023 1:00 PM;49,959.25;54,286.75;4,327.50;12,609.50
Jun 8, 2023 1:00 PM;Jun 8, 2023 2:00 PM;48,889.00;53,202.25;4,313.25;12,338.75
Jun 8, 2023 2:00 PM;Jun 8, 2023 3:00 PM;47,843.50;52,057.00;4,213.50;12,659.50
Jun 8, 2023 3:00 PM;Jun 8, 2023 4:00 PM;47,338.50;51,581.75;4,243.25;14,002.00
Jun 8, 2023 4:00 PM;Jun 8, 2023 5:00 PM;46,797.25;49,920.75;3,123.50;16,731.75
Jun 8, 2023 5:00 PM;Jun 8, 2023 6:00 PM;47,775.50;48,991.25;1,215.75;22,169.50
Jun 8, 2023 6:00 PM;Jun 8, 2023 7:00 PM;48,499.25;49,170.75;671.50;27,492.75
Jun 8, 2023 7:00 PM;Jun 8, 2023 8:00 PM;48,323.75;48,452.00;128.25;33,225.00
Jun 8, 2023 8:00 PM;Jun 8, 2023 9:00 PM;46,760.50;46,766.50;6.00;35,752.50
Jun 8, 2023 9:00 PM;Jun 8, 2023 10:00 PM;45,804.50;45,811.00;6.50;36,215.50
Jun 8, 2023 10:00 PM;Jun 8, 2023 11:00 PM;44,643.25;44,772.50;129.25;35,044.75
Jun 8, 2023 11:00 PM;Jun 9, 2023 12:00 AM;41,200.50;41,279.25;78.75;31,494.75
Jun 9, 2023 12:00 AM;Jun 9, 2023 1:00 AM;38,820.75;39,162.25;341.50;29,826.75
Jun 9, 2023 1:00 AM;Jun 9, 2023 2:00 AM;37,066.25;37,327.75;261.50;28,859.50
Jun 9, 2023 2:00 AM;Jun 9, 2023 3:00 AM;36,173.25;37,080.25;907.00;28,493.50
Jun 9, 2023 3:00 AM;Jun 9, 2023 4:00 AM;35,907.75;37,578.00;1,670.25;28,363.00
Jun 9, 2023 4:00 AM;Jun 9, 2023 5:00 AM;36,522.75;38,052.00;1,529.25;28,581.25
Jun 9, 2023 5:00 AM;Jun 9, 2023 6:00 AM;39,035.25;39,949.75;914.50;29,802.50
Jun 9, 2023 6:00 AM;Jun 9, 2023 7:00 AM;44,682.75;45,318.50;635.75;32,755.25
Jun 9, 2023 7:00 AM;Jun 9, 2023 8:00 AM;49,011.25;49,038.00;26.75;33,517.25
Jun 9, 2023 8:00 AM;Jun 9, 2023 9:00 AM;52,096.00;52,224.00;128.00;31,117.75
Jun 9, 2023 9:00 AM;Jun 9, 2023 10:00 AM;53,341.50;54,262.25;920.75;24,957.50
Jun 9, 2023 10:00 AM;Jun 9, 2023 11:00 AM;53,841.25;54,512.75;671.50;17,912.50
Jun 9, 2023 11:00 AM;Jun 9, 2023 12:00 PM;54,757.00;56,296.75;1,539.75;12,748.75
Jun 9, 2023 12:00 PM;Jun 9, 2023 1:00 PM;54,716.50;57,461.00;2,744.50;9,253.00
Jun 9, 2023 1:00 PM;Jun 9, 2023 2:00 PM;53,609.25;58,069.25;4,460.00;7,978.75
Jun 9, 2023 2:00 PM;Jun 9, 2023 3:00 PM;52,968.25;57,334.00;4,365.75;8,879.00
Jun 9, 2023 3:00 PM;Jun 9, 2023 4:00 PM;52,481.25;55,489.00;3,007.75;11,064.50
Jun 9, 2023 4:00 PM;Jun 9, 2023 5:00 PM;52,042.75;54,675.75;2,633.00;14,402.00
Jun 9, 2023 5:00 PM;Jun 9, 2023 6:00 PM;52,254.75;53,164.00;909.25;19,315.25
Jun 9, 2023 6:00 PM;Jun 9, 2023 7:00 PM;52,376.25;53,100.25;724.00;25,068.25
Jun 9, 2023 7:00 PM;Jun 9, 2023 8:00 PM;51,597.75;51,823.00;225.25;29,651.25
Jun 9, 2023 8:00 PM;Jun 9, 2023 9:00 PM;50,106.00;50,117.25;11.25;31,503.75
Jun 9, 2023 9:00 PM;Jun 9, 2023 10:00 PM;48,567.00;48,624.25;57.25;28,704.75
Jun 9, 2023 10:00 PM;Jun 9, 2023 11:00 PM;46,862.75;47,009.00;146.25;25,196.50
Jun 9, 2023 11:00 PM;Jun 10, 2023 12:00 AM;43,361.00;43,389.75;28.75;21,640.00
Jun 10, 2023 12:00 AM;Jun 10, 2023 1:00 AM;40,770.00;40,995.25;225.25;20,257.25
Jun 10, 2023 1:00 AM;Jun 10, 2023 2:00 AM;38,868.00;39,140.75;272.75;19,783.50
Jun 10, 2023 2:00 AM;Jun 10, 2023 3:00 AM;37,757.00;38,035.25;278.25;20,335.75
Jun 10, 2023 3:00 AM;Jun 10, 2023 4:00 AM;37,164.00;37,459.50;295.50;20,842.25
Jun 10, 2023 4:00 AM;Jun 10, 2023 5:00 AM;36,979.50;37,425.50;446.00;21,425.50
Jun 10, 2023 5:00 AM;Jun 10, 2023 6:00 AM;36,950.50;37,308.25;357.75;21,534.75
Jun 10, 2023 6:00 AM;Jun 10, 2023 7:00 AM;39,266.00;39,541.75;275.75;22,894.00
Jun 10, 2023 7:00 AM;Jun 10, 2023 8:00 AM;42,408.00;42,520.75;112.75;22,220.75
Jun 10, 2023 8:00 AM;Jun 10, 2023 9:00 AM;45,846.00;46,307.00;461.00;19,195.75
Jun 10, 2023 9:00 AM;Jun 10, 2023 10:00 AM;47,990.25;48,830.50;840.25;14,238.00
Jun 10, 2023 10:00 AM;Jun 10, 2023 11:00 AM;49,419.50;51,587.50;2,168.00;9,557.75
Jun 10, 2023 11:00 AM;Jun 10, 2023 12:00 PM;50,188.75;53,642.00;3,453.25;5,457.75
Jun 10, 2023 12:00 PM;Jun 10, 2023 1:00 PM;49,655.25;54,456.25;4,801.00;2,875.75
Jun 10, 2023 1:00 PM;Jun 10, 2023 2:00 PM;48,051.50;53,593.25;5,541.75;1,219.75
Jun 10, 2023 2:00 PM;Jun 10, 2023 3:00 PM;47,111.75;52,699.25;5,587.50;2,307.75
Jun 10, 2023 3:00 PM;Jun 10, 2023 4:00 PM;46,830.25;52,204.00;5,373.75;3,597.25
Jun 10, 2023 4:00 PM;Jun 10, 2023 5:00 PM;46,718.50;50,243.50;3,525.00;6,735.50
Jun 10, 2023 5:00 PM;Jun 10, 2023 6:00 PM;47,239.75;48,759.75;1,520.00;13,496.50
Jun 10, 2023 6:00 PM;Jun 10, 2023 7:00 PM;48,139.00;48,251.75;112.75;20,293.50
Jun 10, 2023 7:00 PM;Jun 10, 2023 8:00 PM;47,661.75;47,667.75;6.00;25,681.00
Jun 10, 2023 8:00 PM;Jun 10, 2023 9:00 PM;46,329.75;46,335.50;5.75;27,359.50
Jun 10, 2023 9:00 PM;Jun 10, 2023 10:00 PM;45,075.00;45,116.75;41.75;25,483.00
Jun 10, 2023 10:00 PM;Jun 10, 2023 11:00 PM;44,435.00;44,457.75;22.75;23,990.00
Jun 10, 2023 11:00 PM;Jun 11, 2023 12:00 AM;41,890.50;41,973.75;83.25;20,874.00
Jun 11, 2023 12:00 AM;Jun 11, 2023 1:00 AM;39,125.25;39,432.75;307.50;18,196.00
Jun 11, 2023 1:00 AM;Jun 11, 2023 2:00 AM;36,927.50;37,690.25;762.75;16,737.50
Jun 11, 2023 2:00 AM;Jun 11, 2023 3:00 AM;35,562.00;36,458.50;896.50;16,060.75
Jun 11, 2023 3:00 AM;Jun 11, 2023 4:00 AM;34,848.50;36,026.00;1,177.50;15,820.25
Jun 11, 2023 4:00 AM;Jun 11, 2023 5:00 AM;34,526.75;36,384.00;1,857.25;16,065.50
Jun 11, 2023 5:00 AM;Jun 11, 2023 6:00 AM;34,143.00;35,998.75;1,855.75;15,678.00
Jun 11, 2023 6:00 AM;Jun 11, 2023 7:00 AM;35,543.50;37,955.50;2,412.00;15,580.75
Jun 11, 2023 7:00 AM;Jun 11, 2023 8:00 AM;37,997.75;40,773.75;2,776.00;14,940.75
Jun 11, 2023 8:00 AM;Jun 11, 2023 9:00 AM;41,227.75;43,996.75;2,769.00;13,003.25
Jun 11, 2023 9:00 AM;Jun 11, 2023 10:00 AM;43,407.50;46,998.50;3,591.00;7,915.75
Jun 11, 2023 10:00 AM;Jun 11, 2023 11:00 AM;44,635.75;49,134.00;4,498.25;2,853.50
Jun 11, 2023 11:00 AM;Jun 11, 2023 12:00 PM;45,762.50;50,658.00;4,895.50;117.75
Jun 11, 2023 12:00 PM;Jun 11, 2023 1:00 PM;45,025.50;50,092.75;5,067.25;-1,817.00
Jun 11, 2023 1:00 PM;Jun 11, 2023 2:00 PM;43,627.75;48,929.75;5,302.00;-3,055.25
Jun 11, 2023 2:00 PM;Jun 11, 2023 3:00 PM;42,822.75;48,388.25;5,565.50;-2,323.00
Jun 11, 2023 3:00 PM;Jun 11, 2023 4:00 PM;42,508.25;47,321.50;4,813.25;-1,888.50
Jun 11, 2023 4:00 PM;Jun 11, 2023 5:00 PM;42,755.00;47,091.25;4,336.25;1,005.50
Jun 11, 2023 5:00 PM;Jun 11, 2023 6:00 PM;44,705.25;47,997.75;3,292.50;7,752.25
Jun 11, 2023 6:00 PM;Jun 11, 2023 7:00 PM;46,128.00;47,185.50;1,057.50;17,159.50
Jun 11, 2023 7:00 PM;Jun 11, 2023 8:00 PM;46,648.75;47,146.00;497.25;24,610.75
Jun 11, 2023 8:00 PM;Jun 11, 2023 9:00 PM;46,683.75;46,824.25;140.50;28,909.25
Jun 11, 2023 9:00 PM;Jun 11, 2023 10:00 PM;46,520.75;46,533.50;12.75;29,211.25
Jun 11, 2023 10:00 PM;Jun 11, 2023 11:00 PM;45,971.75;45,989.75;18.00;26,500.50
Jun 11, 2023 11:00 PM;Jun 12, 2023 12:00 AM;42,920.00;43,038.75;118.75;22,656.25
Jun 12, 2023 12:00 AM;Jun 12, 2023 1:00 AM;40,952.25;41,810.25;858.00;20,328.75
Jun 12, 2023 1:00 AM;Jun 12, 2023 2:00 AM;40,133.00;41,806.75;1,673.75;20,720.75
Jun 12, 2023 2:00 AM;Jun 12, 2023 3:00 AM;39,055.25;40,479.00;1,423.75;21,386.00
Jun 12, 2023 3:00 AM;Jun 12, 2023 4:00 AM;38,973.00;40,522.75;1,549.75;23,202.75
Jun 12, 2023 4:00 AM;Jun 12, 2023 5:00 AM;39,203.50;39,852.75;649.25;24,893.25
Jun 12, 2023 5:00 AM;Jun 12, 2023 6:00 AM;41,928.50;42,116.75;188.25;28,206.25
Jun 12, 2023 6:00 AM;Jun 12, 2023 7:00 AM;49,417.75;49,435.00;17.25;34,310.25
Jun 12, 2023 7:00 AM;Jun 12, 2023 8:00 AM;55,112.75;55,121.25;8.50;36,793.75
Jun 12, 2023 8:00 AM;Jun 12, 2023 9:00 AM;58,271.75;58,288.75;17.00;34,461.50
Jun 12, 2023 9:00 AM;Jun 12, 2023 10:00 AM;59,139.25;59,305.50;166.25;27,204.75
Jun 12, 2023 10:00 AM;Jun 12, 2023 11:00 AM;59,900.00;60,766.50;866.50;18,705.75
Jun 12, 2023 11:00 AM;Jun 12, 2023 12:00 PM;61,177.75;64,451.75;3,274.00;13,929.25
Jun 12, 2023 12:00 PM;Jun 12, 2023 1:00 PM;61,143.50;65,582.00;4,438.50;10,810.25
Jun 12, 2023 1:00 PM;Jun 12, 2023 2:00 PM;60,895.75;65,394.00;4,498.25;10,225.75
Jun 12, 2023 2:00 PM;Jun 12, 2023 3:00 PM;59,861.50;63,482.50;3,621.00;11,211.75
Jun 12, 2023 3:00 PM;Jun 12, 2023 4:00 PM;58,719.50;61,597.50;2,878.00;13,638.25
Jun 12, 2023 4:00 PM;Jun 12, 2023 5:00 PM;56,895.00;58,418.75;1,523.75;17,147.25
Jun 12, 2023 5:00 PM;Jun 12, 2023 6:00 PM;57,167.00;57,858.00;691.00;23,174.50
Jun 12, 2023 6:00 PM;Jun 12, 2023 7:00 PM;57,843.25;58,208.25;365.00;30,749.50
Jun 12, 2023 7:00 PM;Jun 12, 2023 8:00 PM;57,266.25;57,277.50;11.25;36,490.25
Jun 12, 2023 8:00 PM;Jun 12, 2023 9:00 PM;55,416.75;55,422.75;6.00;38,604.50
Jun 12, 2023 9:00 PM;Jun 12, 2023 10:00 PM;53,462.25;53,466.25;4.00;35,607.50
Jun 12, 2023 10:00 PM;Jun 12, 2023 11:00 PM;51,581.75;51,945.75;364.00;30,941.25
Jun 12, 2023 11:00 PM;Jun 13, 2023 12:00 AM;47,171.50;47,891.50;720.00;26,089.25
Jun 13, 2023 12:00 AM;Jun 13, 2023 1:00 AM;44,295.25;45,003.25;708.00;23,946.75
Jun 13, 2023 1:00 AM;Jun 13, 2023 2:00 AM;42,555.75;43,402.50;846.75;23,611.75
Jun 13, 2023 2:00 AM;Jun 13, 2023 3:00 AM;41,589.00;42,917.75;1,328.75;24,910.00
Jun 13, 2023 3:00 AM;Jun 13, 2023 4:00 AM;41,344.00;42,668.75;1,324.75;26,903.75
Jun 13, 2023 4:00 AM;Jun 13, 2023 5:00 AM;41,191.00;42,235.75;1,044.75;27,753.25
Jun 13, 2023 5:00 AM;Jun 13, 2023 6:00 AM;43,498.25;44,637.50;1,139.25;29,933.00
Jun 13, 2023 6:00 AM;Jun 13, 2023 7:00 AM;50,715.50;50,912.50;197.00;35,674.25
Jun 13, 2023 7:00 AM;Jun 13, 2023 8:00 AM;56,065.25;56,071.00;5.75;37,913.75
Jun 13, 2023 8:00 AM;Jun 13, 2023 9:00 AM;59,210.25;59,228.50;18.25;34,383.25
Jun 13, 2023 9:00 AM;Jun 13, 2023 10:00 AM;59,513.00;60,308.75;795.75;25,482.50
Jun 13, 2023 10:00 AM;Jun 13, 2023 11:00 AM;60,010.50;61,645.75;1,635.25;17,008.50
Jun 13, 2023 11:00 AM;Jun 13, 2023 12:00 PM;60,410.75;62,510.00;2,099.25;11,161.00
Jun 13, 2023 12:00 PM;Jun 13, 2023 1:00 PM;60,155.00;63,631.75;3,476.75;8,609.00
Jun 13, 2023 1:00 PM;Jun 13, 2023 2:00 PM;59,874.00;63,481.25;3,607.25;7,529.25
Jun 13, 2023 2:00 PM;Jun 13, 2023 3:00 PM;59,794.25;63,423.50;3,629.25;8,812.75
Jun 13, 2023 3:00 PM;Jun 13, 2023 4:00 PM;58,947.50;61,896.75;2,949.25;10,283.00
Jun 13, 2023 4:00 PM;Jun 13, 2023 5:00 PM;58,205.00;60,158.75;1,953.75;13,338.25
Jun 13, 2023 5:00 PM;Jun 13, 2023 6:00 PM;57,659.50;58,273.00;613.50;18,482.25
Jun 13, 2023 6:00 PM;Jun 13, 2023 7:00 PM;58,093.00;58,496.25;403.25;25,421.75
Jun 13, 2023 7:00 PM;Jun 13, 2023 8:00 PM;57,656.25;57,781.50;125.25;31,040.00
Jun 13, 2023 8:00 PM;Jun 13, 2023 9:00 PM;55,728.00;55,760.00;32.00;34,824.75
Jun 13, 2023 9:00 PM;Jun 13, 2023 10:00 PM;53,468.00;53,492.25;24.25;34,990.50
Jun 13, 2023 10:00 PM;Jun 13, 2023 11:00 PM;50,906.75;50,949.00;42.25;32,107.50
Jun 13, 2023 11:00 PM;Jun 14, 2023 12:00 AM;46,394.50;46,851.50;457.00;27,045.75
Jun 14, 2023 12:00 AM;Jun 14, 2023 1:00 AM;43,603.50;44,621.50;1,018.00;24,633.75
Jun 14, 2023 1:00 AM;Jun 14, 2023 2:00 AM;42,334.00;43,940.75;1,606.75;24,672.25
Jun 14, 2023 2:00 AM;Jun 14, 2023 3:00 AM;41,420.75;43,298.00;1,877.25;25,636.75
Jun 14, 2023 3:00 AM;Jun 14, 2023 4:00 AM;41,304.00;43,117.75;1,813.75;27,213.75
Jun 14, 2023 4:00 AM;Jun 14, 2023 5:00 AM;41,579.75;42,996.50;1,416.75;28,615.75
Jun 14, 2023 5:00 AM;Jun 14, 2023 6:00 AM;44,009.50;44,654.50;645.00;31,304.50
Jun 14, 2023 6:00 AM;Jun 14, 2023 7:00 AM;50,929.25;50,954.75;25.50;37,176.75
Jun 14, 2023 7:00 AM;Jun 14, 2023 8:00 AM;56,049.50;56,057.50;8.00;39,488.50
Jun 14, 2023 8:00 AM;Jun 14, 2023 9:00 AM;58,616.75;59,006.75;390.00;34,837.25
Jun 14, 2023 9:00 AM;Jun 14, 2023 10:00 AM;58,995.25;59,806.75;811.50;25,541.00
Jun 14, 2023 10:00 AM;Jun 14, 2023 11:00 AM;59,436.00;60,692.00;1,256.00;18,068.00
Jun 14, 2023 11:00 AM;Jun 14, 2023 12:00 PM;60,345.75;62,999.00;2,653.25;14,815.50
Jun 14, 2023 12:00 PM;Jun 14, 2023 1:00 PM;59,969.25;62,195.75;2,226.50;14,299.50
Jun 14, 2023 1:00 PM;Jun 14, 2023 2:00 PM;59,501.75;62,523.00;3,021.25;14,927.50
Jun 14, 2023 2:00 PM;Jun 14, 2023 3:00 PM;58,886.75;63,024.25;4,137.50;16,426.50
Jun 14, 2023 3:00 PM;Jun 14, 2023 4:00 PM;58,024.50;61,780.50;3,756.00;19,137.00
Jun 14, 2023 4:00 PM;Jun 14, 2023 5:00 PM;56,676.75;58,409.00;1,732.25;22,826.50
Jun 14, 2023 5:00 PM;Jun 14, 2023 6:00 PM;56,471.25;57,576.50;1,105.25;29,040.75
Jun 14, 2023 6:00 PM;Jun 14, 2023 7:00 PM;56,793.75;57,087.50;293.75;36,121.25
Jun 14, 2023 7:00 PM;Jun 14, 2023 8:00 PM;56,290.50;56,298.50;8.00;41,771.75
Jun 14, 2023 8:00 PM;Jun 14, 2023 9:00 PM;54,606.75;54,614.50;7.75;44,228.75
Jun 14, 2023 9:00 PM;Jun 14, 2023 10:00 PM;52,200.00;52,207.25;7.25;43,080.75
Jun 14, 2023 10:00 PM;Jun 14, 2023 11:00 PM;49,639.00;49,688.50;49.50;40,006.00
Jun 14, 2023 11:00 PM;Jun 15, 2023 12:00 AM;45,845.75;46,071.50;225.75;35,684.25
Jun 15, 2023 12:00 AM;Jun 15, 2023 1:00 AM;43,295.75;44,314.75;1,019.00;33,483.75
Jun 15, 2023 1:00 AM;Jun 15, 2023 2:00 AM;42,120.25;44,164.25;2,044.00;33,686.00
Jun 15, 2023 2:00 AM;Jun 15, 2023 3:00 AM;41,131.25;43,152.50;2,021.25;34,314.75
Jun 15, 2023 3:00 AM;Jun 15, 2023 4:00 AM;41,038.75;43,130.00;2,091.25;35,513.00
Jun 15, 2023 4:00 AM;Jun 15, 2023 5:00 AM;41,284.75;42,740.50;1,455.75;36,428.00
Jun 15, 2023 5:00 AM;Jun 15, 2023 6:00 AM;43,347.00;44,034.75;687.75;38,240.00
Jun 15, 2023 6:00 AM;Jun 15, 2023 7:00 AM;50,025.75;50,336.50;310.75;42,816.75
Jun 15, 2023 7:00 AM;Jun 15, 2023 8:00 AM;55,472.50;55,619.75;147.25;43,948.75
Jun 15, 2023 8:00 AM;Jun 15, 2023 9:00 AM;58,073.00;58,090.75;17.75;40,398.25
Jun 15, 2023 9:00 AM;Jun 15, 2023 10:00 AM;58,591.25;58,956.50;365.25;33,018.50
Jun 15, 2023 10:00 AM;Jun 15, 2023 11:00 AM;59,210.00;60,512.00;1,302.00;27,015.25
Jun 15, 2023 11:00 AM;Jun 15, 2023 12:00 PM;60,293.50;61,657.50;1,364.00;25,311.25
Jun 15, 2023 12:00 PM;Jun 15, 2023 1:00 PM;60,047.75;62,006.50;1,958.75;24,436.25
Jun 15, 2023 1:00 PM;Jun 15, 2023 2:00 PM;59,384.00;62,091.50;2,707.50;24,157.50
Jun 15, 2023 2:00 PM;Jun 15, 2023 3:00 PM;58,202.50;61,336.50;3,134.00;23,328.50
Jun 15, 2023 3:00 PM;Jun 15, 2023 4:00 PM;57,225.75;59,910.00;2,684.25;24,225.25
Jun 15, 2023 4:00 PM;Jun 15, 2023 5:00 PM;56,240.75;58,520.25;2,279.50;27,000.50
Jun 15, 2023 5:00 PM;Jun 15, 2023 6:00 PM;56,131.00;56,913.25;782.25;32,543.25
Jun 15, 2023 6:00 PM;Jun 15, 2023 7:00 PM;56,199.00;56,557.25;358.25;39,072.25
Jun 15, 2023 7:00 PM;Jun 15, 2023 8:00 PM;56,281.50;56,291.00;9.50;45,345.50
Jun 15, 2023 8:00 PM;Jun 15, 2023 9:00 PM;54,686.75;54,689.75;3.00;48,024.75
Jun 15, 2023 9:00 PM;Jun 15, 2023 10:00 PM;52,699.50;52,703.00;3.50;47,299.00
Jun 15, 2023 10:00 PM;Jun 15, 2023 11:00 PM;49,982.00;50,050.75;68.75;45,089.00
Jun 15, 2023 11:00 PM;Jun 16, 2023 12:00 AM;46,206.75;46,365.00;158.25;41,338.00
Jun 16, 2023 12:00 AM;Jun 16, 2023 1:00 AM;43,223.50;43,312.25;88.75;38,524.25
Jun 16, 2023 1:00 AM;Jun 16, 2023 2:00 AM;41,548.50;41,686.75;138.25;37,228.50
Jun 16, 2023 2:00 AM;Jun 16, 2023 3:00 AM;40,736.00;41,415.00;679.00;36,573.00
Jun 16, 2023 3:00 AM;Jun 16, 2023 4:00 AM;41,161.75;42,507.50;1,345.75;37,158.50
Jun 16, 2023 4:00 AM;Jun 16, 2023 5:00 AM;41,480.00;42,798.00;1,318.00;37,396.50
Jun 16, 2023 5:00 AM;Jun 16, 2023 6:00 AM;43,780.25;44,278.00;497.75;38,940.50
Jun 16, 2023 6:00 AM;Jun 16, 2023 7:00 AM;50,521.25;50,703.50;182.25;43,702.50
Jun 16, 2023 7:00 AM;Jun 16, 2023 8:00 AM;55,694.75;55,707.25;12.50;45,050.25
Jun 16, 2023 8:00 AM;Jun 16, 2023 9:00 AM;58,500.50;58,554.75;54.25;41,830.50
Jun 16, 2023 9:00 AM;Jun 16, 2023 10:00 AM;58,936.25;59,149.00;212.75;35,246.00
Jun 16, 2023 10:00 AM;Jun 16, 2023 11:00 AM;59,323.75;60,044.25;720.50;30,266.00
Jun 16, 2023 11:00 AM;Jun 16, 2023 12:00 PM;60,011.00;61,651.50;1,640.50;28,706.00
Jun 16, 2023 12:00 PM;Jun 16, 2023 1:00 PM;59,397.75;62,003.50;2,605.75;25,955.00
Jun 16, 2023 1:00 PM;Jun 16, 2023 2:00 PM;58,425.50;62,126.25;3,700.75;23,477.00
Jun 16, 2023 2:00 PM;Jun 16, 2023 3:00 PM;56,974.00;60,523.25;3,549.25;21,337.50
Jun 16, 2023 3:00 PM;Jun 16, 2023 4:00 PM;56,554.50;60,144.25;3,589.75;23,054.75
Jun 16, 2023 4:00 PM;Jun 16, 2023 5:00 PM;55,805.75;57,974.25;2,168.50;26,036.00
Jun 16, 2023 5:00 PM;Jun 16, 2023 6:00 PM;55,306.50;55,885.25;578.75;30,271.25
Jun 16, 2023 6:00 PM;Jun 16, 2023 7:00 PM;54,986.25;55,445.75;459.50;36,265.75
Jun 16, 2023 7:00 PM;Jun 16, 2023 8:00 PM;54,407.75;54,433.25;25.50;42,522.50
Jun 16, 2023 8:00 PM;Jun 16, 2023 9:00 PM;52,288.00;52,297.50;9.50;45,441.75
Jun 16, 2023 9:00 PM;Jun 16, 2023 10:00 PM;49,906.25;49,914.50;8.25;44,852.50
Jun 16, 2023 10:00 PM;Jun 16, 2023 11:00 PM;47,730.25;47,738.25;8.00;43,392.00
Jun 16, 2023 11:00 PM;Jun 17, 2023 12:00 AM;44,438.00;44,470.25;32.25;40,236.00
Jun 17, 2023 12:00 AM;Jun 17, 2023 1:00 AM;41,838.25;41,914.75;76.50;38,077.75
Jun 17, 2023 1:00 AM;Jun 17, 2023 2:00 AM;40,022.25;40,133.50;111.25;36,852.00
Jun 17, 2023 2:00 AM;Jun 17, 2023 3:00 AM;38,628.50;38,792.00;163.50;35,890.50
Jun 17, 2023 3:00 AM;Jun 17, 2023 4:00 AM;38,049.75;38,405.50;355.75;35,166.75
Jun 17, 2023 4:00 AM;Jun 17, 2023 5:00 AM;37,610.50;37,822.00;211.50;34,789.00
Jun 17, 2023 5:00 AM;Jun 17, 2023 6:00 AM;37,291.75;37,380.50;88.75;34,250.25
Jun 17, 2023 6:00 AM;Jun 17, 2023 7:00 AM;39,129.75;39,184.75;55.00;34,077.00
Jun 17, 2023 7:00 AM;Jun 17, 2023 8:00 AM;42,173.25;42,357.25;184.00;32,752.00
Jun 17, 2023 8:00 AM;Jun 17, 2023 9:00 AM;45,446.75;45,850.50;403.75;29,751.25
Jun 17, 2023 9:00 AM;Jun 17, 2023 10:00 AM;47,643.25;48,681.50;1,038.25;24,188.75
Jun 17, 2023 10:00 AM;Jun 17, 2023 11:00 AM;49,276.75;51,751.50;2,474.75;18,599.75
Jun 17, 2023 11:00 AM;Jun 17, 2023 12:00 PM;49,881.00;53,549.75;3,668.75;14,917.50
Jun 17, 2023 12:00 PM;Jun 17, 2023 1:00 PM;48,760.75;52,342.75;3,582.00;11,678.25
Jun 17, 2023 1:00 PM;Jun 17, 2023 2:00 PM;47,047.25;51,333.50;4,286.25;9,316.25
Jun 17, 2023 2:00 PM;Jun 17, 2023 3:00 PM;45,961.00;50,162.75;4,201.75;9,079.25
Jun 17, 2023 3:00 PM;Jun 17, 2023 4:00 PM;45,706.25;49,190.50;3,484.25;11,370.25
Jun 17, 2023 4:00 PM;Jun 17, 2023 5:00 PM;45,261.75;47,447.25;2,185.50;15,817.00
Jun 17, 2023 5:00 PM;Jun 17, 2023 6:00 PM;45,767.75;46,652.25;884.50;22,643.75
Jun 17, 2023 6:00 PM;Jun 17, 2023 7:00 PM;46,522.50;47,019.75;497.25;31,348.75
Jun 17, 2023 7:00 PM;Jun 17, 2023 8:00 PM;46,246.75;46,260.50;13.75;38,515.75
Jun 17, 2023 8:00 PM;Jun 17, 2023 9:00 PM;44,754.50;44,763.25;8.75;41,606.25
Jun 17, 2023 9:00 PM;Jun 17, 2023 10:00 PM;43,776.75;43,786.75;10.00;42,525.50
Jun 17, 2023 10:00 PM;Jun 17, 2023 11:00 PM;42,939.50;42,949.25;9.75;41,992.00
Jun 17, 2023 11:00 PM;Jun 18, 2023 12:00 AM;40,782.75;40,844.00;61.25;39,747.50
Jun 18, 2023 12:00 AM;Jun 18, 2023 1:00 AM;38,251.00;38,637.00;386.00;37,267.25
Jun 18, 2023 1:00 AM;Jun 18, 2023 2:00 AM;36,274.00;36,666.50;392.50;35,311.75
Jun 18, 2023 2:00 AM;Jun 18, 2023 3:00 AM;35,067.50;35,375.50;308.00;34,199.00
Jun 18, 2023 3:00 AM;Jun 18, 2023 4:00 AM;34,356.00;34,676.50;320.50;33,522.00
Jun 18, 2023 4:00 AM;Jun 18, 2023 5:00 AM;30,902.75;31,437.00;534.25;29,934.50
Jun 18, 2023 5:00 AM;Jun 18, 2023 6:00 AM;33,829.75;34,563.25;733.50;31,943.00
Jun 18, 2023 6:00 AM;Jun 18, 2023 7:00 AM;34,795.25;35,689.00;893.75;29,951.00
Jun 18, 2023 7:00 AM;Jun 18, 2023 8:00 AM;37,047.25;37,785.00;737.75;26,600.25
Jun 18, 2023 8:00 AM;Jun 18, 2023 9:00 AM;40,389.50;41,658.50;1,269.00;22,249.75
Jun 18, 2023 9:00 AM;Jun 18, 2023 10:00 AM;42,801.75;44,695.75;1,894.00;16,932.75
Jun 18, 2023 10:00 AM;Jun 18, 2023 11:00 AM;44,310.25;46,492.75;2,182.50;12,118.50
Jun 18, 2023 11:00 AM;Jun 18, 2023 12:00 PM;45,407.00;47,796.50;2,389.50;9,424.75
Jun 18, 2023 12:00 PM;Jun 18, 2023 1:00 PM;45,451.75;48,512.25;3,060.50;7,966.75
Jun 18, 2023 1:00 PM;Jun 18, 2023 2:00 PM;44,025.75;47,706.75;3,681.00;6,857.00
Jun 18, 2023 2:00 PM;Jun 18, 2023 3:00 PM;43,732.50;47,613.25;3,880.75;9,009.00
Jun 18, 2023 3:00 PM;Jun 18, 2023 4:00 PM;43,391.25;46,639.25;3,248.00;12,737.75
Jun 18, 2023 4:00 PM;Jun 18, 2023 5:00 PM;43,329.50;45,968.75;2,639.25;17,960.25
Jun 18, 2023 5:00 PM;Jun 18, 2023 6:00 PM;44,638.00;46,721.00;2,083.00;25,665.50
Jun 18, 2023 6:00 PM;Jun 18, 2023 7:00 PM;45,778.25;46,122.25;344.00;33,333.25
Jun 18, 2023 7:00 PM;Jun 18, 2023 8:00 PM;46,031.25;46,152.50;121.25;38,595.50
Jun 18, 2023 8:00 PM;Jun 18, 2023 9:00 PM;45,650.75;45,666.75;16.00;40,084.50
Jun 18, 2023 9:00 PM;Jun 18, 2023 10:00 PM;45,664.50;45,794.75;130.25;39,581.00
Jun 18, 2023 10:00 PM;Jun 18, 2023 11:00 PM;45,517.25;45,658.25;141.00;37,078.75
Jun 18, 2023 11:00 PM;Jun 19, 2023 12:00 AM;42,223.25;42,865.50;642.25;30,975.50
Jun 19, 2023 12:00 AM;Jun 19, 2023 1:00 AM;38,595.00;39,746.00;1,151.00;25,262.00
Jun 19, 2023 1:00 AM;Jun 19, 2023 2:00 AM;38,040.50;41,179.00;3,138.50;23,764.00
Jun 19, 2023 2:00 AM;Jun 19, 2023 3:00 AM;37,199.25;39,819.75;2,620.50;21,777.75
Jun 19, 2023 3:00 AM;Jun 19, 2023 4:00 AM;36,861.50;40,568.50;3,707.00;21,209.50
Jun 19, 2023 4:00 AM;Jun 19, 2023 5:00 AM;37,116.25;39,582.25;2,466.00;20,981.25
Jun 19, 2023 5:00 AM;Jun 19, 2023 6:00 AM;40,001.00;42,321.25;2,320.25;22,877.00
Jun 19, 2023 6:00 AM;Jun 19, 2023 7:00 AM;49,091.25;49,688.00;596.75;30,909.50
Jun 19, 2023 7:00 AM;Jun 19, 2023 8:00 AM;54,782.75;54,796.25;13.50;36,025.25
Jun 19, 2023 8:00 AM;Jun 19, 2023 9:00 AM;58,175.75;58,181.25;5.50;37,866.25
Jun 19, 2023 9:00 AM;Jun 19, 2023 10:00 AM;60,051.25;60,054.75;3.50;37,227.25
Jun 19, 2023 10:00 AM;Jun 19, 2023 11:00 AM;61,056.75;61,168.25;111.50;33,320.25
Jun 19, 2023 11:00 AM;Jun 19, 2023 12:00 PM;62,069.00;63,469.50;1,400.50;28,324.50
Jun 19, 2023 12:00 PM;Jun 19, 2023 1:00 PM;61,228.75;64,139.75;2,911.00;22,777.00
Jun 19, 2023 1:00 PM;Jun 19, 2023 2:00 PM;60,741.25;64,602.00;3,860.75;20,130.75
Jun 19, 2023 2:00 PM;Jun 19, 2023 3:00 PM;59,909.50;64,076.50;4,167.00;19,695.00
Jun 19, 2023 3:00 PM;Jun 19, 2023 4:00 PM;58,679.50;61,574.25;2,894.75;21,590.75
Jun 19, 2023 4:00 PM;Jun 19, 2023 5:00 PM;57,657.50;59,777.75;2,120.25;25,553.50
Jun 19, 2023 5:00 PM;Jun 19, 2023 6:00 PM;57,735.25;58,437.00;701.75;31,446.50
Jun 19, 2023 6:00 PM;Jun 19, 2023 7:00 PM;57,548.50;57,746.25;197.75;38,995.00
Jun 19, 2023 7:00 PM;Jun 19, 2023 8:00 PM;57,348.00;57,349.75;1.75;46,051.75
Jun 19, 2023 8:00 PM;Jun 19, 2023 9:00 PM;55,396.50;55,398.00;1.50;48,867.50
Jun 19, 2023 9:00 PM;Jun 19, 2023 10:00 PM;53,167.50;53,172.75;5.25;48,640.50
Jun 19, 2023 10:00 PM;Jun 19, 2023 11:00 PM;50,513.75;50,521.00;7.25;46,295.75
Jun 19, 2023 11:00 PM;Jun 20, 2023 12:00 AM;46,992.50;47,023.50;31.00;42,384.50
Jun 20, 2023 12:00 AM;Jun 20, 2023 1:00 AM;44,314.75;44,584.50;269.75;39,437.50
Jun 20, 2023 1:00 AM;Jun 20, 2023 2:00 AM;42,843.75;43,509.25;665.50;37,668.25
Jun 20, 2023 2:00 AM;Jun 20, 2023 3:00 AM;42,189.75;43,263.25;1,073.50;37,025.50
Jun 20, 2023 3:00 AM;Jun 20, 2023 4:00 AM;41,636.00;43,925.50;2,289.50;36,257.00
Jun 20, 2023 4:00 AM;Jun 20, 2023 5:00 AM;42,542.25;45,198.25;2,656.00;36,522.75
Jun 20, 2023 5:00 AM;Jun 20, 2023 6:00 AM;44,660.25;45,484.75;824.50;38,449.25
Jun 20, 2023 6:00 AM;Jun 20, 2023 7:00 AM;51,627.75;51,775.25;147.50;43,948.25
Jun 20, 2023 7:00 AM;Jun 20, 2023 8:00 AM;56,836.75;56,851.25;14.50;46,749.75
Jun 20, 2023 8:00 AM;Jun 20, 2023 9:00 AM;60,257.25;60,266.50;9.25;45,907.00
Jun 20, 2023 9:00 AM;Jun 20, 2023 10:00 AM;60,483.50;60,814.25;330.75;39,956.00
Jun 20, 2023 10:00 AM;Jun 20, 2023 11:00 AM;60,961.25;61,484.25;523.00;34,573.50
Jun 20, 2023 11:00 AM;Jun 20, 2023 12:00 PM;61,978.25;62,793.50;815.25;30,585.25
Jun 20, 2023 12:00 PM;Jun 20, 2023 1:00 PM;61,217.25;63,722.50;2,505.25;26,225.25
Jun 20, 2023 1:00 PM;Jun 20, 2023 2:00 PM;61,330.50;64,376.25;3,045.75;24,492.50
Jun 20, 2023 2:00 PM;Jun 20, 2023 3:00 PM;61,109.75;64,399.25;3,289.50;23,930.50
Jun 20, 2023 3:00 PM;Jun 20, 2023 4:00 PM;60,263.25;63,079.25;2,816.00;25,217.25
Jun 20, 2023 4:00 PM;Jun 20, 2023 5:00 PM;59,787.25;61,990.50;2,203.25;28,757.50
Jun 20, 2023 5:00 PM;Jun 20, 2023 6:00 PM;59,505.75;60,135.00;629.25;33,960.00
Jun 20, 2023 6:00 PM;Jun 20, 2023 7:00 PM;58,895.50;58,906.00;10.50;39,534.00
Jun 20, 2023 7:00 PM;Jun 20, 2023 8:00 PM;58,349.00;58,350.75;1.75;43,786.50
Jun 20, 2023 8:00 PM;Jun 20, 2023 9:00 PM;55,342.25;55,345.00;2.75;42,707.25
Jun 20, 2023 9:00 PM;Jun 20, 2023 10:00 PM;53,460.00;53,566.25;106.25;41,168.00
Jun 20, 2023 10:00 PM;Jun 20, 2023 11:00 PM;50,479.25;50,517.75;38.50;38,421.50
Jun 20, 2023 11:00 PM;Jun 21, 2023 12:00 AM;47,474.25;48,004.00;529.75;36,079.25
Jun 21, 2023 12:00 AM;Jun 21, 2023 1:00 AM;44,857.25;45,476.75;619.50;35,559.75
Jun 21, 2023 1:00 AM;Jun 21, 2023 2:00 AM;43,896.00;44,891.00;995.00;36,120.75
Jun 21, 2023 2:00 AM;Jun 21, 2023 3:00 AM;42,548.75;44,613.00;2,064.25;35,158.75
Jun 21, 2023 3:00 AM;Jun 21, 2023 4:00 AM;42,659.25;45,422.75;2,763.50;34,663.50
Jun 21, 2023 4:00 AM;Jun 21, 2023 5:00 AM;43,456.75;46,513.00;3,056.25;34,453.00
Jun 21, 2023 5:00 AM;Jun 21, 2023 6:00 AM;45,359.25;47,813.50;2,454.25;34,699.00
Jun 21, 2023 6:00 AM;Jun 21, 2023 7:00 AM;52,246.50;53,571.75;1,325.25;38,288.25
Jun 21, 2023 7:00 AM;Jun 21, 2023 8:00 AM;57,106.00;57,166.75;60.75;39,481.50
Jun 21, 2023 8:00 AM;Jun 21, 2023 9:00 AM;60,028.25;60,192.75;164.50;37,060.25
Jun 21, 2023 9:00 AM;Jun 21, 2023 10:00 AM;61,330.00;61,848.25;518.25;31,350.50
Jun 21, 2023 10:00 AM;Jun 21, 2023 11:00 AM;62,248.00;63,228.75;980.75;26,648.00
Jun 21, 2023 11:00 AM;Jun 21, 2023 12:00 PM;63,956.25;65,100.00;1,143.75;26,034.00
Jun 21, 2023 12:00 PM;Jun 21, 2023 1:00 PM;64,164.75;65,361.25;1,196.50;25,188.00
Jun 21, 2023 1:00 PM;Jun 21, 2023 2:00 PM;62,392.75;63,717.75;1,325.00;24,095.50
Jun 21, 2023 2:00 PM;Jun 21, 2023 3:00 PM;61,392.75;63,969.75;2,577.00;23,509.75
Jun 21, 2023 3:00 PM;Jun 21, 2023 4:00 PM;60,788.50;63,496.00;2,707.50;25,219.00
Jun 21, 2023 4:00 PM;Jun 21, 2023 5:00 PM;59,365.75;61,700.50;2,334.75;27,318.75
Jun 21, 2023 5:00 PM;Jun 21, 2023 6:00 PM;59,328.50;60,308.75;980.25;33,471.50
Jun 21, 2023 6:00 PM;Jun 21, 2023 7:00 PM;58,565.75;58,653.75;88.00;41,009.75
Jun 21, 2023 7:00 PM;Jun 21, 2023 8:00 PM;58,037.25;58,045.25;8.00;47,663.75
Jun 21, 2023 8:00 PM;Jun 21, 2023 9:00 PM;55,847.50;55,851.00;3.50;50,339.25
Jun 21, 2023 9:00 PM;Jun 21, 2023 10:00 PM;53,356.75;53,376.25;19.50;49,501.25
Jun 21, 2023 10:00 PM;Jun 21, 2023 11:00 PM;51,282.00;51,335.50;53.50;47,671.50
Jun 21, 2023 11:00 PM;Jun 22, 2023 12:00 AM;47,585.50;47,593.00;7.50;43,919.25
Jun 22, 2023 12:00 AM;Jun 22, 2023 1:00 AM;44,601.25;44,664.25;63.00;40,993.75
Jun 22, 2023 1:00 AM;Jun 22, 2023 2:00 AM;42,626.00;42,752.75;126.75;39,126.25
Jun 22, 2023 2:00 AM;Jun 22, 2023 3:00 AM;41,817.75;42,610.75;793.00;38,619.00
Jun 22, 2023 3:00 AM;Jun 22, 2023 4:00 AM;42,097.50;43,787.75;1,690.25;38,960.00
Jun 22, 2023 4:00 AM;Jun 22, 2023 5:00 AM;42,758.50;44,048.00;1,289.50;38,943.25
Jun 22, 2023 5:00 AM;Jun 22, 2023 6:00 AM;45,009.25;45,644.25;635.00;39,908.50
Jun 22, 2023 6:00 AM;Jun 22, 2023 7:00 AM;51,196.75;51,345.75;149.00;43,359.00
Jun 22, 2023 7:00 AM;Jun 22, 2023 8:00 AM;56,277.00;56,355.75;78.75;44,313.25
Jun 22, 2023 8:00 AM;Jun 22, 2023 9:00 AM;59,748.50;59,923.25;174.75;42,678.25
Jun 22, 2023 9:00 AM;Jun 22, 2023 10:00 AM;60,724.25;61,251.75;527.50;36,420.25
Jun 22, 2023 10:00 AM;Jun 22, 2023 11:00 AM;61,479.75;63,070.00;1,590.25;31,027.75
Jun 22, 2023 11:00 AM;Jun 22, 2023 12:00 PM;62,884.50;64,101.50;1,217.00;28,848.75
Jun 22, 2023 12:00 PM;Jun 22, 2023 1:00 PM;63,018.75;64,869.75;1,851.00;28,244.75
Jun 22, 2023 1:00 PM;Jun 22, 2023 2:00 PM;62,287.50;64,459.75;2,172.25;28,834.00
Jun 22, 2023 2:00 PM;Jun 22, 2023 3:00 PM;60,847.50;62,900.75;2,053.25;29,634.75
Jun 22, 2023 3:00 PM;Jun 22, 2023 4:00 PM;59,853.75;62,314.25;2,460.50;29,719.25
Jun 22, 2023 4:00 PM;Jun 22, 2023 5:00 PM;58,386.25;59,982.25;1,596.00;29,117.00
Jun 22, 2023 5:00 PM;Jun 22, 2023 6:00 PM;58,752.50;59,858.75;1,106.25;31,131.00
Jun 22, 2023 6:00 PM;Jun 22, 2023 7:00 PM;58,580.50;58,733.00;152.50;34,687.50
Jun 22, 2023 7:00 PM;Jun 22, 2023 8:00 PM;57,468.50;57,473.00;4.50;36,599.75
Jun 22, 2023 8:00 PM;Jun 22, 2023 9:00 PM;53,906.25;53,912.00;5.75;34,696.25
Jun 22, 2023 9:00 PM;Jun 22, 2023 10:00 PM;51,196.75;51,417.75;221.00;31,192.25
Jun 22, 2023 10:00 PM;Jun 22, 2023 11:00 PM;49,140.25;49,257.75;117.50;28,123.75
Jun 22, 2023 11:00 PM;Jun 23, 2023 12:00 AM;46,226.50;46,444.00;217.50;24,877.00
Jun 23, 2023 12:00 AM;Jun 23, 2023 1:00 AM;44,643.75;44,814.75;171.00;23,372.50
Jun 23, 2023 1:00 AM;Jun 23, 2023 2:00 AM;42,457.25;42,659.75;202.50;22,207.50
Jun 23, 2023 2:00 AM;Jun 23, 2023 3:00 AM;41,223.75;41,856.75;633.00;21,837.25
Jun 23, 2023 3:00 AM;Jun 23, 2023 4:00 AM;41,090.50;42,511.00;1,420.50;22,204.25
Jun 23, 2023 4:00 AM;Jun 23, 2023 5:00 AM;41,304.00;42,720.50;1,416.50;23,120.75
Jun 23, 2023 5:00 AM;Jun 23, 2023 6:00 AM;43,663.50;44,398.75;735.25;25,636.50
Jun 23, 2023 6:00 AM;Jun 23, 2023 7:00 AM;50,534.75;50,794.75;260.00;31,457.25
Jun 23, 2023 7:00 AM;Jun 23, 2023 8:00 AM;55,823.75;55,828.00;4.25;36,194.00
Jun 23, 2023 8:00 AM;Jun 23, 2023 9:00 AM;58,760.50;58,762.00;1.50;37,716.50
Jun 23, 2023 9:00 AM;Jun 23, 2023 10:00 AM;59,576.25;59,862.50;286.25;35,760.75
Jun 23, 2023 10:00 AM;Jun 23, 2023 11:00 AM;60,424.50;60,959.50;535.00;33,285.50
Jun 23, 2023 11:00 AM;Jun 23, 2023 12:00 PM;60,914.25;61,601.25;687.00;30,942.75
Jun 23, 2023 12:00 PM;Jun 23, 2023 1:00 PM;60,320.50;62,294.00;1,973.50;27,592.50
Jun 23, 2023 1:00 PM;Jun 23, 2023 2:00 PM;59,037.75;62,433.00;3,395.25;24,671.75
Jun 23, 2023 2:00 PM;Jun 23, 2023 3:00 PM;57,351.00;60,680.50;3,329.50;23,439.25
Jun 23, 2023 3:00 PM;Jun 23, 2023 4:00 PM;56,405.50;59,707.75;3,302.25;22,903.25
Jun 23, 2023 4:00 PM;Jun 23, 2023 5:00 PM;55,691.00;58,805.75;3,114.75;24,087.25
Jun 23, 2023 5:00 PM;Jun 23, 2023 6:00 PM;55,617.50;56,800.75;1,183.25;27,976.00
Jun 23, 2023 6:00 PM;Jun 23, 2023 7:00 PM;55,439.25;55,794.25;355.00;32,884.75
Jun 23, 2023 7:00 PM;Jun 23, 2023 8:00 PM;54,428.00;54,476.75;48.75;38,320.75
Jun 23, 2023 8:00 PM;Jun 23, 2023 9:00 PM;51,832.25;51,836.75;4.50;41,500.50
Jun 23, 2023 9:00 PM;Jun 23, 2023 10:00 PM;49,376.75;49,379.50;2.75;42,316.00
Jun 23, 2023 10:00 PM;Jun 23, 2023 11:00 PM;47,312.00;47,316.50;4.50;41,266.75
Jun 23, 2023 11:00 PM;Jun 24, 2023 12:00 AM;44,166.00;44,208.75;42.75;38,152.75
Jun 24, 2023 12:00 AM;Jun 24, 2023 1:00 AM;41,689.25;42,022.25;333.00;35,923.00
Jun 24, 2023 1:00 AM;Jun 24, 2023 2:00 AM;39,580.00;39,936.50;356.50;34,091.75
Jun 24, 2023 2:00 AM;Jun 24, 2023 3:00 AM;37,919.75;38,109.25;189.50;32,721.75
Jun 24, 2023 3:00 AM;Jun 24, 2023 4:00 AM;37,044.50;37,187.25;142.75;32,123.50
Jun 24, 2023 4:00 AM;Jun 24, 2023 5:00 AM;36,754.75;36,855.25;100.50;32,052.50
Jun 24, 2023 5:00 AM;Jun 24, 2023 6:00 AM;36,789.00;36,975.75;186.75;31,852.50
Jun 24, 2023 6:00 AM;Jun 24, 2023 7:00 AM;38,753.25;38,773.00;19.75;32,032.75
Jun 24, 2023 7:00 AM;Jun 24, 2023 8:00 AM;41,495.25;41,761.75;266.50;30,469.50
Jun 24, 2023 8:00 AM;Jun 24, 2023 9:00 AM;45,025.50;45,928.75;903.25;27,123.50
Jun 24, 2023 9:00 AM;Jun 24, 2023 10:00 AM;46,978.25;48,110.75;1,132.50;21,182.25
Jun 24, 2023 10:00 AM;Jun 24, 2023 11:00 AM;48,509.50;50,741.25;2,231.75;15,405.25
Jun 24, 2023 11:00 AM;Jun 24, 2023 12:00 PM;49,608.00;53,106.00;3,498.00;11,344.25
Jun 24, 2023 12:00 PM;Jun 24, 2023 1:00 PM;49,129.25;53,094.50;3,965.25;8,670.75
Jun 24, 2023 1:00 PM;Jun 24, 2023 2:00 PM;47,835.00;51,788.00;3,953.00;6,801.50
Jun 24, 2023 2:00 PM;Jun 24, 2023 3:00 PM;46,528.00;50,546.25;4,018.25;6,736.25
Jun 24, 2023 3:00 PM;Jun 24, 2023 4:00 PM;45,923.75;49,272.25;3,348.50;9,337.00
Jun 24, 2023 4:00 PM;Jun 24, 2023 5:00 PM;45,721.75;48,269.00;2,547.25;14,346.50
Jun 24, 2023 5:00 PM;Jun 24, 2023 6:00 PM;46,064.50;47,304.75;1,240.25;22,100.75
Jun 24, 2023 6:00 PM;Jun 24, 2023 7:00 PM;46,148.75;46,527.00;378.25;30,730.75
Jun 24, 2023 7:00 PM;Jun 24, 2023 8:00 PM;45,513.25;45,549.25;36.00;37,655.50
Jun 24, 2023 8:00 PM;Jun 24, 2023 9:00 PM;44,179.50;44,185.00;5.50;40,934.75
Jun 24, 2023 9:00 PM;Jun 24, 2023 10:00 PM;42,512.25;42,517.00;4.75;41,101.25
Jun 24, 2023 10:00 PM;Jun 24, 2023 11:00 PM;41,560.75;41,566.00;5.25;40,383.50
Jun 24, 2023 11:00 PM;Jun 25, 2023 12:00 AM;39,403.50;39,424.50;21.00;37,992.50
Jun 25, 2023 12:00 AM;Jun 25, 2023 1:00 AM;37,068.75;37,254.00;185.25;35,423.00
Jun 25, 2023 1:00 AM;Jun 25, 2023 2:00 AM;35,141.50;35,424.25;282.75;33,397.25
Jun 25, 2023 2:00 AM;Jun 25, 2023 3:00 AM;33,997.25;34,114.50;117.25;32,189.50
Jun 25, 2023 3:00 AM;Jun 25, 2023 4:00 AM;33,527.50;33,716.25;188.75;31,626.25
Jun 25, 2023 4:00 AM;Jun 25, 2023 5:00 AM;33,194.00;33,380.50;186.50;31,184.75
Jun 25, 2023 5:00 AM;Jun 25, 2023 6:00 AM;32,748.00;33,014.75;266.75;30,052.75
Jun 25, 2023 6:00 AM;Jun 25, 2023 7:00 AM;34,023.75;34,522.50;498.75;28,818.00
Jun 25, 2023 7:00 AM;Jun 25, 2023 8:00 AM;36,690.25;37,516.50;826.25;26,159.75
Jun 25, 2023 8:00 AM;Jun 25, 2023 9:00 AM;39,770.25;41,348.00;1,577.75;21,869.50
Jun 25, 2023 9:00 AM;Jun 25, 2023 10:00 AM;41,981.00;43,971.75;1,990.75;16,073.25
Jun 25, 2023 10:00 AM;Jun 25, 2023 11:00 AM;43,679.00;46,161.25;2,482.25;11,272.00
Jun 25, 2023 11:00 AM;Jun 25, 2023 12:00 PM;45,086.50;48,965.25;3,878.75;8,444.25
Jun 25, 2023 12:00 PM;Jun 25, 2023 1:00 PM;44,843.00;48,601.00;3,758.00;6,367.25
Jun 25, 2023 1:00 PM;Jun 25, 2023 2:00 PM;43,629.75;47,587.50;3,957.75;5,188.75
Jun 25, 2023 2:00 PM;Jun 25, 2023 3:00 PM;42,469.00;46,553.25;4,084.25;5,852.50
Jun 25, 2023 3:00 PM;Jun 25, 2023 4:00 PM;41,693.50;45,262.75;3,569.25;8,002.25
Jun 25, 2023 4:00 PM;Jun 25, 2023 5:00 PM;41,399.75;44,133.75;2,734.00;12,247.50
Jun 25, 2023 5:00 PM;Jun 25, 2023 6:00 PM;42,906.50;44,939.75;2,033.25;19,688.00
Jun 25, 2023 6:00 PM;Jun 25, 2023 7:00 PM;44,318.50;44,535.00;216.50;28,673.00
Jun 25, 2023 7:00 PM;Jun 25, 2023 8:00 PM;46,000.25;46,042.75;42.50;37,567.25
Jun 25, 2023 8:00 PM;Jun 25, 2023 9:00 PM;45,610.25;45,612.25;2.00;40,908.25
Jun 25, 2023 9:00 PM;Jun 25, 2023 10:00 PM;44,889.00;44,890.00;1.00;40,646.00
Jun 25, 2023 10:00 PM;Jun 25, 2023 11:00 PM;45,258.25;45,271.50;13.25;39,498.00
Jun 25, 2023 11:00 PM;Jun 26, 2023 12:00 AM;42,131.00;42,348.00;217.00;34,353.75
Jun 26, 2023 12:00 AM;Jun 26, 2023 1:00 AM;39,135.50;39,422.75;287.25;29,702.00
Jun 26, 2023 1:00 AM;Jun 26, 2023 2:00 AM;37,953.00;38,586.25;633.25;27,399.75
Jun 26, 2023 2:00 AM;Jun 26, 2023 3:00 AM;37,209.75;38,230.75;1,021.00;25,407.00
Jun 26, 2023 3:00 AM;Jun 26, 2023 4:00 AM;37,444.25;39,380.75;1,936.50;24,181.00
Jun 26, 2023 4:00 AM;Jun 26, 2023 5:00 AM;38,497.00;39,958.25;1,461.25;24,262.50
Jun 26, 2023 5:00 AM;Jun 26, 2023 6:00 AM;41,532.75;42,643.00;1,110.25;27,438.25
Jun 26, 2023 6:00 AM;Jun 26, 2023 7:00 AM;48,973.25;49,053.25;80.00;32,713.00
Jun 26, 2023 7:00 AM;Jun 26, 2023 8:00 AM;54,465.50;54,478.75;13.25;33,346.25
Jun 26, 2023 8:00 AM;Jun 26, 2023 9:00 AM;58,216.25;59,166.75;950.50;29,859.50
Jun 26, 2023 9:00 AM;Jun 26, 2023 10:00 AM;60,028.00;62,134.00;2,106.00;22,940.50
Jun 26, 2023 10:00 AM;Jun 26, 2023 11:00 AM;61,263.00;63,541.50;2,278.50;15,410.00
Jun 26, 2023 11:00 AM;Jun 26, 2023 12:00 PM;61,629.00;64,236.75;2,607.75;11,543.25
Jun 26, 2023 12:00 PM;Jun 26, 2023 1:00 PM;61,468.50;64,076.25;2,607.75;6,801.00
Jun 26, 2023 1:00 PM;Jun 26, 2023 2:00 PM;61,096.25;64,322.00;3,225.75;5,474.50
Jun 26, 2023 2:00 PM;Jun 26, 2023 3:00 PM;60,199.75;63,971.50;3,771.75;3,403.00
Jun 26, 2023 3:00 PM;Jun 26, 2023 4:00 PM;59,358.00;62,918.25;3,560.25;4,578.25
Jun 26, 2023 4:00 PM;Jun 26, 2023 5:00 PM;58,374.50;61,510.25;3,135.75;7,154.00
Jun 26, 2023 5:00 PM;Jun 26, 2023 6:00 PM;58,399.25;60,390.75;1,991.50;12,377.00
Jun 26, 2023 6:00 PM;Jun 26, 2023 7:00 PM;57,866.50;58,627.50;761.00;18,665.75
Jun 26, 2023 7:00 PM;Jun 26, 2023 8:00 PM;56,970.75;57,164.25;193.50;25,942.50
Jun 26, 2023 8:00 PM;Jun 26, 2023 9:00 PM;55,710.50;55,716.50;6.00;30,900.50
Jun 26, 2023 9:00 PM;Jun 26, 2023 10:00 PM;53,744.00;53,751.25;7.25;32,339.50
Jun 26, 2023 10:00 PM;Jun 26, 2023 11:00 PM;51,750.00;51,759.75;9.75;32,633.75
Jun 26, 2023 11:00 PM;Jun 27, 2023 12:00 AM;47,947.75;48,124.75;177.00;29,175.25
Jun 27, 2023 12:00 AM;Jun 27, 2023 1:00 AM;45,644.25;46,815.75;1,171.50;26,110.00
Jun 27, 2023 1:00 AM;Jun 27, 2023 2:00 AM;43,362.50;44,707.00;1,344.50;25,205.75
Jun 27, 2023 2:00 AM;Jun 27, 2023 3:00 AM;42,397.00;44,331.00;1,934.00;24,884.50
Jun 27, 2023 3:00 AM;Jun 27, 2023 4:00 AM;42,511.75;45,233.50;2,721.75;25,651.00
Jun 27, 2023 4:00 AM;Jun 27, 2023 5:00 AM;43,123.00;45,107.75;1,984.75;26,469.75
Jun 27, 2023 5:00 AM;Jun 27, 2023 6:00 AM;45,074.25;46,040.25;966.00;28,936.75
Jun 27, 2023 6:00 AM;Jun 27, 2023 7:00 AM;51,949.00;52,284.00;335.00;35,194.00
Jun 27, 2023 7:00 AM;Jun 27, 2023 8:00 AM;56,363.00;56,370.50;7.50;37,387.75
Jun 27, 2023 8:00 AM;Jun 27, 2023 9:00 AM;58,689.50;58,733.50;44.00;33,351.50
Jun 27, 2023 9:00 AM;Jun 27, 2023 10:00 AM;59,088.75;59,599.75;511.00;24,652.50
Jun 27, 2023 10:00 AM;Jun 27, 2023 11:00 AM;59,570.00;60,871.00;1,301.00;18,134.50
Jun 27, 2023 11:00 AM;Jun 27, 2023 12:00 PM;60,872.50;62,266.50;1,394.00;16,433.00
Jun 27, 2023 12:00 PM;Jun 27, 2023 1:00 PM;59,776.25;61,239.50;1,463.25;14,427.75
Jun 27, 2023 1:00 PM;Jun 27, 2023 2:00 PM;59,012.50;62,540.25;3,527.75;12,255.25
Jun 27, 2023 2:00 PM;Jun 27, 2023 3:00 PM;58,078.25;62,262.75;4,184.50;11,754.25
Jun 27, 2023 3:00 PM;Jun 27, 2023 4:00 PM;57,598.50;61,037.00;3,438.50;12,997.25
Jun 27, 2023 4:00 PM;Jun 27, 2023 5:00 PM;56,244.00;58,339.50;2,095.50;15,559.50
Jun 27, 2023 5:00 PM;Jun 27, 2023 6:00 PM;57,374.00;58,012.50;638.50;22,998.00
Jun 27, 2023 6:00 PM;Jun 27, 2023 7:00 PM;57,583.75;57,804.25;220.50;28,976.25
Jun 27, 2023 7:00 PM;Jun 27, 2023 8:00 PM;57,042.25;57,120.75;78.50;35,754.25
Jun 27, 2023 8:00 PM;Jun 27, 2023 9:00 PM;55,447.25;55,454.75;7.50;39,556.75
Jun 27, 2023 9:00 PM;Jun 27, 2023 10:00 PM;53,541.00;53,589.75;48.75;40,100.50
Jun 27, 2023 10:00 PM;Jun 27, 2023 11:00 PM;51,453.00;51,525.50;72.50;38,763.00
Jun 27, 2023 11:00 PM;Jun 28, 2023 12:00 AM;48,532.50;49,886.75;1,354.25;36,166.00
Jun 28, 2023 12:00 AM;Jun 28, 2023 1:00 AM;44,956.25;45,571.00;614.75;32,825.25
Jun 28, 2023 1:00 AM;Jun 28, 2023 2:00 AM;43,001.50;44,990.25;1,988.75;31,076.25
Jun 28, 2023 2:00 AM;Jun 28, 2023 3:00 AM;42,417.50;45,180.25;2,762.75;30,709.50
Jun 28, 2023 3:00 AM;Jun 28, 2023 4:00 AM;42,523.00;45,164.50;2,641.50;30,752.75
Jun 28, 2023 4:00 AM;Jun 28, 2023 5:00 AM;42,949.75;44,911.50;1,961.75;31,716.50
Jun 28, 2023 5:00 AM;Jun 28, 2023 6:00 AM;45,444.75;46,514.75;1,070.00;34,805.00
Jun 28, 2023 6:00 AM;Jun 28, 2023 7:00 AM;52,285.25;52,550.50;265.25;41,177.75
Jun 28, 2023 7:00 AM;Jun 28, 2023 8:00 AM;57,205.50;57,214.50;9.00;43,568.50
Jun 28, 2023 8:00 AM;Jun 28, 2023 9:00 AM;59,551.00;59,695.25;144.25;40,489.50
Jun 28, 2023 9:00 AM;Jun 28, 2023 10:00 AM;59,754.25;60,126.75;372.50;34,966.75
Jun 28, 2023 10:00 AM;Jun 28, 2023 11:00 AM;60,124.25;60,916.50;792.25;30,167.75
Jun 28, 2023 11:00 AM;Jun 28, 2023 12:00 PM;60,921.25;62,962.50;2,041.25;27,393.25
Jun 28, 2023 12:00 PM;Jun 28, 2023 1:00 PM;60,158.75;62,751.00;2,592.25;24,731.50
Jun 28, 2023 1:00 PM;Jun 28, 2023 2:00 PM;58,942.75;61,857.00;2,914.25;22,947.00
Jun 28, 2023 2:00 PM;Jun 28, 2023 3:00 PM;57,876.50;60,359.00;2,482.50;22,715.00
Jun 28, 2023 3:00 PM;Jun 28, 2023 4:00 PM;57,022.00;59,075.50;2,053.50;24,014.50
Jun 28, 2023 4:00 PM;Jun 28, 2023 5:00 PM;56,254.00;57,988.50;1,734.50;27,044.50
Jun 28, 2023 5:00 PM;Jun 28, 2023 6:00 PM;56,289.00;56,992.00;703.00;32,656.75
Jun 28, 2023 6:00 PM;Jun 28, 2023 7:00 PM;55,927.50;56,061.75;134.25;39,863.00
Jun 28, 2023 7:00 PM;Jun 28, 2023 8:00 PM;55,443.00;55,450.50;7.50;46,678.75
Jun 28, 2023 8:00 PM;Jun 28, 2023 9:00 PM;53,363.25;53,372.00;8.75;49,072.25
Jun 28, 2023 9:00 PM;Jun 28, 2023 10:00 PM;51,296.00;51,306.25;10.25;48,778.50
Jun 28, 2023 10:00 PM;Jun 28, 2023 11:00 PM;49,295.75;49,318.50;22.75;47,040.50
Jun 28, 2023 11:00 PM;Jun 29, 2023 12:00 AM;46,244.50;46,576.75;332.25;44,077.75
Jun 29, 2023 12:00 AM;Jun 29, 2023 1:00 AM;43,571.75;43,700.75;129.00;41,346.00
Jun 29, 2023 1:00 AM;Jun 29, 2023 2:00 AM;41,846.00;42,160.75;314.75;39,563.75
Jun 29, 2023 2:00 AM;Jun 29, 2023 3:00 AM;40,750.50;42,134.75;1,384.25;38,652.25
Jun 29, 2023 3:00 AM;Jun 29, 2023 4:00 AM;40,565.25;41,970.75;1,405.50;38,877.00
Jun 29, 2023 4:00 AM;Jun 29, 2023 5:00 AM;41,329.75;42,718.75;1,389.00;39,459.50
Jun 29, 2023 5:00 AM;Jun 29, 2023 6:00 AM;43,675.75;44,350.75;675.00;40,830.25
Jun 29, 2023 6:00 AM;Jun 29, 2023 7:00 AM;50,485.75;50,575.75;90.00;44,975.75
Jun 29, 2023 7:00 AM;Jun 29, 2023 8:00 AM;55,670.50;55,771.50;101.00;45,347.00
Jun 29, 2023 8:00 AM;Jun 29, 2023 9:00 AM;58,836.25;58,838.25;2.00;42,693.00
Jun 29, 2023 9:00 AM;Jun 29, 2023 10:00 AM;60,313.25;60,738.75;425.50;37,876.75
Jun 29, 2023 10:00 AM;Jun 29, 2023 11:00 AM;60,878.25;62,041.75;1,163.50;33,576.50
Jun 29, 2023 11:00 AM;Jun 29, 2023 12:00 PM;61,500.25;62,917.75;1,417.50;31,104.25
Jun 29, 2023 12:00 PM;Jun 29, 2023 1:00 PM;61,425.75;63,278.00;1,852.25;29,579.75
Jun 29, 2023 1:00 PM;Jun 29, 2023 2:00 PM;61,221.00;63,968.00;2,747.00;30,388.50
Jun 29, 2023 2:00 PM;Jun 29, 2023 3:00 PM;59,694.25;61,999.25;2,305.00;31,113.25
Jun 29, 2023 3:00 PM;Jun 29, 2023 4:00 PM;58,516.75;60,935.00;2,418.25;32,902.00
Jun 29, 2023 4:00 PM;Jun 29, 2023 5:00 PM;57,817.00;59,352.75;1,535.75;36,147.50
Jun 29, 2023 5:00 PM;Jun 29, 2023 6:00 PM;57,735.50;58,277.25;541.75;40,489.75
Jun 29, 2023 6:00 PM;Jun 29, 2023 7:00 PM;57,625.25;58,034.75;409.50;44,409.00
Jun 29, 2023 7:00 PM;Jun 29, 2023 8:00 PM;56,722.00;56,850.25;128.25;47,966.00
Jun 29, 2023 8:00 PM;Jun 29, 2023 9:00 PM;54,772.75;55,025.00;252.25;48,579.25
Jun 29, 2023 9:00 PM;Jun 29, 2023 10:00 PM;52,338.50;52,454.25;115.75;47,535.00
Jun 29, 2023 10:00 PM;Jun 29, 2023 11:00 PM;50,013.50;50,179.00;165.50;45,638.50
Jun 29, 2023 11:00 PM;Jun 30, 2023 12:00 AM;46,808.50;47,193.00;384.50;42,477.25
Jun 30, 2023 12:00 AM;Jun 30, 2023 1:00 AM;43,963.25;44,138.50;175.25;39,979.75
Jun 30, 2023 1:00 AM;Jun 30, 2023 2:00 AM;42,421.50;42,686.50;265.00;38,657.75
Jun 30, 2023 2:00 AM;Jun 30, 2023 3:00 AM;41,323.00;42,340.50;1,017.50;37,529.25
Jun 30, 2023 3:00 AM;Jun 30, 2023 4:00 AM;41,803.50;43,567.25;1,763.75;37,803.25
Jun 30, 2023 4:00 AM;Jun 30, 2023 5:00 AM;42,348.25;43,990.75;1,642.50;38,346.50
Jun 30, 2023 5:00 AM;Jun 30, 2023 6:00 AM;44,566.25;45,451.50;885.25;40,440.25
Jun 30, 2023 6:00 AM;Jun 30, 2023 7:00 AM;51,136.75;51,356.00;219.25;45,937.50
Jun 30, 2023 7:00 AM;Jun 30, 2023 8:00 AM;56,298.00;56,310.25;12.25;48,841.75
Jun 30, 2023 8:00 AM;Jun 30, 2023 9:00 AM;58,867.00;58,880.75;13.75;48,412.50
Jun 30, 2023 9:00 AM;Jun 30, 2023 10:00 AM;59,668.75;59,697.75;29.00;45,376.75
Jun 30, 2023 10:00 AM;Jun 30, 2023 11:00 AM;60,438.00;60,458.00;20.00;43,029.75
Jun 30, 2023 11:00 AM;Jun 30, 2023 12:00 PM;61,029.75;61,099.00;69.25;41,031.00
Jun 30, 2023 12:00 PM;Jun 30, 2023 1:00 PM;59,890.50;60,627.00;736.50;37,259.25
Jun 30, 2023 1:00 PM;Jun 30, 2023 2:00 PM;58,346.00;59,871.75;1,525.75;33,673.00
Jun 30, 2023 2:00 PM;Jun 30, 2023 3:00 PM;56,380.50;58,549.25;2,168.75;30,651.25
Jun 30, 2023 3:00 PM;Jun 30, 2023 4:00 PM;55,650.25;58,390.75;2,740.50;30,105.25
Jun 30, 2023 4:00 PM;Jun 30, 2023 5:00 PM;55,071.50;56,979.75;1,908.25;32,277.25
Jun 30, 2023 5:00 PM;Jun 30, 2023 6:00 PM;54,870.00;55,202.00;332.00;36,604.25
Jun 30, 2023 6:00 PM;Jun 30, 2023 7:00 PM;54,676.25;54,795.00;118.75;42,008.50
Jun 30, 2023 7:00 PM;Jun 30, 2023 8:00 PM;53,529.25;53,547.75;18.50;45,881.25
Jun 30, 2023 8:00 PM;Jun 30, 2023 9:00 PM;51,294.50;51,310.25;15.75;46,677.00
Jun 30, 2023 9:00 PM;Jun 30, 2023 10:00 PM;48,898.00;49,054.25;156.25;44,216.00
Jun 30, 2023 10:00 PM;Jun 30, 2023 11:00 PM;46,791.00;46,939.25;148.25;41,320.75
Jun 30, 2023 11:00 PM;Jul 1, 2023 12:00 AM;43,714.25;44,137.75;423.50;36,232.25
Jul 1, 2023 12:00 AM;Jul 1, 2023 1:00 AM;40,858.00;41,220.50;362.50;31,930.50
Jul 1, 2023 1:00 AM;Jul 1, 2023 2:00 AM;38,847.00;39,111.25;264.25;27,980.25
Jul 1, 2023 2:00 AM;Jul 1, 2023 3:00 AM;37,607.25;38,142.50;535.25;24,324.00
Jul 1, 2023 3:00 AM;Jul 1, 2023 4:00 AM;37,016.50;37,606.50;590.00;22,119.00
Jul 1, 2023 4:00 AM;Jul 1, 2023 5:00 AM;37,084.00;38,069.75;985.75;20,362.00
Jul 1, 2023 5:00 AM;Jul 1, 2023 6:00 AM;37,744.50;38,677.50;933.00;18,953.25
Jul 1, 2023 6:00 AM;Jul 1, 2023 7:00 AM;39,723.25;40,882.00;1,158.75;17,950.75
Jul 1, 2023 7:00 AM;Jul 1, 2023 8:00 AM;42,129.00;43,179.50;1,050.50;17,248.25
Jul 1, 2023 8:00 AM;Jul 1, 2023 9:00 AM;45,104.75;46,315.00;1,210.25;15,000.00
Jul 1, 2023 9:00 AM;Jul 1, 2023 10:00 AM;47,750.00;50,298.00;2,548.00;11,113.50
Jul 1, 2023 10:00 AM;Jul 1, 2023 11:00 AM;49,974.25;53,290.25;3,316.00;8,520.50
Jul 1, 2023 11:00 AM;Jul 1, 2023 12:00 PM;51,320.25;54,483.00;3,162.75;7,148.75
Jul 1, 2023 12:00 PM;Jul 1, 2023 1:00 PM;50,875.75;54,226.50;3,350.75;5,475.75
Jul 1, 2023 1:00 PM;Jul 1, 2023 2:00 PM;49,451.50;53,144.25;3,692.75;4,915.75
Jul 1, 2023 2:00 PM;Jul 1, 2023 3:00 PM;47,946.25;51,678.50;3,732.25;5,815.75
Jul 1, 2023 3:00 PM;Jul 1, 2023 4:00 PM;47,280.00;50,356.00;3,076.00;7,273.75
Jul 1, 2023 4:00 PM;Jul 1, 2023 5:00 PM;46,836.25;49,563.25;2,727.00;8,486.00
Jul 1, 2023 5:00 PM;Jul 1, 2023 6:00 PM;47,270.50;49,674.25;2,403.75;13,019.75
Jul 1, 2023 6:00 PM;Jul 1, 2023 7:00 PM;47,690.50;49,076.25;1,385.75;17,050.00
Jul 1, 2023 7:00 PM;Jul 1, 2023 8:00 PM;47,107.75;47,528.25;420.50;20,155.00
Jul 1, 2023 8:00 PM;Jul 1, 2023 9:00 PM;45,504.00;45,804.50;300.50;20,728.00
Jul 1, 2023 9:00 PM;Jul 1, 2023 10:00 PM;43,820.75;44,105.25;284.50;20,323.50
Jul 1, 2023 10:00 PM;Jul 1, 2023 11:00 PM;42,718.00;42,903.75;185.75;19,297.50
Jul 1, 2023 11:00 PM;Jul 2, 2023 12:00 AM;40,309.75;40,709.50;399.75;16,275.00
Jul 2, 2023 12:00 AM;Jul 2, 2023 1:00 AM;38,379.00;38,703.00;324.00;13,831.75
Jul 2, 2023 1:00 AM;Jul 2, 2023 2:00 AM;36,763.00;37,548.50;785.50;11,602.00
Jul 2, 2023 2:00 AM;Jul 2, 2023 3:00 AM;35,726.75;36,894.75;1,168.00;10,778.25
Jul 2, 2023 3:00 AM;Jul 2, 2023 4:00 AM;35,447.50;36,841.25;1,393.75;10,360.50
Jul 2, 2023 4:00 AM;Jul 2, 2023 5:00 AM;34,885.00;35,991.75;1,106.75;11,349.75
Jul 2, 2023 5:00 AM;Jul 2, 2023 6:00 AM;34,887.25;36,505.50;1,618.25;10,930.50
Jul 2, 2023 6:00 AM;Jul 2, 2023 7:00 AM;35,938.00;37,552.00;1,614.00;10,200.75
Jul 2, 2023 7:00 AM;Jul 2, 2023 8:00 AM;38,144.75;40,328.25;2,183.50;8,626.00
Jul 2, 2023 8:00 AM;Jul 2, 2023 9:00 AM;41,337.25;43,446.00;2,108.75;7,573.25
Jul 2, 2023 9:00 AM;Jul 2, 2023 10:00 AM;43,771.50;45,956.50;2,185.00;3,216.75
Jul 2, 2023 10:00 AM;Jul 2, 2023 11:00 AM;45,671.00;48,354.25;2,683.25;1,590.75
Jul 2, 2023 11:00 AM;Jul 2, 2023 12:00 PM;47,605.50;50,785.50;3,180.00;-687.50
Jul 2, 2023 12:00 PM;Jul 2, 2023 1:00 PM;46,959.75;50,413.75;3,454.00;-1,629.50
Jul 2, 2023 1:00 PM;Jul 2, 2023 2:00 PM;45,618.75;50,234.25;4,615.50;-404.25
Jul 2, 2023 2:00 PM;Jul 2, 2023 3:00 PM;43,526.25;47,325.25;3,799.00;-1,184.50
Jul 2, 2023 3:00 PM;Jul 2, 2023 4:00 PM;42,839.25;46,693.00;3,853.75;-2,519.25
Jul 2, 2023 4:00 PM;Jul 2, 2023 5:00 PM;43,253.00;46,773.50;3,520.50;-1,521.75
Jul 2, 2023 5:00 PM;Jul 2, 2023 6:00 PM;44,753.50;47,070.25;2,316.75;417.75
Jul 2, 2023 6:00 PM;Jul 2, 2023 7:00 PM;46,000.00;48,078.25;2,078.25;5,172.75
Jul 2, 2023 7:00 PM;Jul 2, 2023 8:00 PM;47,014.50;47,889.50;875.00;12,222.00
Jul 2, 2023 8:00 PM;Jul 2, 2023 9:00 PM;45,951.50;46,166.50;215.00;20,906.00
Jul 2, 2023 9:00 PM;Jul 2, 2023 10:00 PM;45,341.00;45,477.00;136.00;24,171.25
Jul 2, 2023 10:00 PM;Jul 2, 2023 11:00 PM;45,167.00;45,178.25;11.25;25,651.50
Jul 2, 2023 11:00 PM;Jul 3, 2023 12:00 AM;42,708.75;42,809.50;100.75;22,407.75
Jul 3, 2023 12:00 AM;Jul 3, 2023 1:00 AM;40,123.25;40,891.00;767.75;19,594.25
Jul 3, 2023 1:00 AM;Jul 3, 2023 2:00 AM;39,012.00;40,438.25;1,426.25;18,214.50
Jul 3, 2023 2:00 AM;Jul 3, 2023 3:00 AM;38,149.25;40,404.75;2,255.50;16,233.75
Jul 3, 2023 3:00 AM;Jul 3, 2023 4:00 AM;38,343.00;41,032.75;2,689.75;15,382.75
Jul 3, 2023 4:00 AM;Jul 3, 2023 5:00 AM;39,561.75;41,996.50;2,434.75;15,898.50
Jul 3, 2023 5:00 AM;Jul 3, 2023 6:00 AM;42,805.00;43,928.00;1,123.00;18,433.75
Jul 3, 2023 6:00 AM;Jul 3, 2023 7:00 AM;50,282.75;50,537.00;254.25;23,461.00
Jul 3, 2023 7:00 AM;Jul 3, 2023 8:00 AM;55,360.50;55,417.50;57.00;25,507.75
Jul 3, 2023 8:00 AM;Jul 3, 2023 9:00 AM;59,171.00;59,207.25;36.25;22,233.00
Jul 3, 2023 9:00 AM;Jul 3, 2023 10:00 AM;60,893.25;61,065.75;172.50;15,207.25
Jul 3, 2023 10:00 AM;Jul 3, 2023 11:00 AM;61,953.25;62,642.75;689.50;9,648.75
Jul 3, 2023 11:00 AM;Jul 3, 2023 12:00 PM;62,220.25;64,323.75;2,103.50;8,129.25
Jul 3, 2023 12:00 PM;Jul 3, 2023 1:00 PM;62,376.50;64,584.25;2,207.75;6,270.50
Jul 3, 2023 1:00 PM;Jul 3, 2023 2:00 PM;61,148.50;64,623.75;3,475.25;4,805.00
Jul 3, 2023 2:00 PM;Jul 3, 2023 3:00 PM;59,233.75;62,475.25;3,241.50;3,705.75
Jul 3, 2023 3:00 PM;Jul 3, 2023 4:00 PM;58,812.50;61,449.00;2,636.50;5,499.75
Jul 3, 2023 4:00 PM;Jul 3, 2023 5:00 PM;58,334.50;60,006.50;1,672.00;9,805.00
Jul 3, 2023 5:00 PM;Jul 3, 2023 6:00 PM;58,576.25;60,095.75;1,519.50;14,844.50
Jul 3, 2023 6:00 PM;Jul 3, 2023 7:00 PM;58,095.75;58,771.50;675.75;22,574.75
Jul 3, 2023 7:00 PM;Jul 3, 2023 8:00 PM;57,059.25;57,220.00;160.75;30,406.25
Jul 3, 2023 8:00 PM;Jul 3, 2023 9:00 PM;54,570.75;54,571.75;1.00;34,873.75
Jul 3, 2023 9:00 PM;Jul 3, 2023 10:00 PM;52,076.00;52,239.50;163.50;34,353.00
Jul 3, 2023 10:00 PM;Jul 3, 2023 11:00 PM;49,206.00;49,369.75;163.75;30,030.25
Jul 3, 2023 11:00 PM;Jul 4, 2023 12:00 AM;46,047.25;46,706.25;659.00;23,253.50
Jul 4, 2023 12:00 AM;Jul 4, 2023 1:00 AM;44,110.25;45,414.50;1,304.25;18,288.75
Jul 4, 2023 1:00 AM;Jul 4, 2023 2:00 AM;43,651.75;45,830.00;2,178.25;14,444.75
Jul 4, 2023 2:00 AM;Jul 4, 2023 3:00 AM;42,776.75;45,317.50;2,540.75;14,166.25
Jul 4, 2023 3:00 AM;Jul 4, 2023 4:00 AM;42,482.50;44,443.00;1,960.50;14,745.50
Jul 4, 2023 4:00 AM;Jul 4, 2023 5:00 AM;43,428.00;44,936.75;1,508.75;17,130.00
Jul 4, 2023 5:00 AM;Jul 4, 2023 6:00 AM;46,010.00;47,081.25;1,071.25;19,882.50
Jul 4, 2023 6:00 AM;Jul 4, 2023 7:00 AM;52,457.25;52,608.75;151.50;25,585.25
Jul 4, 2023 7:00 AM;Jul 4, 2023 8:00 AM;57,260.75;57,278.25;17.50;27,602.25
Jul 4, 2023 8:00 AM;Jul 4, 2023 9:00 AM;59,663.25;59,971.25;308.00;22,244.00
Jul 4, 2023 9:00 AM;Jul 4, 2023 10:00 AM;60,649.50;61,545.50;896.00;14,731.00
Jul 4, 2023 10:00 AM;Jul 4, 2023 11:00 AM;60,877.50;61,760.50;883.00;10,530.75
Jul 4, 2023 11:00 AM;Jul 4, 2023 12:00 PM;61,526.00;62,676.00;1,150.00;7,186.75
Jul 4, 2023 12:00 PM;Jul 4, 2023 1:00 PM;60,415.75;61,910.00;1,494.25;5,114.75
Jul 4, 2023 1:00 PM;Jul 4, 2023 2:00 PM;59,821.00;61,453.50;1,632.50;5,236.00
Jul 4, 2023 2:00 PM;Jul 4, 2023 3:00 PM;58,748.75;60,037.75;1,289.00;6,750.00
Jul 4, 2023 3:00 PM;Jul 4, 2023 4:00 PM;57,941.25;59,527.00;1,585.75;8,471.00
Jul 4, 2023 4:00 PM;Jul 4, 2023 5:00 PM;57,880.00;59,266.25;1,386.25;13,649.00
Jul 4, 2023 5:00 PM;Jul 4, 2023 6:00 PM;58,370.00;58,982.00;612.00;21,118.75
Jul 4, 2023 6:00 PM;Jul 4, 2023 7:00 PM;58,787.25;58,998.25;211.00;31,019.25
Jul 4, 2023 7:00 PM;Jul 4, 2023 8:00 PM;57,712.75;57,725.75;13.00;41,685.25
Jul 4, 2023 8:00 PM;Jul 4, 2023 9:00 PM;55,520.25;55,532.00;11.75;46,904.00
Jul 4, 2023 9:00 PM;Jul 4, 2023 10:00 PM;52,726.00;52,736.25;10.25;47,692.25
Jul 4, 2023 10:00 PM;Jul 4, 2023 11:00 PM;50,425.75;50,434.50;8.75;45,961.50
Jul 4, 2023 11:00 PM;Jul 5, 2023 12:00 AM;46,501.75;46,585.75;84.00;40,631.00
Jul 5, 2023 12:00 AM;Jul 5, 2023 1:00 AM;43,515.75;43,811.50;295.75;34,404.75
Jul 5, 2023 1:00 AM;Jul 5, 2023 2:00 AM;41,447.50;42,269.25;821.75;27,899.00
Jul 5, 2023 2:00 AM;Jul 5, 2023 3:00 AM;40,788.25;41,922.75;1,134.50;21,942.25
Jul 5, 2023 3:00 AM;Jul 5, 2023 4:00 AM;41,558.25;43,222.75;1,664.50;17,917.50
Jul 5, 2023 4:00 AM;Jul 5, 2023 5:00 AM;42,595.50;44,554.25;1,958.75;14,702.00
Jul 5, 2023 5:00 AM;Jul 5, 2023 6:00 AM;45,279.75;46,647.25;1,367.50;14,819.75
Jul 5, 2023 6:00 AM;Jul 5, 2023 7:00 AM;52,843.25;53,800.50;957.25;17,065.00
Jul 5, 2023 7:00 AM;Jul 5, 2023 8:00 AM;57,436.75;57,456.00;19.25;17,629.75
Jul 5, 2023 8:00 AM;Jul 5, 2023 9:00 AM;60,266.50;60,296.00;29.50;16,484.00
Jul 5, 2023 9:00 AM;Jul 5, 2023 10:00 AM;61,313.25;61,361.75;48.50;13,342.25
Jul 5, 2023 10:00 AM;Jul 5, 2023 11:00 AM;62,559.75;62,818.25;258.50;10,504.00
Jul 5, 2023 11:00 AM;Jul 5, 2023 12:00 PM;63,658.25;65,139.50;1,481.25;6,245.75
Jul 5, 2023 12:00 PM;Jul 5, 2023 1:00 PM;61,987.00;64,254.00;2,267.00;2,568.00
Jul 5, 2023 1:00 PM;Jul 5, 2023 2:00 PM;60,506.25;63,013.00;2,506.75;1,591.25
Jul 5, 2023 2:00 PM;Jul 5, 2023 3:00 PM;59,102.25;61,708.50;2,606.25;599.25
Jul 5, 2023 3:00 PM;Jul 5, 2023 4:00 PM;57,895.00;60,643.00;2,748.00;409.25
Jul 5, 2023 4:00 PM;Jul 5, 2023 5:00 PM;57,452.00;59,663.00;2,211.00;1,831.50
Jul 5, 2023 5:00 PM;Jul 5, 2023 6:00 PM;57,651.75;59,344.00;1,692.25;4,047.00
Jul 5, 2023 6:00 PM;Jul 5, 2023 7:00 PM;57,917.75;59,089.75;1,172.00;10,507.75
Jul 5, 2023 7:00 PM;Jul 5, 2023 8:00 PM;57,602.50;58,116.50;514.00;20,830.75
Jul 5, 2023 8:00 PM;Jul 5, 2023 9:00 PM;54,955.00;55,143.50;188.50;27,044.75
Jul 5, 2023 9:00 PM;Jul 5, 2023 10:00 PM;52,802.75;52,816.00;13.25;29,488.75
Jul 5, 2023 10:00 PM;Jul 5, 2023 11:00 PM;51,482.50;51,595.25;112.75;30,079.25
Jul 5, 2023 11:00 PM;Jul 6, 2023 12:00 AM;47,599.00;47,736.75;137.75;27,129.25
Jul 6, 2023 12:00 AM;Jul 6, 2023 1:00 AM;45,311.25;45,488.75;177.50;24,705.00
Jul 6, 2023 1:00 AM;Jul 6, 2023 2:00 AM;42,902.50;43,226.50;324.00;22,887.00
Jul 6, 2023 2:00 AM;Jul 6, 2023 3:00 AM;41,764.00;43,080.75;1,316.75;21,919.75
Jul 6, 2023 3:00 AM;Jul 6, 2023 4:00 AM;41,972.00;43,444.75;1,472.75;23,283.50
Jul 6, 2023 4:00 AM;Jul 6, 2023 5:00 AM;42,494.50;43,633.50;1,139.00;25,101.25
Jul 6, 2023 5:00 AM;Jul 6, 2023 6:00 AM;44,732.50;45,403.25;670.75;28,754.75
Jul 6, 2023 6:00 AM;Jul 6, 2023 7:00 AM;51,134.25;51,338.50;204.25;34,667.50
Jul 6, 2023 7:00 AM;Jul 6, 2023 8:00 AM;55,901.50;55,959.25;57.75;36,452.50
Jul 6, 2023 8:00 AM;Jul 6, 2023 9:00 AM;58,611.50;59,086.25;474.75;32,780.00
Jul 6, 2023 9:00 AM;Jul 6, 2023 10:00 AM;58,652.75;59,169.25;516.50;24,913.00
Jul 6, 2023 10:00 AM;Jul 6, 2023 11:00 AM;58,692.75;60,084.50;1,391.75;19,039.75
Jul 6, 2023 11:00 AM;Jul 6, 2023 12:00 PM;59,196.00;60,088.75;892.75;17,941.25
Jul 6, 2023 12:00 PM;Jul 6, 2023 1:00 PM;58,750.75;59,458.25;707.50;18,479.75
Jul 6, 2023 1:00 PM;Jul 6, 2023 2:00 PM;58,289.50;59,587.00;1,297.50;18,659.25
Jul 6, 2023 2:00 PM;Jul 6, 2023 3:00 PM;56,875.50;59,202.00;2,326.50;18,299.50
Jul 6, 2023 3:00 PM;Jul 6, 2023 4:00 PM;56,049.00;58,270.25;2,221.25;19,011.25
Jul 6, 2023 4:00 PM;Jul 6, 2023 5:00 PM;55,808.00;57,282.00;1,474.00;22,880.25
Jul 6, 2023 5:00 PM;Jul 6, 2023 6:00 PM;55,595.25;56,350.50;755.25;29,696.00
Jul 6, 2023 6:00 PM;Jul 6, 2023 7:00 PM;55,602.00;56,318.50;716.50;38,754.25
Jul 6, 2023 7:00 PM;Jul 6, 2023 8:00 PM;55,258.50;55,477.00;218.50;46,665.00
Jul 6, 2023 8:00 PM;Jul 6, 2023 9:00 PM;53,507.25;53,516.25;9.00;50,238.50
Jul 6, 2023 9:00 PM;Jul 6, 2023 10:00 PM;51,163.75;51,171.75;8.00;49,759.75
Jul 6, 2023 10:00 PM;Jul 6, 2023 11:00 PM;49,140.75;49,150.75;10.00;47,793.00
Jul 6, 2023 11:00 PM;Jul 7, 2023 12:00 AM;45,694.50;45,710.00;15.50;43,863.25
Jul 7, 2023 12:00 AM;Jul 7, 2023 1:00 AM;43,346.00;43,413.75;67.75;40,958.50
Jul 7, 2023 1:00 AM;Jul 7, 2023 2:00 AM;41,178.50;41,476.50;298.00;38,444.75
Jul 7, 2023 2:00 AM;Jul 7, 2023 3:00 AM;40,160.25;40,706.00;545.75;37,109.75
Jul 7, 2023 3:00 AM;Jul 7, 2023 4:00 AM;40,236.75;40,699.25;462.50;36,905.50
Jul 7, 2023 4:00 AM;Jul 7, 2023 5:00 AM;40,670.50;41,210.00;539.50;36,938.00
Jul 7, 2023 5:00 AM;Jul 7, 2023 6:00 AM;42,956.50;43,173.75;217.25;38,407.00
Jul 7, 2023 6:00 AM;Jul 7, 2023 7:00 AM;49,382.00;49,391.75;9.75;42,321.50
Jul 7, 2023 7:00 AM;Jul 7, 2023 8:00 AM;54,317.75;54,339.50;21.75;41,780.75
Jul 7, 2023 8:00 AM;Jul 7, 2023 9:00 AM;57,614.75;57,686.75;72.00;37,814.00
Jul 7, 2023 9:00 AM;Jul 7, 2023 10:00 AM;58,192.00;58,280.00;88.00;30,409.00
Jul 7, 2023 10:00 AM;Jul 7, 2023 11:00 AM;58,655.50;59,103.75;448.25;23,805.75
Jul 7, 2023 11:00 AM;Jul 7, 2023 12:00 PM;59,220.75;60,484.00;1,263.25;19,770.50
Jul 7, 2023 12:00 PM;Jul 7, 2023 1:00 PM;58,676.25;60,242.75;1,566.50;17,164.50
Jul 7, 2023 1:00 PM;Jul 7, 2023 2:00 PM;57,159.25;60,525.25;3,366.00;15,186.00
Jul 7, 2023 2:00 PM;Jul 7, 2023 3:00 PM;55,759.50;58,969.25;3,209.75;15,234.00
Jul 7, 2023 3:00 PM;Jul 7, 2023 4:00 PM;54,920.25;57,012.00;2,091.75;17,448.00
Jul 7, 2023 4:00 PM;Jul 7, 2023 5:00 PM;54,548.50;56,435.50;1,887.00;22,386.25
Jul 7, 2023 5:00 PM;Jul 7, 2023 6:00 PM;54,306.25;55,104.50;798.25;29,359.25
Jul 7, 2023 6:00 PM;Jul 7, 2023 7:00 PM;53,982.00;54,509.50;527.50;37,693.75
Jul 7, 2023 7:00 PM;Jul 7, 2023 8:00 PM;53,388.50;53,469.50;81.00;44,274.50
Jul 7, 2023 8:00 PM;Jul 7, 2023 9:00 PM;51,209.25;51,211.75;2.50;45,246.50
Jul 7, 2023 9:00 PM;Jul 7, 2023 10:00 PM;49,117.00;49,191.50;74.50;41,864.75
Jul 7, 2023 10:00 PM;Jul 7, 2023 11:00 PM;47,379.75;47,507.50;127.75;36,750.25
Jul 7, 2023 11:00 PM;Jul 8, 2023 12:00 AM;44,101.50;44,194.75;93.25;30,625.25
Jul 8, 2023 12:00 AM;Jul 8, 2023 1:00 AM;41,157.50;41,474.50;317.00;26,599.25
Jul 8, 2023 1:00 AM;Jul 8, 2023 2:00 AM;39,289.75;40,494.50;1,204.75;24,695.50
Jul 8, 2023 2:00 AM;Jul 8, 2023 3:00 AM;37,904.25;39,143.25;1,239.00;23,761.75
Jul 8, 2023 3:00 AM;Jul 8, 2023 4:00 AM;37,243.50;38,261.50;1,018.00;23,677.00
Jul 8, 2023 4:00 AM;Jul 8, 2023 5:00 AM;37,046.25;38,059.25;1,013.00;24,270.50
Jul 8, 2023 5:00 AM;Jul 8, 2023 6:00 AM;37,011.50;37,966.00;954.50;24,135.75
Jul 8, 2023 6:00 AM;Jul 8, 2023 7:00 AM;39,526.50;40,288.75;762.25;25,018.00
Jul 8, 2023 7:00 AM;Jul 8, 2023 8:00 AM;42,469.00;43,183.00;714.00;24,411.25
Jul 8, 2023 8:00 AM;Jul 8, 2023 9:00 AM;45,400.75;46,139.75;739.00;22,757.75
Jul 8, 2023 9:00 AM;Jul 8, 2023 10:00 AM;48,272.50;49,462.25;1,189.75;19,304.75
Jul 8, 2023 10:00 AM;Jul 8, 2023 11:00 AM;49,058.50;50,456.25;1,397.75;14,199.75
Jul 8, 2023 11:00 AM;Jul 8, 2023 12:00 PM;49,454.25;51,181.75;1,727.50;10,190.75
Jul 8, 2023 12:00 PM;Jul 8, 2023 1:00 PM;48,896.00;51,433.50;2,537.50;6,211.50
Jul 8, 2023 1:00 PM;Jul 8, 2023 2:00 PM;47,469.75;51,253.75;3,784.00;4,244.00
Jul 8, 2023 2:00 PM;Jul 8, 2023 3:00 PM;46,445.00;50,034.00;3,589.00;3,709.50
Jul 8, 2023 3:00 PM;Jul 8, 2023 4:00 PM;46,055.00;49,184.25;3,129.25;6,262.50
Jul 8, 2023 4:00 PM;Jul 8, 2023 5:00 PM;45,980.00;48,578.50;2,598.50;11,607.00
Jul 8, 2023 5:00 PM;Jul 8, 2023 6:00 PM;46,495.75;47,962.25;1,466.50;19,202.25
Jul 8, 2023 6:00 PM;Jul 8, 2023 7:00 PM;46,962.50;47,536.50;574.00;27,689.75
Jul 8, 2023 7:00 PM;Jul 8, 2023 8:00 PM;46,226.00;46,428.00;202.00;33,036.75
Jul 8, 2023 8:00 PM;Jul 8, 2023 9:00 PM;44,655.00;44,668.50;13.50;33,660.25
Jul 8, 2023 9:00 PM;Jul 8, 2023 10:00 PM;43,641.50;43,754.50;113.00;31,501.75
Jul 8, 2023 10:00 PM;Jul 8, 2023 11:00 PM;43,169.00;43,355.50;186.50;29,218.25
Jul 8, 2023 11:00 PM;Jul 9, 2023 12:00 AM;41,120.00;41,335.50;215.50;26,136.00
Jul 9, 2023 12:00 AM;Jul 9, 2023 1:00 AM;38,696.50;38,903.75;207.25;23,542.00
Jul 9, 2023 1:00 AM;Jul 9, 2023 2:00 AM;36,725.50;36,837.75;112.25;22,838.50
Jul 9, 2023 2:00 AM;Jul 9, 2023 3:00 AM;35,395.25;35,653.25;258.00;23,029.75
Jul 9, 2023 3:00 AM;Jul 9, 2023 4:00 AM;34,416.00;34,737.00;321.00;24,147.50
Jul 9, 2023 4:00 AM;Jul 9, 2023 5:00 AM;34,112.25;34,442.00;329.75;25,243.50
Jul 9, 2023 5:00 AM;Jul 9, 2023 6:00 AM;33,757.25;34,092.75;335.50;25,275.75
Jul 9, 2023 6:00 AM;Jul 9, 2023 7:00 AM;34,958.00;35,866.25;908.25;24,361.00
Jul 9, 2023 7:00 AM;Jul 9, 2023 8:00 AM;37,596.00;38,629.00;1,033.00;22,604.00
Jul 9, 2023 8:00 AM;Jul 9, 2023 9:00 AM;40,719.75;41,227.50;507.75;19,698.00
Jul 9, 2023 9:00 AM;Jul 9, 2023 10:00 AM;43,111.75;44,306.25;1,194.50;14,971.00
Jul 9, 2023 10:00 AM;Jul 9, 2023 11:00 AM;44,905.25;47,551.75;2,646.50;10,846.25
Jul 9, 2023 11:00 AM;Jul 9, 2023 12:00 PM;46,113.00;49,118.75;3,005.75;7,523.00
Jul 9, 2023 12:00 PM;Jul 9, 2023 1:00 PM;45,777.75;49,545.25;3,767.50;4,727.00
Jul 9, 2023 1:00 PM;Jul 9, 2023 2:00 PM;44,384.50;48,052.50;3,668.00;3,619.75
Jul 9, 2023 2:00 PM;Jul 9, 2023 3:00 PM;43,830.00;46,456.25;2,626.25;5,369.25
Jul 9, 2023 3:00 PM;Jul 9, 2023 4:00 PM;43,831.50;45,582.50;1,751.00;9,694.00
Jul 9, 2023 4:00 PM;Jul 9, 2023 5:00 PM;44,077.25;45,974.25;1,897.00;15,697.75
Jul 9, 2023 5:00 PM;Jul 9, 2023 6:00 PM;46,189.75;47,534.00;1,344.25;23,371.50
Jul 9, 2023 6:00 PM;Jul 9, 2023 7:00 PM;46,587.50;47,047.75;460.25;29,289.50
Jul 9, 2023 7:00 PM;Jul 9, 2023 8:00 PM;46,823.25;47,047.00;223.75;33,415.00
Jul 9, 2023 8:00 PM;Jul 9, 2023 9:00 PM;46,725.75;46,839.50;113.75;35,505.50
Jul 9, 2023 9:00 PM;Jul 9, 2023 10:00 PM;45,932.00;45,948.00;16.00;35,329.50
Jul 9, 2023 10:00 PM;Jul 9, 2023 11:00 PM;45,876.50;45,988.25;111.75;35,714.75
Jul 9, 2023 11:00 PM;Jul 10, 2023 12:00 AM;42,859.25;42,878.50;19.25;34,670.25
Jul 10, 2023 12:00 AM;Jul 10, 2023 1:00 AM;40,692.75;40,711.25;18.50;33,747.75
Jul 10, 2023 1:00 AM;Jul 10, 2023 2:00 AM;39,084.50;39,178.50;94.00;32,272.50
Jul 10, 2023 2:00 AM;Jul 10, 2023 3:00 AM;38,171.25;38,438.75;267.50;32,228.50
Jul 10, 2023 3:00 AM;Jul 10, 2023 4:00 AM;38,190.50;38,613.25;422.75;32,762.50
Jul 10, 2023 4:00 AM;Jul 10, 2023 5:00 AM;39,019.50;39,286.75;267.25;33,745.00
Jul 10, 2023 5:00 AM;Jul 10, 2023 6:00 AM;42,229.75;42,468.00;238.25;36,529.75
Jul 10, 2023 6:00 AM;Jul 10, 2023 7:00 AM;49,663.00;49,689.75;26.75;42,499.50
Jul 10, 2023 7:00 AM;Jul 10, 2023 8:00 AM;55,747.00;55,748.75;1.75;45,567.25
Jul 10, 2023 8:00 AM;Jul 10, 2023 9:00 AM;59,706.75;59,811.25;104.50;45,229.25
Jul 10, 2023 9:00 AM;Jul 10, 2023 10:00 AM;61,245.75;61,446.00;200.25;40,589.75
Jul 10, 2023 10:00 AM;Jul 10, 2023 11:00 AM;61,858.75;62,025.25;166.50;34,319.00
Jul 10, 2023 11:00 AM;Jul 10, 2023 12:00 PM;62,147.25;62,621.25;474.00;27,426.75
Jul 10, 2023 12:00 PM;Jul 10, 2023 1:00 PM;60,840.75;62,285.75;1,445.00;20,950.00
Jul 10, 2023 1:00 PM;Jul 10, 2023 2:00 PM;59,751.50;62,378.50;2,627.00;16,729.50
Jul 10, 2023 2:00 PM;Jul 10, 2023 3:00 PM;59,303.25;62,020.50;2,717.25;16,001.25
Jul 10, 2023 3:00 PM;Jul 10, 2023 4:00 PM;58,471.75;61,348.00;2,876.25;17,203.25
Jul 10, 2023 4:00 PM;Jul 10, 2023 5:00 PM;57,593.25;59,944.25;2,351.00;19,421.50
Jul 10, 2023 5:00 PM;Jul 10, 2023 6:00 PM;57,548.25;58,805.75;1,257.50;26,253.75
Jul 10, 2023 6:00 PM;Jul 10, 2023 7:00 PM;57,668.75;58,158.75;490.00;35,435.75
Jul 10, 2023 7:00 PM;Jul 10, 2023 8:00 PM;56,776.00;56,900.25;124.25;43,668.75
Jul 10, 2023 8:00 PM;Jul 10, 2023 9:00 PM;54,558.50;54,560.25;1.75;47,822.75
Jul 10, 2023 9:00 PM;Jul 10, 2023 10:00 PM;52,026.75;52,027.75;1.00;48,350.25
Jul 10, 2023 10:00 PM;Jul 10, 2023 11:00 PM;49,946.50;49,998.50;52.00;47,067.75
Jul 10, 2023 11:00 PM;Jul 11, 2023 12:00 AM;46,119.25;46,924.75;805.50;43,367.50
Jul 11, 2023 12:00 AM;Jul 11, 2023 1:00 AM;43,142.00;43,691.25;549.25;40,582.00
Jul 11, 2023 1:00 AM;Jul 11, 2023 2:00 AM;41,222.25;42,159.50;937.25;38,238.00
Jul 11, 2023 2:00 AM;Jul 11, 2023 3:00 AM;39,724.00;40,563.25;839.25;35,933.75
Jul 11, 2023 3:00 AM;Jul 11, 2023 4:00 AM;40,016.00;41,400.25;1,384.25;35,157.75
Jul 11, 2023 4:00 AM;Jul 11, 2023 5:00 AM;40,871.00;42,617.25;1,746.25;34,335.00
Jul 11, 2023 5:00 AM;Jul 11, 2023 6:00 AM;43,408.00;44,274.25;866.25;34,525.25
Jul 11, 2023 6:00 AM;Jul 11, 2023 7:00 AM;50,109.75;50,583.50;473.75;37,268.75
Jul 11, 2023 7:00 AM;Jul 11, 2023 8:00 AM;55,153.00;55,247.75;94.75;36,409.50
Jul 11, 2023 8:00 AM;Jul 11, 2023 9:00 AM;58,423.25;58,487.00;63.75;33,027.50
Jul 11, 2023 9:00 AM;Jul 11, 2023 10:00 AM;59,177.00;59,750.00;573.00;25,617.25
Jul 11, 2023 10:00 AM;Jul 11, 2023 11:00 AM;60,172.00;61,282.25;1,110.25;18,822.00
Jul 11, 2023 11:00 AM;Jul 11, 2023 12:00 PM;61,548.25;63,779.50;2,231.25;14,894.50
Jul 11, 2023 12:00 PM;Jul 11, 2023 1:00 PM;61,199.00;64,754.50;3,555.50;11,891.75
Jul 11, 2023 1:00 PM;Jul 11, 2023 2:00 PM;60,475.75;63,917.50;3,441.75;9,973.00
Jul 11, 2023 2:00 PM;Jul 11, 2023 3:00 PM;59,437.75;62,738.00;3,300.25;10,525.00
Jul 11, 2023 3:00 PM;Jul 11, 2023 4:00 PM;58,629.00;61,296.50;2,667.50;13,787.25
Jul 11, 2023 4:00 PM;Jul 11, 2023 5:00 PM;58,134.75;59,741.50;1,606.75;19,721.25
Jul 11, 2023 5:00 PM;Jul 11, 2023 6:00 PM;58,239.75;58,712.75;473.00;28,872.25
Jul 11, 2023 6:00 PM;Jul 11, 2023 7:00 PM;58,732.75;58,819.50;86.75;38,995.00
Jul 11, 2023 7:00 PM;Jul 11, 2023 8:00 PM;58,267.50;58,272.50;5.00;47,249.25
Jul 11, 2023 8:00 PM;Jul 11, 2023 9:00 PM;56,096.25;56,098.25;2.00;49,186.25
Jul 11, 2023 9:00 PM;Jul 11, 2023 10:00 PM;54,540.00;54,541.25;1.25;47,431.50
Jul 11, 2023 10:00 PM;Jul 11, 2023 11:00 PM;52,331.50;52,377.25;45.75;42,173.75
Jul 11, 2023 11:00 PM;Jul 12, 2023 12:00 AM;48,345.50;48,689.00;343.50;34,893.50
Jul 12, 2023 12:00 AM;Jul 12, 2023 1:00 AM;44,798.50;45,506.25;707.75;27,886.75
Jul 12, 2023 1:00 AM;Jul 12, 2023 2:00 AM;43,159.50;45,009.75;1,850.25;24,092.00
Jul 12, 2023 2:00 AM;Jul 12, 2023 3:00 AM;42,918.75;45,198.00;2,279.25;23,156.50
Jul 12, 2023 3:00 AM;Jul 12, 2023 4:00 AM;43,591.25;45,976.25;2,385.00;23,581.25
Jul 12, 2023 4:00 AM;Jul 12, 2023 5:00 AM;44,067.00;46,291.00;2,224.00;24,296.25
Jul 12, 2023 5:00 AM;Jul 12, 2023 6:00 AM;45,748.75;46,418.25;669.50;26,977.00
Jul 12, 2023 6:00 AM;Jul 12, 2023 7:00 AM;51,721.75;51,875.50;153.75;31,490.50
Jul 12, 2023 7:00 AM;Jul 12, 2023 8:00 AM;56,130.50;56,164.75;34.25;33,910.50
Jul 12, 2023 8:00 AM;Jul 12, 2023 9:00 AM;59,136.50;59,138.25;1.75;32,771.75
Jul 12, 2023 9:00 AM;Jul 12, 2023 10:00 AM;60,550.25;60,599.00;48.75;26,841.00
Jul 12, 2023 10:00 AM;Jul 12, 2023 11:00 AM;60,829.00;61,640.25;811.25;18,865.25
Jul 12, 2023 11:00 AM;Jul 12, 2023 12:00 PM;60,695.75;62,008.25;1,312.50;11,306.75
Jul 12, 2023 12:00 PM;Jul 12, 2023 1:00 PM;61,124.75;63,665.50;2,540.75;6,884.00
Jul 12, 2023 1:00 PM;Jul 12, 2023 2:00 PM;60,477.25;63,284.75;2,807.50;5,044.50
Jul 12, 2023 2:00 PM;Jul 12, 2023 3:00 PM;59,339.75;61,692.50;2,352.75;6,020.50
Jul 12, 2023 3:00 PM;Jul 12, 2023 4:00 PM;58,875.50;61,661.25;2,785.75;9,702.75
Jul 12, 2023 4:00 PM;Jul 12, 2023 5:00 PM;58,096.50;60,176.50;2,080.00;14,930.00
Jul 12, 2023 5:00 PM;Jul 12, 2023 6:00 PM;57,531.25;58,156.25;625.00;21,744.75
Jul 12, 2023 6:00 PM;Jul 12, 2023 7:00 PM;57,976.25;58,913.50;937.25;30,247.25
Jul 12, 2023 7:00 PM;Jul 12, 2023 8:00 PM;56,997.00;57,181.50;184.50;37,792.25
Jul 12, 2023 8:00 PM;Jul 12, 2023 9:00 PM;54,316.00;54,369.50;53.50;42,030.75
Jul 12, 2023 9:00 PM;Jul 12, 2023 10:00 PM;52,130.50;52,140.50;10.00;42,279.00
Jul 12, 2023 10:00 PM;Jul 12, 2023 11:00 PM;49,696.50;49,706.50;10.00;40,415.75
Jul 12, 2023 11:00 PM;Jul 13, 2023 12:00 AM;45,273.25;45,278.50;5.25;35,840.25
Jul 13, 2023 12:00 AM;Jul 13, 2023 1:00 AM;42,343.00;42,410.00;67.00;33,274.00
Jul 13, 2023 1:00 AM;Jul 13, 2023 2:00 AM;41,031.25;41,571.50;540.25;31,349.50
Jul 13, 2023 2:00 AM;Jul 13, 2023 3:00 AM;40,273.25;41,019.75;746.50;29,749.00
Jul 13, 2023 3:00 AM;Jul 13, 2023 4:00 AM;40,510.00;41,943.75;1,433.75;28,870.50
Jul 13, 2023 4:00 AM;Jul 13, 2023 5:00 AM;41,786.50;43,442.00;1,655.50;30,072.25
Jul 13, 2023 5:00 AM;Jul 13, 2023 6:00 AM;43,457.25;44,048.00;590.75;31,384.00
Jul 13, 2023 6:00 AM;Jul 13, 2023 7:00 AM;49,654.25;49,795.25;141.00;35,521.75
Jul 13, 2023 7:00 AM;Jul 13, 2023 8:00 AM;54,199.00;54,210.00;11.00;37,285.75
Jul 13, 2023 8:00 AM;Jul 13, 2023 9:00 AM;57,461.25;57,691.00;229.75;33,267.25
Jul 13, 2023 9:00 AM;Jul 13, 2023 10:00 AM;58,630.75;59,301.00;670.25;24,793.50
Jul 13, 2023 10:00 AM;Jul 13, 2023 11:00 AM;59,552.50;60,655.25;1,102.75;17,359.75
Jul 13, 2023 11:00 AM;Jul 13, 2023 12:00 PM;61,079.50;63,035.50;1,956.00;14,315.75
Jul 13, 2023 12:00 PM;Jul 13, 2023 1:00 PM;60,563.00;62,770.50;2,207.50;11,682.00
Jul 13, 2023 1:00 PM;Jul 13, 2023 2:00 PM;60,342.25;62,612.50;2,270.25;10,710.50
Jul 13, 2023 2:00 PM;Jul 13, 2023 3:00 PM;59,621.50;62,430.50;2,809.00;10,433.50
Jul 13, 2023 3:00 PM;Jul 13, 2023 4:00 PM;58,708.50;61,042.25;2,333.75;14,318.25
Jul 13, 2023 4:00 PM;Jul 13, 2023 5:00 PM;57,531.75;59,080.50;1,548.75;17,509.75
Jul 13, 2023 5:00 PM;Jul 13, 2023 6:00 PM;57,597.00;58,597.25;1,000.25;23,253.25
Jul 13, 2023 6:00 PM;Jul 13, 2023 7:00 PM;57,749.75;58,121.00;371.25;32,060.25
Jul 13, 2023 7:00 PM;Jul 13, 2023 8:00 PM;56,544.00;56,768.75;224.75;39,130.25
Jul 13, 2023 8:00 PM;Jul 13, 2023 9:00 PM;53,794.00;53,796.50;2.50;43,424.00
Jul 13, 2023 9:00 PM;Jul 13, 2023 10:00 PM;51,750.00;51,752.75;2.75;45,116.75
Jul 13, 2023 10:00 PM;Jul 13, 2023 11:00 PM;49,849.50;49,855.50;6.00;44,082.50
Jul 13, 2023 11:00 PM;Jul 14, 2023 12:00 AM;46,343.75;46,382.50;38.75;40,795.00
Jul 14, 2023 12:00 AM;Jul 14, 2023 1:00 AM;43,859.50;44,180.00;320.50;38,440.75
Jul 14, 2023 1:00 AM;Jul 14, 2023 2:00 AM;42,146.25;42,643.75;497.50;36,793.75
Jul 14, 2023 2:00 AM;Jul 14, 2023 3:00 AM;41,408.25;42,190.25;782.00;36,118.50
Jul 14, 2023 3:00 AM;Jul 14, 2023 4:00 AM;41,097.50;41,861.50;764.00;36,270.75
Jul 14, 2023 4:00 AM;Jul 14, 2023 5:00 AM;41,609.50;42,019.00;409.50;37,375.50
Jul 14, 2023 5:00 AM;Jul 14, 2023 6:00 AM;43,889.25;43,910.00;20.75;39,516.00
Jul 14, 2023 6:00 AM;Jul 14, 2023 7:00 AM;49,985.25;50,023.25;38.00;43,653.75
Jul 14, 2023 7:00 AM;Jul 14, 2023 8:00 AM;54,716.00;54,722.50;6.50;43,604.50
Jul 14, 2023 8:00 AM;Jul 14, 2023 9:00 AM;57,274.75;57,336.25;61.50;39,182.75
Jul 14, 2023 9:00 AM;Jul 14, 2023 10:00 AM;57,848.00;58,295.25;447.25;31,923.25
Jul 14, 2023 10:00 AM;Jul 14, 2023 11:00 AM;58,771.50;59,792.50;1,021.00;26,711.25
Jul 14, 2023 11:00 AM;Jul 14, 2023 12:00 PM;59,902.00;62,011.00;2,109.00;24,554.00
Jul 14, 2023 12:00 PM;Jul 14, 2023 1:00 PM;59,449.50;61,903.75;2,454.25;23,777.00
Jul 14, 2023 1:00 PM;Jul 14, 2023 2:00 PM;57,693.00;60,643.00;2,950.00;22,995.25
Jul 14, 2023 2:00 PM;Jul 14, 2023 3:00 PM;55,606.00;58,523.75;2,917.75;22,618.25
Jul 14, 2023 3:00 PM;Jul 14, 2023 4:00 PM;54,454.25;57,036.25;2,582.00;23,994.50
Jul 14, 2023 4:00 PM;Jul 14, 2023 5:00 PM;53,394.25;54,725.00;1,330.75;26,472.25
Jul 14, 2023 5:00 PM;Jul 14, 2023 6:00 PM;53,808.75;54,620.75;812.00;31,145.75
Jul 14, 2023 6:00 PM;Jul 14, 2023 7:00 PM;54,123.00;54,723.75;600.75;38,080.50
Jul 14, 2023 7:00 PM;Jul 14, 2023 8:00 PM;52,947.75;53,050.25;102.50;43,767.25
Jul 14, 2023 8:00 PM;Jul 14, 2023 9:00 PM;50,845.75;50,938.75;93.00;45,288.75
Jul 14, 2023 9:00 PM;Jul 14, 2023 10:00 PM;49,026.00;49,114.25;88.25;42,263.25
Jul 14, 2023 10:00 PM;Jul 14, 2023 11:00 PM;46,970.75;47,139.25;168.50;35,502.25
Jul 14, 2023 11:00 PM;Jul 15, 2023 12:00 AM;44,054.00;44,491.50;437.50;27,600.75
Jul 15, 2023 12:00 AM;Jul 15, 2023 1:00 AM;42,143.75;42,652.25;508.50;21,726.50
Jul 15, 2023 1:00 AM;Jul 15, 2023 2:00 AM;40,523.25;41,726.75;1,203.50;17,087.75
Jul 15, 2023 2:00 AM;Jul 15, 2023 3:00 AM;39,350.25;40,841.75;1,491.50;14,088.50
Jul 15, 2023 3:00 AM;Jul 15, 2023 4:00 AM;39,106.75;41,120.50;2,013.75;12,955.25
Jul 15, 2023 4:00 AM;Jul 15, 2023 5:00 AM;38,929.00;41,038.25;2,109.25;13,366.00
Jul 15, 2023 5:00 AM;Jul 15, 2023 6:00 AM;38,874.00;40,749.75;1,875.75;14,222.00
Jul 15, 2023 6:00 AM;Jul 15, 2023 7:00 AM;40,786.25;41,754.50;968.25;15,390.75
Jul 15, 2023 7:00 AM;Jul 15, 2023 8:00 AM;43,439.50;43,778.75;339.25;16,531.75
Jul 15, 2023 8:00 AM;Jul 15, 2023 9:00 AM;46,677.50;47,216.75;539.25;16,571.25
Jul 15, 2023 9:00 AM;Jul 15, 2023 10:00 AM;49,044.50;50,358.50;1,314.00;13,105.75
Jul 15, 2023 10:00 AM;Jul 15, 2023 11:00 AM;50,548.75;52,541.50;1,992.75;8,583.00
Jul 15, 2023 11:00 AM;Jul 15, 2023 12:00 PM;53,021.75;55,925.50;2,903.75;7,935.25
Jul 15, 2023 12:00 PM;Jul 15, 2023 1:00 PM;52,894.75;55,164.75;2,270.00;5,279.75
Jul 15, 2023 1:00 PM;Jul 15, 2023 2:00 PM;51,236.75;55,040.75;3,804.00;3,718.00
Jul 15, 2023 2:00 PM;Jul 15, 2023 3:00 PM;48,594.00;52,344.25;3,750.25;4,182.50
Jul 15, 2023 3:00 PM;Jul 15, 2023 4:00 PM;47,455.75;49,813.75;2,358.00;7,259.50
Jul 15, 2023 4:00 PM;Jul 15, 2023 5:00 PM;47,059.75;48,764.75;1,705.00;12,141.75
Jul 15, 2023 5:00 PM;Jul 15, 2023 6:00 PM;46,766.25;47,743.25;977.00;17,323.25
Jul 15, 2023 6:00 PM;Jul 15, 2023 7:00 PM;47,608.75;48,287.25;678.50;23,295.25
Jul 15, 2023 7:00 PM;Jul 15, 2023 8:00 PM;47,408.00;47,516.25;108.25;26,045.75
Jul 15, 2023 8:00 PM;Jul 15, 2023 9:00 PM;45,929.00;46,041.00;112.00;26,561.25
Jul 15, 2023 9:00 PM;Jul 15, 2023 10:00 PM;44,328.50;44,692.50;364.00;23,847.50
Jul 15, 2023 10:00 PM;Jul 15, 2023 11:00 PM;44,504.00;44,697.50;193.50;23,828.25
Jul 15, 2023 11:00 PM;Jul 16, 2023 12:00 AM;41,470.75;41,571.00;100.25;21,666.75
Jul 16, 2023 12:00 AM;Jul 16, 2023 1:00 AM;38,885.25;39,254.75;369.50;19,638.25
Jul 16, 2023 1:00 AM;Jul 16, 2023 2:00 AM;37,397.50;39,282.50;1,885.00;16,488.50
Jul 16, 2023 2:00 AM;Jul 16, 2023 3:00 AM;36,692.50;39,190.50;2,498.00;14,127.25
Jul 16, 2023 3:00 AM;Jul 16, 2023 4:00 AM;36,225.00;38,298.00;2,073.00;12,437.25
Jul 16, 2023 4:00 AM;Jul 16, 2023 5:00 AM;35,734.75;37,391.50;1,656.75;11,676.00
Jul 16, 2023 5:00 AM;Jul 16, 2023 6:00 AM;35,343.75;36,853.25;1,509.50;12,816.75
Jul 16, 2023 6:00 AM;Jul 16, 2023 7:00 AM;35,584.50;37,181.50;1,597.00;12,586.00
Jul 16, 2023 7:00 AM;Jul 16, 2023 8:00 AM;37,474.75;39,526.50;2,051.75;9,979.25
Jul 16, 2023 8:00 AM;Jul 16, 2023 9:00 AM;40,675.50;42,633.75;1,958.25;6,582.50
Jul 16, 2023 9:00 AM;Jul 16, 2023 10:00 AM;42,866.00;45,176.25;2,310.25;1,903.25
Jul 16, 2023 10:00 AM;Jul 16, 2023 11:00 AM;44,305.00;47,122.25;2,817.25;-2,164.25
Jul 16, 2023 11:00 AM;Jul 16, 2023 12:00 PM;45,765.75;48,816.00;3,050.25;-4,384.25
Jul 16, 2023 12:00 PM;Jul 16, 2023 1:00 PM;45,733.75;49,250.50;3,516.75;-5,647.00
Jul 16, 2023 1:00 PM;Jul 16, 2023 2:00 PM;44,302.75;48,342.75;4,040.00;-5,347.75
Jul 16, 2023 2:00 PM;Jul 16, 2023 3:00 PM;43,122.75;47,158.50;4,035.75;-3,615.00
Jul 16, 2023 3:00 PM;Jul 16, 2023 4:00 PM;42,360.00;46,197.75;3,837.75;-2,829.50
Jul 16, 2023 4:00 PM;Jul 16, 2023 5:00 PM;42,125.25;44,822.00;2,696.75;-725.00
Jul 16, 2023 5:00 PM;Jul 16, 2023 6:00 PM;43,175.25;45,498.50;2,323.25;5,791.00
Jul 16, 2023 6:00 PM;Jul 16, 2023 7:00 PM;44,803.00;46,342.00;1,539.00;14,507.75
Jul 16, 2023 7:00 PM;Jul 16, 2023 8:00 PM;44,863.50;45,657.25;793.75;25,142.25
Jul 16, 2023 8:00 PM;Jul 16, 2023 9:00 PM;44,376.50;44,727.25;350.75;31,686.50
Jul 16, 2023 9:00 PM;Jul 16, 2023 10:00 PM;43,565.00;43,656.00;91.00;32,052.50
Jul 16, 2023 10:00 PM;Jul 16, 2023 11:00 PM;42,930.75;42,942.00;11.25;31,954.50
Jul 16, 2023 11:00 PM;Jul 17, 2023 12:00 AM;40,205.00;40,217.50;12.50;28,821.00
Jul 17, 2023 12:00 AM;Jul 17, 2023 1:00 AM;38,003.75;38,135.00;131.25;25,596.75
Jul 17, 2023 1:00 AM;Jul 17, 2023 2:00 AM;36,553.50;36,987.50;434.00;23,556.50
Jul 17, 2023 2:00 AM;Jul 17, 2023 3:00 AM;35,766.50;36,331.50;565.00;22,826.00
Jul 17, 2023 3:00 AM;Jul 17, 2023 4:00 AM;35,904.50;36,789.50;885.00;22,125.00
Jul 17, 2023 4:00 AM;Jul 17, 2023 5:00 AM;37,249.00;38,194.50;945.50;22,586.00
Jul 17, 2023 5:00 AM;Jul 17, 2023 6:00 AM;40,847.25;41,434.75;587.50;25,250.25
Jul 17, 2023 6:00 AM;Jul 17, 2023 7:00 AM;48,367.00;48,557.75;190.75;30,400.25
Jul 17, 2023 7:00 AM;Jul 17, 2023 8:00 AM;53,622.00;53,637.25;15.25;32,428.25
Jul 17, 2023 8:00 AM;Jul 17, 2023 9:00 AM;56,957.50;57,335.75;378.25;28,633.50
Jul 17, 2023 9:00 AM;Jul 17, 2023 10:00 AM;57,713.25;58,889.75;1,176.50;20,093.75
Jul 17, 2023 10:00 AM;Jul 17, 2023 11:00 AM;58,664.50;61,149.75;2,485.25;13,140.75
Jul 17, 2023 11:00 AM;Jul 17, 2023 12:00 PM;59,822.50;63,193.25;3,370.75;9,285.25
Jul 17, 2023 12:00 PM;Jul 17, 2023 1:00 PM;59,652.25;63,600.75;3,948.50;8,195.75
Jul 17, 2023 1:00 PM;Jul 17, 2023 2:00 PM;58,761.75;62,193.00;3,431.25;7,197.50
Jul 17, 2023 2:00 PM;Jul 17, 2023 3:00 PM;57,675.25;60,970.75;3,295.50;7,226.00
Jul 17, 2023 3:00 PM;Jul 17, 2023 4:00 PM;57,028.75;59,813.50;2,784.75;8,930.50
Jul 17, 2023 4:00 PM;Jul 17, 2023 5:00 PM;56,592.75;58,736.75;2,144.00;12,458.50
Jul 17, 2023 5:00 PM;Jul 17, 2023 6:00 PM;57,414.25;58,623.50;1,209.25;18,622.75
Jul 17, 2023 6:00 PM;Jul 17, 2023 7:00 PM;57,701.50;58,088.50;387.00;25,273.00
Jul 17, 2023 7:00 PM;Jul 17, 2023 8:00 PM;57,040.50;57,228.00;187.50;31,544.75
Jul 17, 2023 8:00 PM;Jul 17, 2023 9:00 PM;55,376.50;55,461.25;84.75;35,974.50
Jul 17, 2023 9:00 PM;Jul 17, 2023 10:00 PM;53,007.75;53,017.75;10.00;37,665.50
Jul 17, 2023 10:00 PM;Jul 17, 2023 11:00 PM;50,616.50;50,624.25;7.75;36,105.00
Jul 17, 2023 11:00 PM;Jul 18, 2023 12:00 AM;46,753.75;46,912.25;158.50;32,429.25
Jul 18, 2023 12:00 AM;Jul 18, 2023 1:00 AM;44,100.75;44,315.50;214.75;30,312.75
Jul 18, 2023 1:00 AM;Jul 18, 2023 2:00 AM;42,290.25;42,354.25;64.00;29,482.50
Jul 18, 2023 2:00 AM;Jul 18, 2023 3:00 AM;41,210.75;41,481.00;270.25;29,424.75
Jul 18, 2023 3:00 AM;Jul 18, 2023 4:00 AM;41,112.25;41,617.75;505.50;29,830.50
Jul 18, 2023 4:00 AM;Jul 18, 2023 5:00 AM;41,739.00;42,451.00;712.00;31,332.75
Jul 18, 2023 5:00 AM;Jul 18, 2023 6:00 AM;44,086.75;44,475.00;388.25;34,085.25
Jul 18, 2023 6:00 AM;Jul 18, 2023 7:00 AM;50,086.25;50,209.00;122.75;39,277.25
Jul 18, 2023 7:00 AM;Jul 18, 2023 8:00 AM;54,421.50;54,431.75;10.25;40,078.50
Jul 18, 2023 8:00 AM;Jul 18, 2023 9:00 AM;57,376.25;57,774.25;398.00;36,177.75
Jul 18, 2023 9:00 AM;Jul 18, 2023 10:00 AM;58,271.50;59,271.75;1,000.25;28,191.25
Jul 18, 2023 10:00 AM;Jul 18, 2023 11:00 AM;58,826.00;60,255.75;1,429.75;21,334.00
Jul 18, 2023 11:00 AM;Jul 18, 2023 12:00 PM;59,903.25;61,840.50;1,937.25;19,056.50
Jul 18, 2023 12:00 PM;Jul 18, 2023 1:00 PM;60,544.50;62,701.75;2,157.25;20,555.75
Jul 18, 2023 1:00 PM;Jul 18, 2023 2:00 PM;59,815.50;61,742.00;1,926.50;23,001.50
Jul 18, 2023 2:00 PM;Jul 18, 2023 3:00 PM;58,185.25;60,113.00;1,927.75;24,424.75
Jul 18, 2023 3:00 PM;Jul 18, 2023 4:00 PM;56,970.00;59,226.25;2,256.25;25,498.75
Jul 18, 2023 4:00 PM;Jul 18, 2023 5:00 PM;56,017.00;58,048.50;2,031.50;27,279.50
Jul 18, 2023 5:00 PM;Jul 18, 2023 6:00 PM;55,956.50;57,123.00;1,166.50;32,203.25
Jul 18, 2023 6:00 PM;Jul 18, 2023 7:00 PM;55,634.50;56,119.50;485.00;39,931.50
Jul 18, 2023 7:00 PM;Jul 18, 2023 8:00 PM;54,953.75;54,958.75;5.00;47,424.25
Jul 18, 2023 8:00 PM;Jul 18, 2023 9:00 PM;53,024.50;53,027.50;3.00;49,885.75
Jul 18, 2023 9:00 PM;Jul 18, 2023 10:00 PM;51,160.00;51,162.75;2.75;49,374.75
Jul 18, 2023 10:00 PM;Jul 18, 2023 11:00 PM;48,912.00;48,915.00;3.00;47,354.50
Jul 18, 2023 11:00 PM;Jul 19, 2023 12:00 AM;45,227.25;45,233.25;6.00;43,943.00
Jul 19, 2023 12:00 AM;Jul 19, 2023 1:00 AM;42,657.00;42,672.00;15.00;41,481.75
Jul 19, 2023 1:00 AM;Jul 19, 2023 2:00 AM;40,855.75;41,137.00;281.25;39,891.75
Jul 19, 2023 2:00 AM;Jul 19, 2023 3:00 AM;39,762.00;40,159.75;397.75;38,852.00
Jul 19, 2023 3:00 AM;Jul 19, 2023 4:00 AM;39,755.25;40,162.00;406.75;38,844.00
Jul 19, 2023 4:00 AM;Jul 19, 2023 5:00 AM;40,721.75;41,194.75;473.00;39,599.00
Jul 19, 2023 5:00 AM;Jul 19, 2023 6:00 AM;43,104.75;43,797.25;692.50;41,068.00
Jul 19, 2023 6:00 AM;Jul 19, 2023 7:00 AM;48,859.00;49,086.75;227.75;43,899.50
Jul 19, 2023 7:00 AM;Jul 19, 2023 8:00 AM;53,745.25;53,756.25;11.00;44,310.50
Jul 19, 2023 8:00 AM;Jul 19, 2023 9:00 AM;57,081.25;57,147.75;66.50;42,405.00
Jul 19, 2023 9:00 AM;Jul 19, 2023 10:00 AM;58,040.00;58,254.50;214.50;36,691.00
Jul 19, 2023 10:00 AM;Jul 19, 2023 11:00 AM;59,518.00;60,085.25;567.25;31,126.00
Jul 19, 2023 11:00 AM;Jul 19, 2023 12:00 PM;60,111.00;60,910.25;799.25;27,270.75
Jul 19, 2023 12:00 PM;Jul 19, 2023 1:00 PM;59,742.25;61,377.25;1,635.00;24,947.75
Jul 19, 2023 1:00 PM;Jul 19, 2023 2:00 PM;58,795.00;60,921.75;2,126.75;23,263.75
Jul 19, 2023 2:00 PM;Jul 19, 2023 3:00 PM;57,269.25;59,785.25;2,516.00;22,466.25
Jul 19, 2023 3:00 PM;Jul 19, 2023 4:00 PM;56,462.25;58,746.50;2,284.25;23,803.75
Jul 19, 2023 4:00 PM;Jul 19, 2023 5:00 PM;55,614.75;57,908.25;2,293.50;25,527.00
Jul 19, 2023 5:00 PM;Jul 19, 2023 6:00 PM;55,873.75;56,599.00;725.25;31,064.50
Jul 19, 2023 6:00 PM;Jul 19, 2023 7:00 PM;55,786.00;56,063.50;277.50;37,205.50
Jul 19, 2023 7:00 PM;Jul 19, 2023 8:00 PM;55,181.75;55,262.50;80.75;42,099.50
Jul 19, 2023 8:00 PM;Jul 19, 2023 9:00 PM;52,941.50;52,951.00;9.50;44,183.00
Jul 19, 2023 9:00 PM;Jul 19, 2023 10:00 PM;51,178.50;51,187.50;9.00;44,256.75
Jul 19, 2023 10:00 PM;Jul 19, 2023 11:00 PM;48,661.50;48,671.00;9.50;42,341.75
Jul 19, 2023 11:00 PM;Jul 20, 2023 12:00 AM;44,622.75;44,648.75;26.00;38,706.75
Jul 20, 2023 12:00 AM;Jul 20, 2023 1:00 AM;42,067.00;42,269.00;202.00;35,927.50
Jul 20, 2023 1:00 AM;Jul 20, 2023 2:00 AM;40,336.75;40,894.50;557.75;33,694.50
Jul 20, 2023 2:00 AM;Jul 20, 2023 3:00 AM;39,638.75;40,470.00;831.25;32,338.00
Jul 20, 2023 3:00 AM;Jul 20, 2023 4:00 AM;39,385.50;40,539.00;1,153.50;31,062.75
Jul 20, 2023 4:00 AM;Jul 20, 2023 5:00 AM;40,887.75;43,243.00;2,355.25;32,096.25
Jul 20, 2023 5:00 AM;Jul 20, 2023 6:00 AM;43,262.50;43,927.00;664.50;33,663.25
Jul 20, 2023 6:00 AM;Jul 20, 2023 7:00 AM;49,358.50;49,400.00;41.50;38,156.75
Jul 20, 2023 7:00 AM;Jul 20, 2023 8:00 AM;54,152.25;54,164.50;12.25;40,156.75
Jul 20, 2023 8:00 AM;Jul 20, 2023 9:00 AM;57,533.25;57,740.50;207.25;37,366.00
Jul 20, 2023 9:00 AM;Jul 20, 2023 10:00 AM;58,661.50;58,933.50;272.00;30,453.25
Jul 20, 2023 10:00 AM;Jul 20, 2023 11:00 AM;58,761.00;59,218.25;457.25;24,004.00
Jul 20, 2023 11:00 AM;Jul 20, 2023 12:00 PM;59,943.25;61,307.75;1,364.50;20,236.00
Jul 20, 2023 12:00 PM;Jul 20, 2023 1:00 PM;60,206.00;62,302.50;2,096.50;18,565.75
Jul 20, 2023 1:00 PM;Jul 20, 2023 2:00 PM;59,030.00;61,592.50;2,562.50;16,536.00
Jul 20, 2023 2:00 PM;Jul 20, 2023 3:00 PM;57,699.75;60,348.75;2,649.00;16,094.50
Jul 20, 2023 3:00 PM;Jul 20, 2023 4:00 PM;56,403.50;58,582.50;2,179.00;17,771.25
Jul 20, 2023 4:00 PM;Jul 20, 2023 5:00 PM;55,731.25;57,630.00;1,898.75;21,088.75
Jul 20, 2023 5:00 PM;Jul 20, 2023 6:00 PM;55,839.00;57,082.75;1,243.75;26,868.50
Jul 20, 2023 6:00 PM;Jul 20, 2023 7:00 PM;55,899.75;56,188.75;289.00;35,034.75
Jul 20, 2023 7:00 PM;Jul 20, 2023 8:00 PM;54,724.00;54,862.25;138.25;42,902.00
Jul 20, 2023 8:00 PM;Jul 20, 2023 9:00 PM;52,771.25;52,774.75;3.50;46,644.25
Jul 20, 2023 9:00 PM;Jul 20, 2023 10:00 PM;50,782.00;50,786.50;4.50;46,791.25
Jul 20, 2023 10:00 PM;Jul 20, 2023 11:00 PM;48,429.50;48,434.50;5.00;44,777.50
Jul 20, 2023 11:00 PM;Jul 21, 2023 12:00 AM;45,187.00;45,212.25;25.25;41,864.75
Jul 21, 2023 12:00 AM;Jul 21, 2023 1:00 AM;42,675.75;42,700.00;24.25;39,261.00
Jul 21, 2023 1:00 AM;Jul 21, 2023 2:00 AM;40,603.75;40,698.75;95.00;37,607.00
Jul 21, 2023 2:00 AM;Jul 21, 2023 3:00 AM;39,592.00;39,946.00;354.00;36,750.00
Jul 21, 2023 3:00 AM;Jul 21, 2023 4:00 AM;39,618.50;39,994.00;375.50;36,715.75
Jul 21, 2023 4:00 AM;Jul 21, 2023 5:00 AM;40,527.00;40,972.25;445.25;37,679.25
Jul 21, 2023 5:00 AM;Jul 21, 2023 6:00 AM;42,794.50;42,840.75;46.25;40,340.50
Jul 21, 2023 6:00 AM;Jul 21, 2023 7:00 AM;48,799.25;48,815.00;15.75;44,967.75
Jul 21, 2023 7:00 AM;Jul 21, 2023 8:00 AM;53,149.50;53,156.50;7.00;45,842.50
Jul 21, 2023 8:00 AM;Jul 21, 2023 9:00 AM;56,221.00;56,236.25;15.25;44,359.25
Jul 21, 2023 9:00 AM;Jul 21, 2023 10:00 AM;57,510.25;57,707.50;197.25;40,540.50
Jul 21, 2023 10:00 AM;Jul 21, 2023 11:00 AM;58,026.00;58,273.50;247.50;37,371.25
Jul 21, 2023 11:00 AM;Jul 21, 2023 12:00 PM;58,327.00;58,924.25;597.25;34,694.25
Jul 21, 2023 12:00 PM;Jul 21, 2023 1:00 PM;57,797.75;59,490.75;1,693.00;31,919.50
Jul 21, 2023 1:00 PM;Jul 21, 2023 2:00 PM;56,689.00;58,462.75;1,773.75;31,304.00
Jul 21, 2023 2:00 PM;Jul 21, 2023 3:00 PM;54,529.00;56,685.75;2,156.75;29,566.00
Jul 21, 2023 3:00 PM;Jul 21, 2023 4:00 PM;54,306.25;56,397.75;2,091.50;30,396.00
Jul 21, 2023 4:00 PM;Jul 21, 2023 5:00 PM;54,085.50;55,762.50;1,677.00;32,206.00
Jul 21, 2023 5:00 PM;Jul 21, 2023 6:00 PM;53,293.00;53,857.00;564.00;34,240.50
Jul 21, 2023 6:00 PM;Jul 21, 2023 7:00 PM;52,822.00;52,952.50;130.50;38,200.00
Jul 21, 2023 7:00 PM;Jul 21, 2023 8:00 PM;51,728.00;51,740.75;12.75;41,380.25
Jul 21, 2023 8:00 PM;Jul 21, 2023 9:00 PM;49,373.50;49,380.00;6.50;42,211.00
Jul 21, 2023 9:00 PM;Jul 21, 2023 10:00 PM;47,519.75;47,527.00;7.25;41,548.00
Jul 21, 2023 10:00 PM;Jul 21, 2023 11:00 PM;45,278.25;45,373.50;95.25;37,636.00
Jul 21, 2023 11:00 PM;Jul 22, 2023 12:00 AM;42,069.25;42,540.50;471.25;32,390.75
Jul 22, 2023 12:00 AM;Jul 22, 2023 1:00 AM;39,356.50;39,608.75;252.25;28,447.25
Jul 22, 2023 1:00 AM;Jul 22, 2023 2:00 AM;38,031.25;38,529.25;498.00;25,707.75
Jul 22, 2023 2:00 AM;Jul 22, 2023 3:00 AM;36,943.00;37,242.50;299.50;24,366.00
Jul 22, 2023 3:00 AM;Jul 22, 2023 4:00 AM;36,287.00;36,727.75;440.75;24,152.25
Jul 22, 2023 4:00 AM;Jul 22, 2023 5:00 AM;36,258.25;36,690.00;431.75;24,132.25
Jul 22, 2023 5:00 AM;Jul 22, 2023 6:00 AM;36,335.75;36,790.25;454.50;24,273.25
Jul 22, 2023 6:00 AM;Jul 22, 2023 7:00 AM;37,919.25;38,271.50;352.25;25,312.50
Jul 22, 2023 7:00 AM;Jul 22, 2023 8:00 AM;40,613.50;41,343.75;730.25;24,854.25
Jul 22, 2023 8:00 AM;Jul 22, 2023 9:00 AM;43,888.75;44,782.00;893.25;22,786.25
Jul 22, 2023 9:00 AM;Jul 22, 2023 10:00 AM;46,085.00;47,450.75;1,365.75;17,455.75
Jul 22, 2023 10:00 AM;Jul 22, 2023 11:00 AM;47,828.25;51,023.50;3,195.25;13,432.75
Jul 22, 2023 11:00 AM;Jul 22, 2023 12:00 PM;48,829.75;52,812.50;3,982.75;10,895.25
Jul 22, 2023 12:00 PM;Jul 22, 2023 1:00 PM;47,534.25;51,479.50;3,945.25;8,840.75
Jul 22, 2023 1:00 PM;Jul 22, 2023 2:00 PM;45,751.50;49,708.75;3,957.25;7,500.75
Jul 22, 2023 2:00 PM;Jul 22, 2023 3:00 PM;44,531.50;48,176.50;3,645.00;6,577.25
Jul 22, 2023 3:00 PM;Jul 22, 2023 4:00 PM;44,175.25;47,895.75;3,720.50;8,064.00
Jul 22, 2023 4:00 PM;Jul 22, 2023 5:00 PM;44,099.75;47,259.25;3,159.50;12,144.00
Jul 22, 2023 5:00 PM;Jul 22, 2023 6:00 PM;44,732.00;46,311.25;1,579.25;17,887.00
Jul 22, 2023 6:00 PM;Jul 22, 2023 7:00 PM;45,222.50;45,763.50;541.00;24,953.25
Jul 22, 2023 7:00 PM;Jul 22, 2023 8:00 PM;44,626.00;44,750.75;124.75;31,303.25
Jul 22, 2023 8:00 PM;Jul 22, 2023 9:00 PM;43,300.75;43,309.75;9.00;35,014.25
Jul 22, 2023 9:00 PM;Jul 22, 2023 10:00 PM;42,185.25;42,194.25;9.00;35,237.50
Jul 22, 2023 10:00 PM;Jul 22, 2023 11:00 PM;40,690.50;40,753.00;62.50;32,662.00
Jul 22, 2023 11:00 PM;Jul 23, 2023 12:00 AM;38,340.50;38,706.25;365.75;27,997.25
Jul 23, 2023 12:00 AM;Jul 23, 2023 1:00 AM;35,980.75;36,274.25;293.50;23,907.00
Jul 23, 2023 1:00 AM;Jul 23, 2023 2:00 AM;34,901.25;35,862.75;961.50;20,730.25
Jul 23, 2023 2:00 AM;Jul 23, 2023 3:00 AM;34,505.50;35,657.00;1,151.50;18,490.75
Jul 23, 2023 3:00 AM;Jul 23, 2023 4:00 AM;33,772.25;35,294.75;1,522.50;16,894.25
Jul 23, 2023 4:00 AM;Jul 23, 2023 5:00 AM;34,145.25;35,401.50;1,256.25;15,911.00
Jul 23, 2023 5:00 AM;Jul 23, 2023 6:00 AM;33,897.50;35,129.25;1,231.75;14,576.75
Jul 23, 2023 6:00 AM;Jul 23, 2023 7:00 AM;34,605.50;36,136.25;1,530.75;12,425.25
Jul 23, 2023 7:00 AM;Jul 23, 2023 8:00 AM;36,782.25;39,179.25;2,397.00;11,081.00
Jul 23, 2023 8:00 AM;Jul 23, 2023 9:00 AM;39,488.50;41,906.50;2,418.00;7,816.25
Jul 23, 2023 9:00 AM;Jul 23, 2023 10:00 AM;42,366.75;45,652.00;3,285.25;3,922.50
Jul 23, 2023 10:00 AM;Jul 23, 2023 11:00 AM;44,095.00;47,521.50;3,426.50;709.25
Jul 23, 2023 11:00 AM;Jul 23, 2023 12:00 PM;45,397.25;48,664.00;3,266.75;-1,832.25
Jul 23, 2023 12:00 PM;Jul 23, 2023 1:00 PM;45,608.50;49,101.25;3,492.75;-3,395.00
Jul 23, 2023 1:00 PM;Jul 23, 2023 2:00 PM;44,584.50;48,376.25;3,791.75;-1,746.25
Jul 23, 2023 2:00 PM;Jul 23, 2023 3:00 PM;43,874.75;47,762.25;3,887.50;1,405.75
Jul 23, 2023 3:00 PM;Jul 23, 2023 4:00 PM;43,427.25;46,664.50;3,237.25;564.50
Jul 23, 2023 4:00 PM;Jul 23, 2023 5:00 PM;43,668.75;46,628.50;2,959.75;2,181.75
Jul 23, 2023 5:00 PM;Jul 23, 2023 6:00 PM;44,908.75;47,061.00;2,152.25;4,939.00
Jul 23, 2023 6:00 PM;Jul 23, 2023 7:00 PM;46,083.00;47,448.25;1,365.25;10,539.75
Jul 23, 2023 7:00 PM;Jul 23, 2023 8:00 PM;45,634.75;46,136.00;501.25;18,233.00
Jul 23, 2023 8:00 PM;Jul 23, 2023 9:00 PM;44,756.75;44,781.50;24.75;23,114.50
Jul 23, 2023 9:00 PM;Jul 23, 2023 10:00 PM;43,613.75;43,663.50;49.75;23,633.75
Jul 23, 2023 10:00 PM;Jul 23, 2023 11:00 PM;42,858.00;42,932.50;74.50;23,456.25
Jul 23, 2023 11:00 PM;Jul 24, 2023 12:00 AM;40,915.75;41,054.00;138.25;21,232.75
Jul 24, 2023 12:00 AM;Jul 24, 2023 1:00 AM;39,013.75;39,601.00;587.25;18,527.50
Jul 24, 2023 1:00 AM;Jul 24, 2023 2:00 AM;38,032.75;39,197.00;1,164.25;17,668.25
Jul 24, 2023 2:00 AM;Jul 24, 2023 3:00 AM;37,224.25;38,671.50;1,447.25;17,987.50
Jul 24, 2023 3:00 AM;Jul 24, 2023 4:00 AM;37,041.25;38,613.50;1,572.25;19,139.75
Jul 24, 2023 4:00 AM;Jul 24, 2023 5:00 AM;37,853.00;38,801.00;948.00;20,813.75
Jul 24, 2023 5:00 AM;Jul 24, 2023 6:00 AM;41,531.75;42,199.75;668.00;26,043.25
Jul 24, 2023 6:00 AM;Jul 24, 2023 7:00 AM;48,429.75;48,728.50;298.75;33,024.50
Jul 24, 2023 7:00 AM;Jul 24, 2023 8:00 AM;53,336.00;53,341.25;5.25;35,942.00
Jul 24, 2023 8:00 AM;Jul 24, 2023 9:00 AM;57,184.50;57,193.75;9.25;35,750.50
Jul 24, 2023 9:00 AM;Jul 24, 2023 10:00 AM;59,449.00;59,464.00;15.00;33,885.00
Jul 24, 2023 10:00 AM;Jul 24, 2023 11:00 AM;60,699.25;60,718.75;19.50;31,698.00
Jul 24, 2023 11:00 AM;Jul 24, 2023 12:00 PM;61,827.00;62,037.25;210.25;27,629.50
Jul 24, 2023 12:00 PM;Jul 24, 2023 1:00 PM;60,910.50;62,011.00;1,100.50;24,199.50
Jul 24, 2023 1:00 PM;Jul 24, 2023 2:00 PM;60,031.75;61,112.00;1,080.25;22,733.50
Jul 24, 2023 2:00 PM;Jul 24, 2023 3:00 PM;58,809.75;61,562.25;2,752.50;20,870.75
Jul 24, 2023 3:00 PM;Jul 24, 2023 4:00 PM;55,907.00;58,538.75;2,631.75;18,134.50
Jul 24, 2023 4:00 PM;Jul 24, 2023 5:00 PM;55,029.00;57,024.75;1,995.75;19,518.50
Jul 24, 2023 5:00 PM;Jul 24, 2023 6:00 PM;55,086.50;55,799.00;712.50;25,168.25
Jul 24, 2023 6:00 PM;Jul 24, 2023 7:00 PM;54,961.50;55,108.25;146.75;29,167.50
Jul 24, 2023 7:00 PM;Jul 24, 2023 8:00 PM;54,271.00;54,402.75;131.75;32,377.75
Jul 24, 2023 8:00 PM;Jul 24, 2023 9:00 PM;52,276.50;52,395.25;118.75;33,482.00
Jul 24, 2023 9:00 PM;Jul 24, 2023 10:00 PM;50,219.00;50,236.25;17.25;33,472.75
Jul 24, 2023 10:00 PM;Jul 24, 2023 11:00 PM;47,813.00;47,820.25;7.25;33,177.00
Jul 24, 2023 11:00 PM;Jul 25, 2023 12:00 AM;44,606.00;44,626.00;20.00;30,011.25
Jul 25, 2023 12:00 AM;Jul 25, 2023 1:00 AM;41,995.00;42,356.00;361.00;27,970.75
Jul 25, 2023 1:00 AM;Jul 25, 2023 2:00 AM;40,775.25;42,142.00;1,366.75;27,272.25
Jul 25, 2023 2:00 AM;Jul 25, 2023 3:00 AM;40,259.50;42,924.75;2,665.25;27,178.75
Jul 25, 2023 3:00 AM;Jul 25, 2023 4:00 AM;40,424.25;43,111.25;2,687.00;28,392.25
Jul 25, 2023 4:00 AM;Jul 25, 2023 5:00 AM;40,786.50;42,699.75;1,913.25;29,972.50
Jul 25, 2023 5:00 AM;Jul 25, 2023 6:00 AM;43,343.25;44,520.25;1,177.00;32,864.25
Jul 25, 2023 6:00 AM;Jul 25, 2023 7:00 AM;48,803.75;48,997.25;193.50;38,257.25
Jul 25, 2023 7:00 AM;Jul 25, 2023 8:00 AM;53,158.25;53,173.25;15.00;41,135.50
Jul 25, 2023 8:00 AM;Jul 25, 2023 9:00 AM;55,979.25;55,991.50;12.25;40,117.00
Jul 25, 2023 9:00 AM;Jul 25, 2023 10:00 AM;57,651.00;57,662.75;11.75;36,792.50
Jul 25, 2023 10:00 AM;Jul 25, 2023 11:00 AM;58,913.00;58,927.25;14.25;34,115.50
Jul 25, 2023 11:00 AM;Jul 25, 2023 12:00 PM;59,994.75;60,003.75;9.00;32,605.00
Jul 25, 2023 12:00 PM;Jul 25, 2023 1:00 PM;59,077.00;59,321.50;244.50;29,785.50
Jul 25, 2023 1:00 PM;Jul 25, 2023 2:00 PM;57,939.50;59,016.75;1,077.25;26,841.25
Jul 25, 2023 2:00 PM;Jul 25, 2023 3:00 PM;57,662.25;59,457.25;1,795.00;25,503.25
Jul 25, 2023 3:00 PM;Jul 25, 2023 4:00 PM;56,541.00;57,986.75;1,445.75;25,169.00
Jul 25, 2023 4:00 PM;Jul 25, 2023 5:00 PM;55,363.50;57,012.00;1,648.50;25,752.75
Jul 25, 2023 5:00 PM;Jul 25, 2023 6:00 PM;55,099.00;55,869.75;770.75;30,062.75
Jul 25, 2023 6:00 PM;Jul 25, 2023 7:00 PM;54,600.25;54,837.25;237.00;33,738.75
Jul 25, 2023 7:00 PM;Jul 25, 2023 8:00 PM;53,806.50;53,814.25;7.75;36,987.50
Jul 25, 2023 8:00 PM;Jul 25, 2023 9:00 PM;51,594.75;51,600.25;5.50;38,741.75
Jul 25, 2023 9:00 PM;Jul 25, 2023 10:00 PM;50,089.50;50,135.25;45.75;38,377.25
Jul 25, 2023 10:00 PM;Jul 25, 2023 11:00 PM;47,436.75;47,694.00;257.25;35,235.75
Jul 25, 2023 11:00 PM;Jul 26, 2023 12:00 AM;43,942.75;44,532.00;589.25;30,959.00
Jul 26, 2023 12:00 AM;Jul 26, 2023 1:00 AM;41,612.00;42,491.00;879.00;27,534.00
Jul 26, 2023 1:00 AM;Jul 26, 2023 2:00 AM;40,185.00;41,024.50;839.50;25,443.75
Jul 26, 2023 2:00 AM;Jul 26, 2023 3:00 AM;39,459.00;40,683.75;1,224.75;24,653.75
Jul 26, 2023 3:00 AM;Jul 26, 2023 4:00 AM;39,703.75;41,258.75;1,555.00;25,374.75
Jul 26, 2023 4:00 AM;Jul 26, 2023 5:00 AM;40,329.00;41,538.00;1,209.00;26,731.75
Jul 26, 2023 5:00 AM;Jul 26, 2023 6:00 AM;42,914.50;43,595.25;680.75;29,397.75
Jul 26, 2023 6:00 AM;Jul 26, 2023 7:00 AM;48,844.50;49,182.75;338.25;35,141.25
Jul 26, 2023 7:00 AM;Jul 26, 2023 8:00 AM;53,182.75;53,195.50;12.75;38,189.00
Jul 26, 2023 8:00 AM;Jul 26, 2023 9:00 AM;56,228.25;56,299.00;70.75;37,393.50
Jul 26, 2023 9:00 AM;Jul 26, 2023 10:00 AM;57,996.00;58,267.50;271.50;32,973.75
Jul 26, 2023 10:00 AM;Jul 26, 2023 11:00 AM;59,229.00;60,656.50;1,427.50;27,349.75
Jul 26, 2023 11:00 AM;Jul 26, 2023 12:00 PM;59,762.00;61,225.50;1,463.50;22,697.00
Jul 26, 2023 12:00 PM;Jul 26, 2023 1:00 PM;59,596.00;62,284.50;2,688.50;20,187.50
Jul 26, 2023 1:00 PM;Jul 26, 2023 2:00 PM;57,453.25;60,971.25;3,518.00;18,246.50
Jul 26, 2023 2:00 PM;Jul 26, 2023 3:00 PM;55,783.25;60,063.75;4,280.50;16,845.00
Jul 26, 2023 3:00 PM;Jul 26, 2023 4:00 PM;55,088.50;59,173.50;4,085.00;17,772.25
Jul 26, 2023 4:00 PM;Jul 26, 2023 5:00 PM;54,735.50;57,223.00;2,487.50;19,178.25
Jul 26, 2023 5:00 PM;Jul 26, 2023 6:00 PM;54,659.25;55,886.75;1,227.50;24,312.75
Jul 26, 2023 6:00 PM;Jul 26, 2023 7:00 PM;54,130.25;54,580.75;450.50;31,247.50
Jul 26, 2023 7:00 PM;Jul 26, 2023 8:00 PM;53,462.25;53,547.25;85.00;38,229.25
Jul 26, 2023 8:00 PM;Jul 26, 2023 9:00 PM;51,399.00;51,404.25;5.25;40,670.25
Jul 26, 2023 9:00 PM;Jul 26, 2023 10:00 PM;49,979.50;49,988.50;9.00;39,794.75
Jul 26, 2023 10:00 PM;Jul 26, 2023 11:00 PM;46,910.75;47,116.75;206.00;35,967.50
Jul 26, 2023 11:00 PM;Jul 27, 2023 12:00 AM;43,299.50;44,173.75;874.25;30,903.50
Jul 27, 2023 12:00 AM;Jul 27, 2023 1:00 AM;41,307.50;42,064.50;757.00;27,377.50
Jul 27, 2023 1:00 AM;Jul 27, 2023 2:00 AM;40,111.75;41,739.75;1,628.00;24,762.00
Jul 27, 2023 2:00 AM;Jul 27, 2023 3:00 AM;39,308.00;41,420.25;2,112.25;23,937.75
Jul 27, 2023 3:00 AM;Jul 27, 2023 4:00 AM;39,320.25;41,653.25;2,333.00;24,054.25
Jul 27, 2023 4:00 AM;Jul 27, 2023 5:00 AM;40,362.75;42,509.00;2,146.25;25,351.75
Jul 27, 2023 5:00 AM;Jul 27, 2023 6:00 AM;43,170.25;44,420.00;1,249.75;28,746.50
Jul 27, 2023 6:00 AM;Jul 27, 2023 7:00 AM;49,197.75;49,756.50;558.75;33,247.75
Jul 27, 2023 7:00 AM;Jul 27, 2023 8:00 AM;53,874.50;53,946.50;72.00;35,960.25
Jul 27, 2023 8:00 AM;Jul 27, 2023 9:00 AM;56,768.75;56,796.75;28.00;36,578.25
Jul 27, 2023 9:00 AM;Jul 27, 2023 10:00 AM;58,384.25;58,411.25;27.00;35,541.50
Jul 27, 2023 10:00 AM;Jul 27, 2023 11:00 AM;59,923.75;59,939.75;16.00;34,759.75
Jul 27, 2023 11:00 AM;Jul 27, 2023 12:00 PM;60,808.50;60,820.50;12.00;33,888.00
Jul 27, 2023 12:00 PM;Jul 27, 2023 1:00 PM;59,864.75;60,280.50;415.75;31,835.00
Jul 27, 2023 1:00 PM;Jul 27, 2023 2:00 PM;58,821.50;59,230.50;409.00;30,421.75
Jul 27, 2023 2:00 PM;Jul 27, 2023 3:00 PM;57,804.00;58,550.75;746.75;30,203.75
Jul 27, 2023 3:00 PM;Jul 27, 2023 4:00 PM;56,674.50;57,471.00;796.50;30,875.25
Jul 27, 2023 4:00 PM;Jul 27, 2023 5:00 PM;55,545.00;56,095.00;550.00;31,717.75
Jul 27, 2023 5:00 PM;Jul 27, 2023 6:00 PM;55,888.50;56,548.50;660.00;34,409.75
Jul 27, 2023 6:00 PM;Jul 27, 2023 7:00 PM;55,260.75;55,269.75;9.00;36,946.25
Jul 27, 2023 7:00 PM;Jul 27, 2023 8:00 PM;53,727.25;53,731.25;4.00;37,744.50
Jul 27, 2023 8:00 PM;Jul 27, 2023 9:00 PM;51,227.75;51,231.75;4.00;36,345.50
Jul 27, 2023 9:00 PM;Jul 27, 2023 10:00 PM;49,431.50;49,460.75;29.25;34,895.25
Jul 27, 2023 10:00 PM;Jul 27, 2023 11:00 PM;47,001.75;47,190.00;188.25;32,229.50
Jul 27, 2023 11:00 PM;Jul 28, 2023 12:00 AM;43,653.75;43,976.75;323.00;28,689.00
Jul 28, 2023 12:00 AM;Jul 28, 2023 1:00 AM;41,305.00;41,704.25;399.25;26,757.25
Jul 28, 2023 1:00 AM;Jul 28, 2023 2:00 AM;40,009.25;40,771.25;762.00;26,091.50
Jul 28, 2023 2:00 AM;Jul 28, 2023 3:00 AM;39,246.00;40,350.25;1,104.25;25,875.50
Jul 28, 2023 3:00 AM;Jul 28, 2023 4:00 AM;39,498.75;41,465.25;1,966.50;26,371.25
Jul 28, 2023 4:00 AM;Jul 28, 2023 5:00 AM;40,244.00;41,652.25;1,408.25;27,275.50
Jul 28, 2023 5:00 AM;Jul 28, 2023 6:00 AM;42,887.25;43,395.00;507.75;30,149.75
Jul 28, 2023 6:00 AM;Jul 28, 2023 7:00 AM;48,529.00;48,677.50;148.50;34,760.25
Jul 28, 2023 7:00 AM;Jul 28, 2023 8:00 AM;53,419.50;53,439.50;20.00;37,914.50
Jul 28, 2023 8:00 AM;Jul 28, 2023 9:00 AM;57,086.50;57,095.75;9.25;38,745.50
Jul 28, 2023 9:00 AM;Jul 28, 2023 10:00 AM;58,441.75;58,470.50;28.75;36,214.25
Jul 28, 2023 10:00 AM;Jul 28, 2023 11:00 AM;59,506.50;59,560.00;53.50;33,438.50
Jul 28, 2023 11:00 AM;Jul 28, 2023 12:00 PM;60,210.75;60,635.75;425.00;31,201.75
Jul 28, 2023 12:00 PM;Jul 28, 2023 1:00 PM;59,007.50;59,243.75;236.25;28,406.50
Jul 28, 2023 1:00 PM;Jul 28, 2023 2:00 PM;56,969.00;58,649.00;1,680.00;25,819.50
Jul 28, 2023 2:00 PM;Jul 28, 2023 3:00 PM;55,976.50;59,639.75;3,663.25;24,611.00
Jul 28, 2023 3:00 PM;Jul 28, 2023 4:00 PM;54,503.75;57,157.75;2,654.00;25,071.25
Jul 28, 2023 4:00 PM;Jul 28, 2023 5:00 PM;53,244.00;54,754.75;1,510.75;27,629.25
Jul 28, 2023 5:00 PM;Jul 28, 2023 6:00 PM;53,614.25;53,889.50;275.25;33,922.00
Jul 28, 2023 6:00 PM;Jul 28, 2023 7:00 PM;53,338.75;53,352.50;13.75;39,638.25
Jul 28, 2023 7:00 PM;Jul 28, 2023 8:00 PM;52,017.25;52,025.25;8.00;43,215.25
Jul 28, 2023 8:00 PM;Jul 28, 2023 9:00 PM;49,782.25;49,787.25;5.00;44,261.25
Jul 28, 2023 9:00 PM;Jul 28, 2023 10:00 PM;47,967.25;47,972.25;5.00;43,242.00
Jul 28, 2023 10:00 PM;Jul 28, 2023 11:00 PM;45,902.00;45,909.25;7.25;41,331.00
Jul 28, 2023 11:00 PM;Jul 29, 2023 12:00 AM;42,472.50;42,574.50;102.00;37,519.75
Jul 29, 2023 12:00 AM;Jul 29, 2023 1:00 AM;39,788.25;39,983.25;195.00;34,599.25
Jul 29, 2023 1:00 AM;Jul 29, 2023 2:00 AM;37,347.75;37,619.25;271.50;31,678.50
Jul 29, 2023 2:00 AM;Jul 29, 2023 3:00 AM;36,133.50;36,485.25;351.75;29,788.25
Jul 29, 2023 3:00 AM;Jul 29, 2023 4:00 AM;35,626.75;35,987.25;360.50;28,509.25
Jul 29, 2023 4:00 AM;Jul 29, 2023 5:00 AM;35,748.75;35,959.75;211.00;28,303.00
Jul 29, 2023 5:00 AM;Jul 29, 2023 6:00 AM;36,484.00;36,703.50;219.50;28,469.50
Jul 29, 2023 6:00 AM;Jul 29, 2023 7:00 AM;37,984.25;38,205.25;221.00;28,622.00
Jul 29, 2023 7:00 AM;Jul 29, 2023 8:00 AM;40,766.75;41,031.50;264.75;28,876.75
Jul 29, 2023 8:00 AM;Jul 29, 2023 9:00 AM;44,154.50;44,337.00;182.50;29,075.75
Jul 29, 2023 9:00 AM;Jul 29, 2023 10:00 AM;46,880.25;47,751.50;871.25;26,954.75
Jul 29, 2023 10:00 AM;Jul 29, 2023 11:00 AM;48,219.00;48,783.00;564.00;22,670.75
Jul 29, 2023 11:00 AM;Jul 29, 2023 12:00 PM;49,609.75;51,111.00;1,501.25;17,596.00
Jul 29, 2023 12:00 PM;Jul 29, 2023 1:00 PM;49,107.00;52,670.25;3,563.25;11,925.75
Jul 29, 2023 1:00 PM;Jul 29, 2023 2:00 PM;47,073.00;51,177.50;4,104.50;8,670.50
Jul 29, 2023 2:00 PM;Jul 29, 2023 3:00 PM;45,675.00;50,030.25;4,355.25;5,541.25
Jul 29, 2023 3:00 PM;Jul 29, 2023 4:00 PM;45,796.75;49,435.25;3,638.50;7,670.25
Jul 29, 2023 4:00 PM;Jul 29, 2023 5:00 PM;45,765.75;49,475.25;3,709.50;11,539.50
Jul 29, 2023 5:00 PM;Jul 29, 2023 6:00 PM;45,900.00;48,050.50;2,150.50;15,364.75
Jul 29, 2023 6:00 PM;Jul 29, 2023 7:00 PM;46,131.75;46,720.00;588.25;22,911.00
Jul 29, 2023 7:00 PM;Jul 29, 2023 8:00 PM;45,624.50;45,906.00;281.50;30,798.50
Jul 29, 2023 8:00 PM;Jul 29, 2023 9:00 PM;43,660.25;43,667.25;7.00;33,698.50
Jul 29, 2023 9:00 PM;Jul 29, 2023 10:00 PM;42,586.50;42,592.50;6.00;33,442.25
Jul 29, 2023 10:00 PM;Jul 29, 2023 11:00 PM;41,384.75;41,416.25;31.50;32,350.25
Jul 29, 2023 11:00 PM;Jul 30, 2023 12:00 AM;38,907.50;38,914.75;7.25;29,868.75
Jul 30, 2023 12:00 AM;Jul 30, 2023 1:00 AM;36,345.00;36,444.00;99.00;26,825.75
Jul 30, 2023 1:00 AM;Jul 30, 2023 2:00 AM;34,940.75;35,890.75;950.00;24,639.00
Jul 30, 2023 2:00 AM;Jul 30, 2023 3:00 AM;33,801.25;34,751.25;950.00;22,768.00
Jul 30, 2023 3:00 AM;Jul 30, 2023 4:00 AM;33,245.50;33,874.75;629.25;21,760.50
Jul 30, 2023 4:00 AM;Jul 30, 2023 5:00 AM;33,213.25;34,124.50;911.25;21,350.50
Jul 30, 2023 5:00 AM;Jul 30, 2023 6:00 AM;33,598.50;34,596.75;998.25;20,983.75
Jul 30, 2023 6:00 AM;Jul 30, 2023 7:00 AM;34,162.25;35,294.00;1,131.75;20,718.25
Jul 30, 2023 7:00 AM;Jul 30, 2023 8:00 AM;36,009.25;37,269.00;1,259.75;20,168.00
Jul 30, 2023 8:00 AM;Jul 30, 2023 9:00 AM;38,866.75;40,747.50;1,880.75;16,995.75
Jul 30, 2023 9:00 AM;Jul 30, 2023 10:00 AM;41,759.50;44,215.75;2,456.25;13,014.00
Jul 30, 2023 10:00 AM;Jul 30, 2023 11:00 AM;43,486.00;45,968.00;2,482.00;8,784.00
Jul 30, 2023 11:00 AM;Jul 30, 2023 12:00 PM;45,484.75;48,670.25;3,185.50;4,932.75
Jul 30, 2023 12:00 PM;Jul 30, 2023 1:00 PM;45,028.00;48,492.25;3,464.25;3,231.00
Jul 30, 2023 1:00 PM;Jul 30, 2023 2:00 PM;43,733.00;47,827.75;4,094.75;4,290.25
Jul 30, 2023 2:00 PM;Jul 30, 2023 3:00 PM;42,177.00;46,219.75;4,042.75;1,062.00
Jul 30, 2023 3:00 PM;Jul 30, 2023 4:00 PM;41,271.50;45,102.00;3,830.50;-193.50
Jul 30, 2023 4:00 PM;Jul 30, 2023 5:00 PM;40,748.00;44,523.50;3,775.50;-2,033.00
Jul 30, 2023 5:00 PM;Jul 30, 2023 6:00 PM;41,969.00;45,016.50;3,047.50;1,737.50
Jul 30, 2023 6:00 PM;Jul 30, 2023 7:00 PM;43,908.50;46,204.25;2,295.75;8,540.50
Jul 30, 2023 7:00 PM;Jul 30, 2023 8:00 PM;44,610.00;46,379.25;1,769.25;16,659.00
Jul 30, 2023 8:00 PM;Jul 30, 2023 9:00 PM;43,512.75;44,038.50;525.75;20,901.50
Jul 30, 2023 9:00 PM;Jul 30, 2023 10:00 PM;42,373.25;42,519.75;146.50;20,500.00
Jul 30, 2023 10:00 PM;Jul 30, 2023 11:00 PM;41,907.50;42,276.75;369.25;19,784.25
Jul 30, 2023 11:00 PM;Jul 31, 2023 12:00 AM;40,131.00;40,879.25;748.25;18,455.75
Jul 31, 2023 12:00 AM;Jul 31, 2023 1:00 AM;38,762.00;40,169.75;1,407.75;17,036.50
Jul 31, 2023 1:00 AM;Jul 31, 2023 2:00 AM;37,542.00;40,074.50;2,532.50;15,003.50
Jul 31, 2023 2:00 AM;Jul 31, 2023 3:00 AM;37,099.50;40,264.75;3,165.25;14,608.50
Jul 31, 2023 3:00 AM;Jul 31, 2023 4:00 AM;37,067.00;40,624.00;3,557.00;14,182.75
Jul 31, 2023 4:00 AM;Jul 31, 2023 5:00 AM;38,146.00;41,839.75;3,693.75;15,265.50
Jul 31, 2023 5:00 AM;Jul 31, 2023 6:00 AM;41,638.75;43,353.75;1,715.00;19,121.50
Jul 31, 2023 6:00 AM;Jul 31, 2023 7:00 AM;47,347.00;47,945.00;598.00;23,675.00
Jul 31, 2023 7:00 AM;Jul 31, 2023 8:00 AM;52,557.50;52,796.50;239.00;27,080.50
Jul 31, 2023 8:00 AM;Jul 31, 2023 9:00 AM;55,980.00;55,988.25;8.25;27,948.25
Jul 31, 2023 9:00 AM;Jul 31, 2023 10:00 AM;57,463.50;57,576.50;113.00;25,558.50
Jul 31, 2023 10:00 AM;Jul 31, 2023 11:00 AM;58,500.00;59,035.50;535.50;21,697.25
Jul 31, 2023 11:00 AM;Jul 31, 2023 12:00 PM;59,730.50;61,331.75;1,601.25;18,228.00
Jul 31, 2023 12:00 PM;Jul 31, 2023 1:00 PM;59,937.50;62,539.00;2,601.50;16,130.00
Jul 31, 2023 1:00 PM;Jul 31, 2023 2:00 PM;59,532.25;61,949.00;2,416.75;15,052.75
Jul 31, 2023 2:00 PM;Jul 31, 2023 3:00 PM;58,165.50;60,916.25;2,750.75;14,261.25
Jul 31, 2023 3:00 PM;Jul 31, 2023 4:00 PM;57,048.25;59,345.25;2,297.00;14,894.00
Jul 31, 2023 4:00 PM;Jul 31, 2023 5:00 PM;56,084.25;56,751.00;666.75;17,569.00
Jul 31, 2023 5:00 PM;Jul 31, 2023 6:00 PM;55,901.75;56,118.25;216.50;23,534.25
Jul 31, 2023 6:00 PM;Jul 31, 2023 7:00 PM;55,311.00;55,319.75;8.75;28,263.00
Jul 31, 2023 7:00 PM;Jul 31, 2023 8:00 PM;53,863.25;53,866.25;3.00;30,212.75
Jul 31, 2023 8:00 PM;Jul 31, 2023 9:00 PM;51,605.25;51,608.25;3.00;29,834.50
Jul 31, 2023 9:00 PM;Jul 31, 2023 10:00 PM;50,323.50;50,353.50;30.00;28,641.75
Jul 31, 2023 10:00 PM;Jul 31, 2023 11:00 PM;47,501.25;47,589.00;87.75;25,688.00
Jul 31, 2023 11:00 PM;Aug 1, 2023 12:00 AM;44,315.75;45,034.25;718.50;21,866.25
Aug 1, 2023 12:00 AM;Aug 1, 2023 1:00 AM;41,544.25;41,739.50;195.25;20,360.50
Aug 1, 2023 1:00 AM;Aug 1, 2023 2:00 AM;39,987.50;40,430.50;443.00;19,056.75
Aug 1, 2023 2:00 AM;Aug 1, 2023 3:00 AM;38,892.75;40,687.00;1,794.25;18,894.25
Aug 1, 2023 3:00 AM;Aug 1, 2023 4:00 AM;38,807.50;39,995.50;1,188.00;19,112.00
Aug 1, 2023 4:00 AM;Aug 1, 2023 5:00 AM;39,791.50;41,268.50;1,477.00;19,910.50
Aug 1, 2023 5:00 AM;Aug 1, 2023 6:00 AM;42,663.25;43,676.00;1,012.75;22,166.00
Aug 1, 2023 6:00 AM;Aug 1, 2023 7:00 AM;48,807.00;49,142.00;335.00;26,691.25
Aug 1, 2023 7:00 AM;Aug 1, 2023 8:00 AM;53,633.75;53,643.25;9.50;30,250.75
Aug 1, 2023 8:00 AM;Aug 1, 2023 9:00 AM;56,617.25;56,623.50;6.25;32,307.25
Aug 1, 2023 9:00 AM;Aug 1, 2023 10:00 AM;58,311.25;58,428.50;117.25;31,178.25
Aug 1, 2023 10:00 AM;Aug 1, 2023 11:00 AM;59,338.50;59,383.00;44.50;27,790.75
Aug 1, 2023 11:00 AM;Aug 1, 2023 12:00 PM;60,935.25;61,678.25;743.00;24,090.00
Aug 1, 2023 12:00 PM;Aug 1, 2023 1:00 PM;59,771.25;62,267.75;2,496.50;18,738.75
Aug 1, 2023 1:00 PM;Aug 1, 2023 2:00 PM;58,291.00;61,759.75;3,468.75;14,225.25
Aug 1, 2023 2:00 PM;Aug 1, 2023 3:00 PM;56,591.25;60,816.75;4,225.50;9,557.25
Aug 1, 2023 3:00 PM;Aug 1, 2023 4:00 PM;55,877.25;60,520.75;4,643.50;8,202.25
Aug 1, 2023 4:00 PM;Aug 1, 2023 5:00 PM;55,310.50;59,739.50;4,429.00;9,694.00
Aug 1, 2023 5:00 PM;Aug 1, 2023 6:00 PM;55,307.75;58,762.00;3,454.25;13,351.50
Aug 1, 2023 6:00 PM;Aug 1, 2023 7:00 PM;55,283.25;56,644.50;1,361.25;19,397.00
Aug 1, 2023 7:00 PM;Aug 1, 2023 8:00 PM;54,023.25;54,162.75;139.50;26,517.25
Aug 1, 2023 8:00 PM;Aug 1, 2023 9:00 PM;51,897.00;51,909.75;12.75;30,013.25
Aug 1, 2023 9:00 PM;Aug 1, 2023 10:00 PM;50,557.75;50,645.25;87.50;29,130.00
Aug 1, 2023 10:00 PM;Aug 1, 2023 11:00 PM;47,776.00;47,833.50;57.50;26,696.00
Aug 1, 2023 11:00 PM;Aug 2, 2023 12:00 AM;44,589.25;44,784.00;194.75;23,111.00
Aug 2, 2023 12:00 AM;Aug 2, 2023 1:00 AM;42,244.25;42,581.00;336.75;21,294.00
Aug 2, 2023 1:00 AM;Aug 2, 2023 2:00 AM;40,768.25;41,393.25;625.00;20,728.25
Aug 2, 2023 2:00 AM;Aug 2, 2023 3:00 AM;40,321.25;42,737.25;2,416.00;21,902.00
Aug 2, 2023 3:00 AM;Aug 2, 2023 4:00 AM;40,130.75;42,934.00;2,803.25;22,835.00
Aug 2, 2023 4:00 AM;Aug 2, 2023 5:00 AM;40,906.75;42,904.25;1,997.50;25,182.75
Aug 2, 2023 5:00 AM;Aug 2, 2023 6:00 AM;43,506.25;43,887.75;381.50;28,680.25
Aug 2, 2023 6:00 AM;Aug 2, 2023 7:00 AM;49,297.25;49,356.25;59.00;33,824.50
Aug 2, 2023 7:00 AM;Aug 2, 2023 8:00 AM;53,925.25;53,941.25;16.00;36,997.75
Aug 2, 2023 8:00 AM;Aug 2, 2023 9:00 AM;56,733.75;56,748.75;15.00;36,172.25
Aug 2, 2023 9:00 AM;Aug 2, 2023 10:00 AM;58,231.75;58,370.75;139.00;33,526.75
Aug 2, 2023 10:00 AM;Aug 2, 2023 11:00 AM;60,000.00;60,255.50;255.50;30,401.25
Aug 2, 2023 11:00 AM;Aug 2, 2023 12:00 PM;61,374.50;61,794.75;420.25;27,451.25
Aug 2, 2023 12:00 PM;Aug 2, 2023 1:00 PM;60,749.50;61,845.50;1,096.00;22,637.25
Aug 2, 2023 1:00 PM;Aug 2, 2023 2:00 PM;60,426.00;63,179.00;2,753.00;19,539.50
Aug 2, 2023 2:00 PM;Aug 2, 2023 3:00 PM;59,191.50;62,566.75;3,375.25;17,256.50
Aug 2, 2023 3:00 PM;Aug 2, 2023 4:00 PM;58,695.00;61,825.50;3,130.50;17,394.25
Aug 2, 2023 4:00 PM;Aug 2, 2023 5:00 PM;57,152.75;59,967.50;2,814.75;17,242.50
Aug 2, 2023 5:00 PM;Aug 2, 2023 6:00 PM;56,296.50;57,719.50;1,423.00;19,327.00
Aug 2, 2023 6:00 PM;Aug 2, 2023 7:00 PM;55,755.25;56,044.50;289.25;23,729.00
Aug 2, 2023 7:00 PM;Aug 2, 2023 8:00 PM;55,010.75;55,017.75;7.00;25,900.75
Aug 2, 2023 8:00 PM;Aug 2, 2023 9:00 PM;53,265.00;53,274.75;9.75;27,029.75
Aug 2, 2023 9:00 PM;Aug 2, 2023 10:00 PM;51,029.00;51,040.75;11.75;25,193.00
Aug 2, 2023 10:00 PM;Aug 2, 2023 11:00 PM;48,934.25;49,074.50;140.25;22,860.00
Aug 2, 2023 11:00 PM;Aug 3, 2023 12:00 AM;45,524.50;45,923.75;399.25;18,877.00
Aug 3, 2023 12:00 AM;Aug 3, 2023 1:00 AM;43,086.75;44,716.50;1,629.75;16,248.50
Aug 3, 2023 1:00 AM;Aug 3, 2023 2:00 AM;41,338.25;44,484.50;3,146.25;14,431.25
Aug 3, 2023 2:00 AM;Aug 3, 2023 3:00 AM;40,744.50;44,878.75;4,134.25;13,210.25
Aug 3, 2023 3:00 AM;Aug 3, 2023 4:00 AM;41,175.25;45,501.50;4,326.25;12,999.25
Aug 3, 2023 4:00 AM;Aug 3, 2023 5:00 AM;41,752.75;45,673.75;3,921.00;13,037.50
Aug 3, 2023 5:00 AM;Aug 3, 2023 6:00 AM;44,831.50;47,719.75;2,888.25;15,471.75
Aug 3, 2023 6:00 AM;Aug 3, 2023 7:00 AM;50,434.25;51,126.25;692.00;18,856.00
Aug 3, 2023 7:00 AM;Aug 3, 2023 8:00 AM;54,858.00;54,884.00;26.00;19,563.50
Aug 3, 2023 8:00 AM;Aug 3, 2023 9:00 AM;57,667.25;57,788.50;121.25;17,046.00
Aug 3, 2023 9:00 AM;Aug 3, 2023 10:00 AM;58,315.25;58,708.25;393.00;13,092.50
Aug 3, 2023 10:00 AM;Aug 3, 2023 11:00 AM;59,910.75;60,411.50;500.75;10,681.75
Aug 3, 2023 11:00 AM;Aug 3, 2023 12:00 PM;61,043.00;62,740.25;1,697.25;8,120.00
Aug 3, 2023 12:00 PM;Aug 3, 2023 1:00 PM;60,385.25;63,205.50;2,820.25;4,979.75
Aug 3, 2023 1:00 PM;Aug 3, 2023 2:00 PM;58,628.00;62,226.00;3,598.00;1,795.25
Aug 3, 2023 2:00 PM;Aug 3, 2023 3:00 PM;56,915.00;60,961.75;4,046.75;-460.75
Aug 3, 2023 3:00 PM;Aug 3, 2023 4:00 PM;55,472.00;59,136.50;3,664.50;-523.50
Aug 3, 2023 4:00 PM;Aug 3, 2023 5:00 PM;55,309.25;59,207.75;3,898.50;3,425.00
Aug 3, 2023 5:00 PM;Aug 3, 2023 6:00 PM;56,108.75;58,855.75;2,747.00;10,372.25
Aug 3, 2023 6:00 PM;Aug 3, 2023 7:00 PM;55,773.75;56,802.75;1,029.00;18,055.25
Aug 3, 2023 7:00 PM;Aug 3, 2023 8:00 PM;55,172.00;55,679.75;507.75;23,248.75
Aug 3, 2023 8:00 PM;Aug 3, 2023 9:00 PM;52,491.25;52,578.00;86.75;26,063.00
Aug 3, 2023 9:00 PM;Aug 3, 2023 10:00 PM;50,671.75;50,697.00;25.25;27,815.50
Aug 3, 2023 10:00 PM;Aug 3, 2023 11:00 PM;47,685.00;47,717.25;32.25;27,419.75
Aug 3, 2023 11:00 PM;Aug 4, 2023 12:00 AM;44,141.75;44,244.00;102.25;26,002.50
Aug 4, 2023 12:00 AM;Aug 4, 2023 1:00 AM;42,006.25;42,288.00;281.75;25,767.00
Aug 4, 2023 1:00 AM;Aug 4, 2023 2:00 AM;40,099.75;40,828.50;728.75;25,486.75
Aug 4, 2023 2:00 AM;Aug 4, 2023 3:00 AM;38,785.25;39,490.50;705.25;25,975.75
Aug 4, 2023 3:00 AM;Aug 4, 2023 4:00 AM;38,792.25;39,839.25;1,047.00;26,925.25
Aug 4, 2023 4:00 AM;Aug 4, 2023 5:00 AM;39,437.00;40,348.75;911.75;29,404.50
Aug 4, 2023 5:00 AM;Aug 4, 2023 6:00 AM;42,316.00;42,787.75;471.75;33,013.00
Aug 4, 2023 6:00 AM;Aug 4, 2023 7:00 AM;47,691.00;47,700.25;9.25;38,245.75
Aug 4, 2023 7:00 AM;Aug 4, 2023 8:00 AM;52,694.25;52,700.75;6.50;41,639.75
Aug 4, 2023 8:00 AM;Aug 4, 2023 9:00 AM;55,832.75;55,838.25;5.50;41,447.00
Aug 4, 2023 9:00 AM;Aug 4, 2023 10:00 AM;57,544.00;57,550.50;6.50;38,203.25
Aug 4, 2023 10:00 AM;Aug 4, 2023 11:00 AM;58,341.00;58,578.50;237.50;34,270.00
Aug 4, 2023 11:00 AM;Aug 4, 2023 12:00 PM;58,624.75;60,010.25;1,385.50;31,051.25
Aug 4, 2023 12:00 PM;Aug 4, 2023 1:00 PM;57,737.50;59,615.50;1,878.00;28,569.75
Aug 4, 2023 1:00 PM;Aug 4, 2023 2:00 PM;56,183.75;59,098.75;2,915.00;25,649.00
Aug 4, 2023 2:00 PM;Aug 4, 2023 3:00 PM;54,598.75;58,549.25;3,950.50;23,600.50
Aug 4, 2023 3:00 PM;Aug 4, 2023 4:00 PM;54,247.00;57,811.25;3,564.25;24,932.00
Aug 4, 2023 4:00 PM;Aug 4, 2023 5:00 PM;52,930.75;54,868.75;1,938.00;27,453.00
Aug 4, 2023 5:00 PM;Aug 4, 2023 6:00 PM;52,642.00;52,910.50;268.50;31,582.25
Aug 4, 2023 6:00 PM;Aug 4, 2023 7:00 PM;52,679.00;52,740.50;61.50;37,010.75
Aug 4, 2023 7:00 PM;Aug 4, 2023 8:00 PM;51,805.75;51,833.25;27.50;41,702.75
Aug 4, 2023 8:00 PM;Aug 4, 2023 9:00 PM;49,489.75;49,497.00;7.25;43,589.50
Aug 4, 2023 9:00 PM;Aug 4, 2023 10:00 PM;47,827.50;47,866.25;38.75;43,323.75
Aug 4, 2023 10:00 PM;Aug 4, 2023 11:00 PM;45,041.50;45,049.00;7.50;40,967.00
Aug 4, 2023 11:00 PM;Aug 5, 2023 12:00 AM;41,896.75;41,994.50;97.75;37,634.25
Aug 5, 2023 12:00 AM;Aug 5, 2023 1:00 AM;39,423.50;39,650.25;226.75;35,021.50
Aug 5, 2023 1:00 AM;Aug 5, 2023 2:00 AM;37,513.25;38,255.75;742.50;33,059.25
Aug 5, 2023 2:00 AM;Aug 5, 2023 3:00 AM;36,098.50;37,276.75;1,178.25;32,041.50
Aug 5, 2023 3:00 AM;Aug 5, 2023 4:00 AM;35,649.50;36,026.50;377.00;31,747.25
Aug 5, 2023 4:00 AM;Aug 5, 2023 5:00 AM;35,617.00;36,181.00;564.00;31,734.75
Aug 5, 2023 5:00 AM;Aug 5, 2023 6:00 AM;36,251.25;36,804.50;553.25;32,537.00
Aug 5, 2023 6:00 AM;Aug 5, 2023 7:00 AM;37,559.50;37,881.50;322.00;33,815.00
Aug 5, 2023 7:00 AM;Aug 5, 2023 8:00 AM;39,761.75;40,095.25;333.50;33,664.75
Aug 5, 2023 8:00 AM;Aug 5, 2023 9:00 AM;42,897.00;43,292.25;395.25;31,925.75
Aug 5, 2023 9:00 AM;Aug 5, 2023 10:00 AM;45,062.25;45,936.00;873.75;28,429.75
Aug 5, 2023 10:00 AM;Aug 5, 2023 11:00 AM;46,301.50;48,003.75;1,702.25;24,714.50
Aug 5, 2023 11:00 AM;Aug 5, 2023 12:00 PM;47,311.75;50,626.75;3,315.00;21,941.75
Aug 5, 2023 12:00 PM;Aug 5, 2023 1:00 PM;47,168.00;51,752.75;4,584.75;19,983.50
Aug 5, 2023 1:00 PM;Aug 5, 2023 2:00 PM;45,826.50;50,321.00;4,494.50;19,074.25
Aug 5, 2023 2:00 PM;Aug 5, 2023 3:00 PM;44,532.50;48,795.00;4,262.50;19,305.00
Aug 5, 2023 3:00 PM;Aug 5, 2023 4:00 PM;43,866.00;47,056.50;3,190.50;21,349.25
Aug 5, 2023 4:00 PM;Aug 5, 2023 5:00 PM;43,976.25;45,367.25;1,391.00;25,226.00
Aug 5, 2023 5:00 PM;Aug 5, 2023 6:00 PM;44,552.75;44,860.75;308.00;29,828.00
Aug 5, 2023 6:00 PM;Aug 5, 2023 7:00 PM;45,082.75;45,279.50;196.75;33,929.50
Aug 5, 2023 7:00 PM;Aug 5, 2023 8:00 PM;44,557.50;44,564.75;7.25;36,460.75
Aug 5, 2023 8:00 PM;Aug 5, 2023 9:00 PM;43,176.00;43,183.00;7.00;36,589.00
Aug 5, 2023 9:00 PM;Aug 5, 2023 10:00 PM;42,118.75;42,129.75;11.00;35,374.75
Aug 5, 2023 10:00 PM;Aug 5, 2023 11:00 PM;40,312.75;40,326.75;14.00;32,778.50
Aug 5, 2023 11:00 PM;Aug 6, 2023 12:00 AM;37,932.50;38,193.25;260.75;30,750.75
Aug 6, 2023 12:00 AM;Aug 6, 2023 1:00 AM;35,528.25;35,713.00;184.75;29,014.25
Aug 6, 2023 1:00 AM;Aug 6, 2023 2:00 AM;34,319.25;34,930.75;611.50;28,792.25
Aug 6, 2023 2:00 AM;Aug 6, 2023 3:00 AM;33,487.75;33,999.00;511.25;28,165.50
Aug 6, 2023 3:00 AM;Aug 6, 2023 4:00 AM;33,239.25;33,538.75;299.50;28,204.25
Aug 6, 2023 4:00 AM;Aug 6, 2023 5:00 AM;33,024.75;33,335.25;310.50;28,293.00
Aug 6, 2023 5:00 AM;Aug 6, 2023 6:00 AM;33,111.25;33,492.25;381.00;28,255.75
Aug 6, 2023 6:00 AM;Aug 6, 2023 7:00 AM;33,238.75;33,532.25;293.50;27,445.50
Aug 6, 2023 7:00 AM;Aug 6, 2023 8:00 AM;34,826.50;35,041.00;214.50;26,967.00
Aug 6, 2023 8:00 AM;Aug 6, 2023 9:00 AM;37,711.50;38,050.00;338.50;26,793.00
Aug 6, 2023 9:00 AM;Aug 6, 2023 10:00 AM;40,962.25;41,524.25;562.00;25,419.75
Aug 6, 2023 10:00 AM;Aug 6, 2023 11:00 AM;43,548.00;45,225.25;1,677.25;23,278.50
Aug 6, 2023 11:00 AM;Aug 6, 2023 12:00 PM;45,483.00;47,872.00;2,389.00;20,675.50
Aug 6, 2023 12:00 PM;Aug 6, 2023 1:00 PM;46,028.75;49,682.75;3,654.00;18,224.50
Aug 6, 2023 1:00 PM;Aug 6, 2023 2:00 PM;45,342.00;49,979.25;4,637.25;17,424.25
Aug 6, 2023 2:00 PM;Aug 6, 2023 3:00 PM;44,132.75;48,824.00;4,691.25;15,551.50
Aug 6, 2023 3:00 PM;Aug 6, 2023 4:00 PM;43,724.25;48,364.50;4,640.25;15,041.25
Aug 6, 2023 4:00 PM;Aug 6, 2023 5:00 PM;43,776.25;48,477.75;4,701.50;16,637.25
Aug 6, 2023 5:00 PM;Aug 6, 2023 6:00 PM;45,211.00;48,967.75;3,756.75;19,889.50
Aug 6, 2023 6:00 PM;Aug 6, 2023 7:00 PM;46,086.00;46,547.00;461.00;23,128.25
Aug 6, 2023 7:00 PM;Aug 6, 2023 8:00 PM;45,696.25;46,069.25;373.00;24,882.25
Aug 6, 2023 8:00 PM;Aug 6, 2023 9:00 PM;44,664.00;44,853.25;189.25;24,447.25
Aug 6, 2023 9:00 PM;Aug 6, 2023 10:00 PM;44,359.50;44,462.00;102.50;23,924.75
Aug 6, 2023 10:00 PM;Aug 6, 2023 11:00 PM;43,396.50;43,524.00;127.50;22,427.50
Aug 6, 2023 11:00 PM;Aug 7, 2023 12:00 AM;40,836.00;41,120.75;284.75;18,549.50
Aug 7, 2023 12:00 AM;Aug 7, 2023 1:00 AM;39,070.50;40,100.75;1,030.25;15,820.50
Aug 7, 2023 1:00 AM;Aug 7, 2023 2:00 AM;37,874.00;39,612.25;1,738.25;12,669.50
Aug 7, 2023 2:00 AM;Aug 7, 2023 3:00 AM;37,857.00;41,000.75;3,143.75;10,862.25
Aug 7, 2023 3:00 AM;Aug 7, 2023 4:00 AM;37,881.50;42,056.25;4,174.75;10,491.25
Aug 7, 2023 4:00 AM;Aug 7, 2023 5:00 AM;39,130.25;43,457.75;4,327.50;10,741.50
Aug 7, 2023 5:00 AM;Aug 7, 2023 6:00 AM;42,119.75;45,945.25;3,825.50;12,458.50
Aug 7, 2023 6:00 AM;Aug 7, 2023 7:00 AM;48,382.25;48,781.75;399.50;16,212.50
Aug 7, 2023 7:00 AM;Aug 7, 2023 8:00 AM;52,977.75;52,986.00;8.25;19,983.00
Aug 7, 2023 8:00 AM;Aug 7, 2023 9:00 AM;56,313.00;56,323.50;10.50;21,052.00
Aug 7, 2023 9:00 AM;Aug 7, 2023 10:00 AM;58,015.75;58,423.25;407.50;18,300.75
Aug 7, 2023 10:00 AM;Aug 7, 2023 11:00 AM;58,632.00;59,433.00;801.00;15,041.50
Aug 7, 2023 11:00 AM;Aug 7, 2023 12:00 PM;59,088.50;59,747.25;658.75;12,158.75
Aug 7, 2023 12:00 PM;Aug 7, 2023 1:00 PM;59,106.75;61,128.00;2,021.25;9,945.00
Aug 7, 2023 1:00 PM;Aug 7, 2023 2:00 PM;58,066.00;61,396.25;3,330.25;6,425.25
Aug 7, 2023 2:00 PM;Aug 7, 2023 3:00 PM;56,637.50;60,459.00;3,821.50;6,682.50
Aug 7, 2023 3:00 PM;Aug 7, 2023 4:00 PM;55,662.00;59,502.25;3,840.25;6,213.00
Aug 7, 2023 4:00 PM;Aug 7, 2023 5:00 PM;55,402.50;58,807.50;3,405.00;7,273.75
Aug 7, 2023 5:00 PM;Aug 7, 2023 6:00 PM;55,910.00;58,381.00;2,471.00;9,844.00
Aug 7, 2023 6:00 PM;Aug 7, 2023 7:00 PM;55,933.50;57,362.75;1,429.25;13,754.25
Aug 7, 2023 7:00 PM;Aug 7, 2023 8:00 PM;54,688.50;54,802.00;113.50;19,496.75
Aug 7, 2023 8:00 PM;Aug 7, 2023 9:00 PM;52,257.00;52,408.25;151.25;23,922.50
Aug 7, 2023 9:00 PM;Aug 7, 2023 10:00 PM;50,648.50;50,854.75;206.25;22,761.75
Aug 7, 2023 10:00 PM;Aug 7, 2023 11:00 PM;47,277.00;47,528.25;251.25;19,770.75
Aug 7, 2023 11:00 PM;Aug 8, 2023 12:00 AM;43,361.25;43,676.50;315.25;16,503.00
Aug 8, 2023 12:00 AM;Aug 8, 2023 1:00 AM;41,065.50;41,809.50;744.00;14,032.25
Aug 8, 2023 1:00 AM;Aug 8, 2023 2:00 AM;39,965.50;41,291.75;1,326.25;12,183.25
Aug 8, 2023 2:00 AM;Aug 8, 2023 3:00 AM;39,045.75;40,261.75;1,216.00;11,342.75
Aug 8, 2023 3:00 AM;Aug 8, 2023 4:00 AM;39,100.75;41,275.00;2,174.25;11,772.00
Aug 8, 2023 4:00 AM;Aug 8, 2023 5:00 AM;39,779.75;41,876.50;2,096.75;13,190.25
Aug 8, 2023 5:00 AM;Aug 8, 2023 6:00 AM;42,200.00;42,566.75;366.75;16,083.75
Aug 8, 2023 6:00 AM;Aug 8, 2023 7:00 AM;48,053.75;48,095.25;41.50;20,769.75
Aug 8, 2023 7:00 AM;Aug 8, 2023 8:00 AM;53,094.25;53,228.50;134.25;22,022.75
Aug 8, 2023 8:00 AM;Aug 8, 2023 9:00 AM;56,664.75;56,877.50;212.75;20,324.00
Aug 8, 2023 9:00 AM;Aug 8, 2023 10:00 AM;57,225.00;58,558.00;1,333.00;13,682.00
Aug 8, 2023 10:00 AM;Aug 8, 2023 11:00 AM;57,872.25;60,963.00;3,090.75;8,982.00
Aug 8, 2023 11:00 AM;Aug 8, 2023 12:00 PM;58,544.75;62,507.25;3,962.50;6,059.75
Aug 8, 2023 12:00 PM;Aug 8, 2023 1:00 PM;58,615.25;62,698.75;4,083.50;5,066.25
Aug 8, 2023 1:00 PM;Aug 8, 2023 2:00 PM;58,565.75;63,126.00;4,560.25;5,087.50
Aug 8, 2023 2:00 PM;Aug 8, 2023 3:00 PM;57,117.75;61,367.50;4,249.75;4,955.50
Aug 8, 2023 3:00 PM;Aug 8, 2023 4:00 PM;56,446.25;60,827.25;4,381.00;5,800.00
Aug 8, 2023 4:00 PM;Aug 8, 2023 5:00 PM;54,989.75;58,649.00;3,659.25;8,427.75
Aug 8, 2023 5:00 PM;Aug 8, 2023 6:00 PM;55,186.75;57,244.50;2,057.75;11,945.00
Aug 8, 2023 6:00 PM;Aug 8, 2023 7:00 PM;54,744.50;55,309.50;565.00;18,167.75
Aug 8, 2023 7:00 PM;Aug 8, 2023 8:00 PM;54,792.50;54,918.25;125.75;25,102.00
Aug 8, 2023 8:00 PM;Aug 8, 2023 9:00 PM;53,310.25;53,316.25;6.00;28,193.75
Aug 8, 2023 9:00 PM;Aug 8, 2023 10:00 PM;51,589.75;51,591.50;1.75;28,723.25
Aug 8, 2023 10:00 PM;Aug 8, 2023 11:00 PM;48,323.75;48,328.25;4.50;26,614.75
Aug 8, 2023 11:00 PM;Aug 9, 2023 12:00 AM;44,843.25;45,164.00;320.75;23,402.25
Aug 9, 2023 12:00 AM;Aug 9, 2023 1:00 AM;41,646.75;42,942.00;1,295.25;21,315.75
Aug 9, 2023 1:00 AM;Aug 9, 2023 2:00 AM;40,480.75;42,179.25;1,698.50;19,707.25
Aug 9, 2023 2:00 AM;Aug 9, 2023 3:00 AM;39,409.50;41,910.25;2,500.75;18,797.75
Aug 9, 2023 3:00 AM;Aug 9, 2023 4:00 AM;39,400.75;42,986.75;3,586.00;19,383.00
Aug 9, 2023 4:00 AM;Aug 9, 2023 5:00 AM;40,646.75;43,545.25;2,898.50;21,254.50
Aug 9, 2023 5:00 AM;Aug 9, 2023 6:00 AM;43,456.50;44,757.25;1,300.75;24,774.00
Aug 9, 2023 6:00 AM;Aug 9, 2023 7:00 AM;49,426.75;49,665.75;239.00;30,744.00
Aug 9, 2023 7:00 AM;Aug 9, 2023 8:00 AM;53,951.75;53,957.75;6.00;35,422.25
Aug 9, 2023 8:00 AM;Aug 9, 2023 9:00 AM;57,061.25;57,063.00;1.75;36,627.00
Aug 9, 2023 9:00 AM;Aug 9, 2023 10:00 AM;57,928.75;58,109.25;180.50;33,115.50
Aug 9, 2023 10:00 AM;Aug 9, 2023 11:00 AM;58,343.75;58,817.75;474.00;28,732.50
Aug 9, 2023 11:00 AM;Aug 9, 2023 12:00 PM;58,618.00;59,900.75;1,282.75;25,758.50
Aug 9, 2023 12:00 PM;Aug 9, 2023 1:00 PM;58,654.00;60,790.00;2,136.00;22,518.25
Aug 9, 2023 1:00 PM;Aug 9, 2023 2:00 PM;57,847.75;61,824.75;3,977.00;19,343.50
Aug 9, 2023 2:00 PM;Aug 9, 2023 3:00 PM;55,951.00;60,209.00;4,258.00;18,477.75
Aug 9, 2023 3:00 PM;Aug 9, 2023 4:00 PM;55,132.25;58,670.00;3,537.75;21,278.25
Aug 9, 2023 4:00 PM;Aug 9, 2023 5:00 PM;54,544.25;56,799.25;2,255.00;25,029.00
Aug 9, 2023 5:00 PM;Aug 9, 2023 6:00 PM;55,169.50;56,399.00;1,229.50;29,749.00
Aug 9, 2023 6:00 PM;Aug 9, 2023 7:00 PM;55,357.75;55,765.00;407.25;35,500.50
Aug 9, 2023 7:00 PM;Aug 9, 2023 8:00 PM;54,404.50;54,411.00;6.50;40,883.25
Aug 9, 2023 8:00 PM;Aug 9, 2023 9:00 PM;52,312.50;52,350.75;38.25;42,926.75
Aug 9, 2023 9:00 PM;Aug 9, 2023 10:00 PM;51,513.50;51,534.00;20.50;42,875.00
Aug 9, 2023 10:00 PM;Aug 9, 2023 11:00 PM;48,174.50;48,211.50;37.00;40,093.50
Aug 9, 2023 11:00 PM;Aug 10, 2023 12:00 AM;45,019.75;45,379.00;359.25;37,359.25
Aug 10, 2023 12:00 AM;Aug 10, 2023 1:00 AM;42,477.00;42,739.75;262.75;35,249.00
Aug 10, 2023 1:00 AM;Aug 10, 2023 2:00 AM;40,599.25;40,922.00;322.75;34,027.75
Aug 10, 2023 2:00 AM;Aug 10, 2023 3:00 AM;39,548.50;39,984.75;436.25;33,387.50
Aug 10, 2023 3:00 AM;Aug 10, 2023 4:00 AM;39,387.50;39,993.75;606.25;33,731.00
Aug 10, 2023 4:00 AM;Aug 10, 2023 5:00 AM;40,307.75;40,856.25;548.50;35,266.00
Aug 10, 2023 5:00 AM;Aug 10, 2023 6:00 AM;43,187.50;43,438.75;251.25;38,279.25
Aug 10, 2023 6:00 AM;Aug 10, 2023 7:00 AM;49,102.50;49,116.75;14.25;43,371.00
Aug 10, 2023 7:00 AM;Aug 10, 2023 8:00 AM;53,955.00;53,968.50;13.50;44,537.25
Aug 10, 2023 8:00 AM;Aug 10, 2023 9:00 AM;56,811.75;56,829.25;17.50;41,071.75
Aug 10, 2023 9:00 AM;Aug 10, 2023 10:00 AM;57,134.00;57,425.75;291.75;33,392.25
Aug 10, 2023 10:00 AM;Aug 10, 2023 11:00 AM;57,626.00;58,997.00;1,371.00;25,921.25
Aug 10, 2023 11:00 AM;Aug 10, 2023 12:00 PM;58,364.75;60,162.25;1,797.50;20,684.50
Aug 10, 2023 12:00 PM;Aug 10, 2023 1:00 PM;57,512.75;61,300.25;3,787.50;17,353.25
Aug 10, 2023 1:00 PM;Aug 10, 2023 2:00 PM;56,192.00;60,562.00;4,370.00;15,798.25
Aug 10, 2023 2:00 PM;Aug 10, 2023 3:00 PM;55,099.00;59,287.00;4,188.00;15,518.00
Aug 10, 2023 3:00 PM;Aug 10, 2023 4:00 PM;54,346.75;58,135.75;3,789.00;17,914.00
Aug 10, 2023 4:00 PM;Aug 10, 2023 5:00 PM;53,497.25;55,481.25;1,984.00;22,482.00
Aug 10, 2023 5:00 PM;Aug 10, 2023 6:00 PM;53,621.50;54,635.00;1,013.50;30,331.25
Aug 10, 2023 6:00 PM;Aug 10, 2023 7:00 PM;54,216.25;54,460.75;244.50;40,169.75
Aug 10, 2023 7:00 PM;Aug 10, 2023 8:00 PM;53,704.00;53,713.00;9.00;47,709.50
Aug 10, 2023 8:00 PM;Aug 10, 2023 9:00 PM;51,915.00;51,917.25;2.25;49,886.25
Aug 10, 2023 9:00 PM;Aug 10, 2023 10:00 PM;50,568.25;50,569.25;1.00;49,160.75
Aug 10, 2023 10:00 PM;Aug 10, 2023 11:00 PM;47,237.00;47,241.75;4.75;45,749.50
Aug 10, 2023 11:00 PM;Aug 11, 2023 12:00 AM;43,587.75;43,663.50;75.75;42,178.75
Aug 11, 2023 12:00 AM;Aug 11, 2023 1:00 AM;41,514.25;41,955.25;441.00;39,859.75
Aug 11, 2023 1:00 AM;Aug 11, 2023 2:00 AM;39,902.00;40,604.25;702.25;38,059.75
Aug 11, 2023 2:00 AM;Aug 11, 2023 3:00 AM;38,626.00;39,248.25;622.25;36,581.50
Aug 11, 2023 3:00 AM;Aug 11, 2023 4:00 AM;38,580.25;39,624.50;1,044.25;36,515.50
Aug 11, 2023 4:00 AM;Aug 11, 2023 5:00 AM;39,198.00;40,037.00;839.00;36,922.25
Aug 11, 2023 5:00 AM;Aug 11, 2023 6:00 AM;41,999.00;42,212.00;213.00;39,258.75
Aug 11, 2023 6:00 AM;Aug 11, 2023 7:00 AM;47,400.50;47,421.25;20.75;42,773.75
Aug 11, 2023 7:00 AM;Aug 11, 2023 8:00 AM;52,016.00;52,059.25;43.25;42,587.50
Aug 11, 2023 8:00 AM;Aug 11, 2023 9:00 AM;55,721.50;55,797.00;75.50;39,083.50
Aug 11, 2023 9:00 AM;Aug 11, 2023 10:00 AM;56,772.50;57,036.00;263.50;32,157.75
Aug 11, 2023 10:00 AM;Aug 11, 2023 11:00 AM;57,517.50;59,386.75;1,869.25;25,441.75
Aug 11, 2023 11:00 AM;Aug 11, 2023 12:00 PM;57,890.25;60,074.25;2,184.00;20,486.25
Aug 11, 2023 12:00 PM;Aug 11, 2023 1:00 PM;56,965.00;60,606.25;3,641.25;16,027.50
Aug 11, 2023 1:00 PM;Aug 11, 2023 2:00 PM;55,327.50;60,325.00;4,997.50;14,283.00
Aug 11, 2023 2:00 PM;Aug 11, 2023 3:00 PM;53,829.50;58,648.00;4,818.50;14,287.00
Aug 11, 2023 3:00 PM;Aug 11, 2023 4:00 PM;53,129.00;57,527.25;4,398.25;15,854.50
Aug 11, 2023 4:00 PM;Aug 11, 2023 5:00 PM;53,034.50;54,803.00;1,768.50;21,235.50
Aug 11, 2023 5:00 PM;Aug 11, 2023 6:00 PM;52,772.00;53,648.25;876.25;28,583.25
Aug 11, 2023 6:00 PM;Aug 11, 2023 7:00 PM;52,804.75;52,978.75;174.00;38,696.75
Aug 11, 2023 7:00 PM;Aug 11, 2023 8:00 PM;52,303.75;52,309.25;5.50;45,968.25
Aug 11, 2023 8:00 PM;Aug 11, 2023 9:00 PM;50,348.25;50,354.25;6.00;46,946.50
Aug 11, 2023 9:00 PM;Aug 11, 2023 10:00 PM;48,829.25;48,841.50;12.25;45,074.75
Aug 11, 2023 10:00 PM;Aug 11, 2023 11:00 PM;45,385.00;45,417.00;32.00;40,123.00
Aug 11, 2023 11:00 PM;Aug 12, 2023 12:00 AM;42,448.00;42,517.25;69.25;36,167.25
Aug 12, 2023 12:00 AM;Aug 12, 2023 1:00 AM;40,019.75;40,172.25;152.50;33,274.75
Aug 12, 2023 1:00 AM;Aug 12, 2023 2:00 AM;38,315.00;38,712.75;397.75;31,349.75
Aug 12, 2023 2:00 AM;Aug 12, 2023 3:00 AM;37,373.25;38,118.50;745.25;30,224.25
Aug 12, 2023 3:00 AM;Aug 12, 2023 4:00 AM;37,073.25;37,837.75;764.50;29,577.50
Aug 12, 2023 4:00 AM;Aug 12, 2023 5:00 AM;37,282.50;38,031.75;749.25;29,776.00
Aug 12, 2023 5:00 AM;Aug 12, 2023 6:00 AM;37,876.50;37,958.50;82.00;30,749.75
Aug 12, 2023 6:00 AM;Aug 12, 2023 7:00 AM;39,190.00;39,270.50;80.50;31,172.25
Aug 12, 2023 7:00 AM;Aug 12, 2023 8:00 AM;41,714.00;41,749.25;35.25;30,378.75
Aug 12, 2023 8:00 AM;Aug 12, 2023 9:00 AM;44,800.25;44,961.75;161.50;30,237.00
Aug 12, 2023 9:00 AM;Aug 12, 2023 10:00 AM;47,578.75;47,704.75;126.00;29,278.75
Aug 12, 2023 10:00 AM;Aug 12, 2023 11:00 AM;49,260.00;49,849.50;589.50;27,056.25
Aug 12, 2023 11:00 AM;Aug 12, 2023 12:00 PM;49,971.75;51,011.25;1,039.50;24,199.75
Aug 12, 2023 12:00 PM;Aug 12, 2023 1:00 PM;50,004.75;52,852.75;2,848.00;21,389.25
Aug 12, 2023 1:00 PM;Aug 12, 2023 2:00 PM;49,014.50;53,560.50;4,546.00;18,239.25
Aug 12, 2023 2:00 PM;Aug 12, 2023 3:00 PM;48,346.25;52,981.75;4,635.50;17,380.50
Aug 12, 2023 3:00 PM;Aug 12, 2023 4:00 PM;47,634.25;51,724.00;4,089.75;17,479.00
Aug 12, 2023 4:00 PM;Aug 12, 2023 5:00 PM;46,536.25;50,415.00;3,878.75;19,331.00
Aug 12, 2023 5:00 PM;Aug 12, 2023 6:00 PM;46,323.25;47,348.25;1,025.00;24,684.25
Aug 12, 2023 6:00 PM;Aug 12, 2023 7:00 PM;47,529.75;47,643.75;114.00;29,897.25
Aug 12, 2023 7:00 PM;Aug 12, 2023 8:00 PM;46,680.00;46,852.25;172.25;33,590.50
Aug 12, 2023 8:00 PM;Aug 12, 2023 9:00 PM;45,376.25;45,389.25;13.00;34,665.25
Aug 12, 2023 9:00 PM;Aug 12, 2023 10:00 PM;44,691.75;44,704.75;13.00;34,931.75
Aug 12, 2023 10:00 PM;Aug 12, 2023 11:00 PM;42,714.00;42,749.00;35.00;32,785.75
Aug 12, 2023 11:00 PM;Aug 13, 2023 12:00 AM;40,133.25;40,281.75;148.50;29,956.00
Aug 13, 2023 12:00 AM;Aug 13, 2023 1:00 AM;37,574.75;37,940.50;365.75;27,168.50
Aug 13, 2023 1:00 AM;Aug 13, 2023 2:00 AM;35,994.25;36,723.00;728.75;25,392.50
Aug 13, 2023 2:00 AM;Aug 13, 2023 3:00 AM;34,617.25;35,735.50;1,118.25;24,119.75
Aug 13, 2023 3:00 AM;Aug 13, 2023 4:00 AM;34,055.00;35,560.50;1,505.50;24,135.75
Aug 13, 2023 4:00 AM;Aug 13, 2023 5:00 AM;33,657.25;34,534.00;876.75;23,902.75
Aug 13, 2023 5:00 AM;Aug 13, 2023 6:00 AM;34,135.00;35,153.00;1,018.00;24,455.75
Aug 13, 2023 6:00 AM;Aug 13, 2023 7:00 AM;34,749.00;35,724.25;975.25;23,930.25
Aug 13, 2023 7:00 AM;Aug 13, 2023 8:00 AM;36,915.25;38,251.00;1,335.75;23,667.50
Aug 13, 2023 8:00 AM;Aug 13, 2023 9:00 AM;39,854.25;41,289.75;1,435.50;22,820.25
Aug 13, 2023 9:00 AM;Aug 13, 2023 10:00 AM;42,210.75;44,150.25;1,939.50;18,991.25
Aug 13, 2023 10:00 AM;Aug 13, 2023 11:00 AM;43,786.75;46,347.75;2,561.00;14,043.00
Aug 13, 2023 11:00 AM;Aug 13, 2023 12:00 PM;45,170.50;49,503.50;4,333.00;11,169.50
Aug 13, 2023 12:00 PM;Aug 13, 2023 1:00 PM;44,643.50;49,246.50;4,603.00;8,665.50
Aug 13, 2023 1:00 PM;Aug 13, 2023 2:00 PM;43,581.75;48,286.75;4,705.00;7,950.00
Aug 13, 2023 2:00 PM;Aug 13, 2023 3:00 PM;42,024.25;46,497.00;4,472.75;8,082.00
Aug 13, 2023 3:00 PM;Aug 13, 2023 4:00 PM;41,935.75;45,841.25;3,905.50;10,781.00
Aug 13, 2023 4:00 PM;Aug 13, 2023 5:00 PM;41,383.00;45,461.00;4,078.00;16,444.00
Aug 13, 2023 5:00 PM;Aug 13, 2023 6:00 PM;42,002.00;43,358.25;1,356.25;24,320.75
Aug 13, 2023 6:00 PM;Aug 13, 2023 7:00 PM;43,325.00;43,773.25;448.25;32,433.25
Aug 13, 2023 7:00 PM;Aug 13, 2023 8:00 PM;43,682.50;43,837.25;154.75;38,384.00
Aug 13, 2023 8:00 PM;Aug 13, 2023 9:00 PM;43,453.00;43,464.00;11.00;41,206.50
Aug 13, 2023 9:00 PM;Aug 13, 2023 10:00 PM;43,450.25;43,491.50;41.25;41,501.00
Aug 13, 2023 10:00 PM;Aug 13, 2023 11:00 PM;41,887.75;41,896.50;8.75;39,495.00
Aug 13, 2023 11:00 PM;Aug 14, 2023 12:00 AM;39,413.00;39,544.00;131.00;36,434.00
Aug 14, 2023 12:00 AM;Aug 14, 2023 1:00 AM;37,718.25;37,788.50;70.25;34,467.75
Aug 14, 2023 1:00 AM;Aug 14, 2023 2:00 AM;36,581.25;37,011.25;430.00;33,214.50
Aug 14, 2023 2:00 AM;Aug 14, 2023 3:00 AM;35,811.75;36,647.00;835.25;32,376.00
Aug 14, 2023 3:00 AM;Aug 14, 2023 4:00 AM;35,834.25;36,532.00;697.75;32,594.50
Aug 14, 2023 4:00 AM;Aug 14, 2023 5:00 AM;36,833.50;37,769.25;935.75;33,729.50
Aug 14, 2023 5:00 AM;Aug 14, 2023 6:00 AM;40,143.00;40,421.25;278.25;37,277.00
Aug 14, 2023 6:00 AM;Aug 14, 2023 7:00 AM;46,208.25;46,237.75;29.50;42,635.75
Aug 14, 2023 7:00 AM;Aug 14, 2023 8:00 AM;50,991.50;50,995.50;4.00;43,284.75
Aug 14, 2023 8:00 AM;Aug 14, 2023 9:00 AM;54,821.00;54,912.25;91.25;40,528.50
Aug 14, 2023 9:00 AM;Aug 14, 2023 10:00 AM;56,676.50;56,863.50;187.00;34,684.25
Aug 14, 2023 10:00 AM;Aug 14, 2023 11:00 AM;57,776.00;58,427.75;651.75;29,110.75
Aug 14, 2023 11:00 AM;Aug 14, 2023 12:00 PM;58,822.50;61,750.25;2,927.75;25,187.50
Aug 14, 2023 12:00 PM;Aug 14, 2023 1:00 PM;58,662.25;62,089.00;3,426.75;22,962.25
Aug 14, 2023 1:00 PM;Aug 14, 2023 2:00 PM;57,689.25;61,250.25;3,561.00;22,378.50
Aug 14, 2023 2:00 PM;Aug 14, 2023 3:00 PM;55,959.00;59,771.75;3,812.75;23,745.25
Aug 14, 2023 3:00 PM;Aug 14, 2023 4:00 PM;55,151.50;58,462.00;3,310.50;26,629.25
Aug 14, 2023 4:00 PM;Aug 14, 2023 5:00 PM;53,908.25;56,617.50;2,709.25;30,392.25
Aug 14, 2023 5:00 PM;Aug 14, 2023 6:00 PM;54,245.00;55,357.75;1,112.75;36,512.00
Aug 14, 2023 6:00 PM;Aug 14, 2023 7:00 PM;54,667.25;54,681.00;13.75;43,128.25
Aug 14, 2023 7:00 PM;Aug 14, 2023 8:00 PM;54,265.50;54,270.25;4.75;48,129.75
Aug 14, 2023 8:00 PM;Aug 14, 2023 9:00 PM;52,527.75;52,537.00;9.25;48,154.50
Aug 14, 2023 9:00 PM;Aug 14, 2023 10:00 PM;51,222.25;51,227.50;5.25;46,076.50
Aug 14, 2023 10:00 PM;Aug 14, 2023 11:00 PM;47,998.25;48,030.75;32.50;41,562.25
Aug 14, 2023 11:00 PM;Aug 15, 2023 12:00 AM;44,471.00;44,699.50;228.50;36,364.25
Aug 15, 2023 12:00 AM;Aug 15, 2023 1:00 AM;42,077.25;42,321.75;244.50;33,069.00
Aug 15, 2023 1:00 AM;Aug 15, 2023 2:00 AM;40,724.25;41,595.75;871.50;31,391.75
Aug 15, 2023 2:00 AM;Aug 15, 2023 3:00 AM;39,670.25;41,422.75;1,752.50;30,788.50
Aug 15, 2023 3:00 AM;Aug 15, 2023 4:00 AM;39,810.00;41,583.50;1,773.50;31,402.25
Aug 15, 2023 4:00 AM;Aug 15, 2023 5:00 AM;39,311.00;40,488.00;1,177.00;31,539.00
Aug 15, 2023 5:00 AM;Aug 15, 2023 6:00 AM;41,993.25;42,283.75;290.50;33,799.75
Aug 15, 2023 6:00 AM;Aug 15, 2023 7:00 AM;47,316.50;47,400.00;83.50;38,352.25
Aug 15, 2023 7:00 AM;Aug 15, 2023 8:00 AM;52,368.50;52,372.75;4.25;39,569.50
Aug 15, 2023 8:00 AM;Aug 15, 2023 9:00 AM;55,454.75;55,492.00;37.25;37,907.00
Aug 15, 2023 9:00 AM;Aug 15, 2023 10:00 AM;56,141.75;56,706.25;564.50;32,380.00
Aug 15, 2023 10:00 AM;Aug 15, 2023 11:00 AM;57,603.25;59,592.25;1,989.00;28,611.25
Aug 15, 2023 11:00 AM;Aug 15, 2023 12:00 PM;58,963.00;61,030.25;2,067.25;26,415.25
Aug 15, 2023 12:00 PM;Aug 15, 2023 1:00 PM;58,707.00;61,920.50;3,213.50;24,021.00
Aug 15, 2023 1:00 PM;Aug 15, 2023 2:00 PM;58,106.00;61,470.25;3,364.25;23,289.75
Aug 15, 2023 2:00 PM;Aug 15, 2023 3:00 PM;57,143.75;62,195.00;5,051.25;22,487.50
Aug 15, 2023 3:00 PM;Aug 15, 2023 4:00 PM;55,924.00;60,664.25;4,740.25;24,546.50
Aug 15, 2023 4:00 PM;Aug 15, 2023 5:00 PM;54,228.25;57,388.50;3,160.25;28,831.25
Aug 15, 2023 5:00 PM;Aug 15, 2023 6:00 PM;53,627.00;54,959.25;1,332.25;34,324.00
Aug 15, 2023 6:00 PM;Aug 15, 2023 7:00 PM;53,978.00;54,262.00;284.00;40,671.00
Aug 15, 2023 7:00 PM;Aug 15, 2023 8:00 PM;53,281.25;53,315.25;34.00;44,912.25
Aug 15, 2023 8:00 PM;Aug 15, 2023 9:00 PM;51,675.25;51,683.75;8.50;46,155.25
Aug 15, 2023 9:00 PM;Aug 15, 2023 10:00 PM;50,582.25;50,588.50;6.25;45,606.75
Aug 15, 2023 10:00 PM;Aug 15, 2023 11:00 PM;47,081.50;47,092.25;10.75;42,406.50
Aug 15, 2023 11:00 PM;Aug 16, 2023 12:00 AM;43,586.50;43,666.75;80.25;38,975.75
Aug 16, 2023 12:00 AM;Aug 16, 2023 1:00 AM;41,390.25;41,513.50;123.25;37,028.50
Aug 16, 2023 1:00 AM;Aug 16, 2023 2:00 AM;39,665.25;41,389.25;1,724.00;35,661.25
Aug 16, 2023 2:00 AM;Aug 16, 2023 3:00 AM;38,937.25;41,727.75;2,790.50;35,110.75
Aug 16, 2023 3:00 AM;Aug 16, 2023 4:00 AM;39,283.75;41,729.00;2,445.25;35,597.50
Aug 16, 2023 4:00 AM;Aug 16, 2023 5:00 AM;39,741.25;42,030.00;2,288.75;36,393.75
Aug 16, 2023 5:00 AM;Aug 16, 2023 6:00 AM;42,914.75;43,561.25;646.50;39,692.25
Aug 16, 2023 6:00 AM;Aug 16, 2023 7:00 AM;48,603.25;48,673.25;70.00;44,854.50
Aug 16, 2023 7:00 AM;Aug 16, 2023 8:00 AM;53,370.50;53,380.25;9.75;46,980.25
Aug 16, 2023 8:00 AM;Aug 16, 2023 9:00 AM;56,711.50;56,714.50;3.00;45,741.00
Aug 16, 2023 9:00 AM;Aug 16, 2023 10:00 AM;58,198.50;58,282.25;83.75;40,966.75
Aug 16, 2023 10:00 AM;Aug 16, 2023 11:00 AM;58,858.00;59,341.50;483.50;35,934.50
Aug 16, 2023 11:00 AM;Aug 16, 2023 12:00 PM;59,439.00;61,112.50;1,673.50;31,309.25
Aug 16, 2023 12:00 PM;Aug 16, 2023 1:00 PM;58,582.00;61,594.25;3,012.25;28,047.50
Aug 16, 2023 1:00 PM;Aug 16, 2023 2:00 PM;57,605.25;60,949.25;3,344.00;26,332.25
Aug 16, 2023 2:00 PM;Aug 16, 2023 3:00 PM;56,298.25;60,150.50;3,852.25;25,467.00
Aug 16, 2023 3:00 PM;Aug 16, 2023 4:00 PM;55,621.75;58,514.25;2,892.50;26,613.50
Aug 16, 2023 4:00 PM;Aug 16, 2023 5:00 PM;54,730.50;56,318.00;1,587.50;30,402.00
Aug 16, 2023 5:00 PM;Aug 16, 2023 6:00 PM;55,252.50;55,720.75;468.25;37,010.25
Aug 16, 2023 6:00 PM;Aug 16, 2023 7:00 PM;55,189.00;55,236.00;47.00;43,621.25
Aug 16, 2023 7:00 PM;Aug 16, 2023 8:00 PM;54,132.75;54,137.00;4.25;46,839.00
Aug 16, 2023 8:00 PM;Aug 16, 2023 9:00 PM;52,614.75;52,620.25;5.50;46,048.00
Aug 16, 2023 9:00 PM;Aug 16, 2023 10:00 PM;51,153.50;51,165.00;11.50;43,567.50
Aug 16, 2023 10:00 PM;Aug 16, 2023 11:00 PM;47,952.50;47,983.00;30.50;39,315.25
Aug 16, 2023 11:00 PM;Aug 17, 2023 12:00 AM;44,389.50;44,665.50;276.00;35,675.50
Aug 17, 2023 12:00 AM;Aug 17, 2023 1:00 AM;41,350.75;41,589.75;239.00;32,925.00
Aug 17, 2023 1:00 AM;Aug 17, 2023 2:00 AM;40,093.75;41,459.00;1,365.25;31,774.00
Aug 17, 2023 2:00 AM;Aug 17, 2023 3:00 AM;39,608.00;42,387.75;2,779.75;31,463.00
Aug 17, 2023 3:00 AM;Aug 17, 2023 4:00 AM;39,851.25;42,516.00;2,664.75;31,794.50
Aug 17, 2023 4:00 AM;Aug 17, 2023 5:00 AM;40,327.25;41,391.75;1,064.50;32,416.25
Aug 17, 2023 5:00 AM;Aug 17, 2023 6:00 AM;43,227.75;43,944.75;717.00;35,322.50
Aug 17, 2023 6:00 AM;Aug 17, 2023 7:00 AM;49,111.50;49,294.50;183.00;40,145.50
Aug 17, 2023 7:00 AM;Aug 17, 2023 8:00 AM;53,639.00;53,647.25;8.25;42,498.75
Aug 17, 2023 8:00 AM;Aug 17, 2023 9:00 AM;56,869.75;56,881.75;12.00;42,011.25
Aug 17, 2023 9:00 AM;Aug 17, 2023 10:00 AM;58,589.75;58,839.50;249.75;38,820.25
Aug 17, 2023 10:00 AM;Aug 17, 2023 11:00 AM;59,807.75;60,338.00;530.25;34,876.50
Aug 17, 2023 11:00 AM;Aug 17, 2023 12:00 PM;60,722.50;61,622.75;900.25;31,330.25
Aug 17, 2023 12:00 PM;Aug 17, 2023 1:00 PM;60,597.00;63,234.50;2,637.50;29,105.50
Aug 17, 2023 1:00 PM;Aug 17, 2023 2:00 PM;59,525.00;63,271.75;3,746.75;27,559.50
Aug 17, 2023 2:00 PM;Aug 17, 2023 3:00 PM;58,328.00;61,840.25;3,512.25;28,322.50
Aug 17, 2023 3:00 PM;Aug 17, 2023 4:00 PM;57,119.50;59,680.75;2,561.25;30,176.75
Aug 17, 2023 4:00 PM;Aug 17, 2023 5:00 PM;56,127.25;56,746.00;618.75;33,199.50
Aug 17, 2023 5:00 PM;Aug 17, 2023 6:00 PM;55,772.75;56,146.00;373.25;38,044.75
Aug 17, 2023 6:00 PM;Aug 17, 2023 7:00 PM;56,272.75;56,280.50;7.75;43,128.00
Aug 17, 2023 7:00 PM;Aug 17, 2023 8:00 PM;55,387.50;55,392.75;5.25;44,606.50
Aug 17, 2023 8:00 PM;Aug 17, 2023 9:00 PM;53,873.50;53,879.75;6.25;44,536.50
Aug 17, 2023 9:00 PM;Aug 17, 2023 10:00 PM;52,644.75;52,661.50;16.75;43,363.25
Aug 17, 2023 10:00 PM;Aug 17, 2023 11:00 PM;48,413.00;48,503.75;90.75;39,665.00
Aug 17, 2023 11:00 PM;Aug 18, 2023 12:00 AM;44,415.25;44,585.00;169.75;36,483.75
Aug 18, 2023 12:00 AM;Aug 18, 2023 1:00 AM;42,371.25;42,630.50;259.25;35,793.25
Aug 18, 2023 1:00 AM;Aug 18, 2023 2:00 AM;40,784.50;41,485.75;701.25;34,707.75
Aug 18, 2023 2:00 AM;Aug 18, 2023 3:00 AM;40,021.25;42,195.25;2,174.00;33,707.50
Aug 18, 2023 3:00 AM;Aug 18, 2023 4:00 AM;39,905.25;41,810.25;1,905.00;33,684.25
Aug 18, 2023 4:00 AM;Aug 18, 2023 5:00 AM;40,458.50;42,047.50;1,589.00;34,371.00
Aug 18, 2023 5:00 AM;Aug 18, 2023 6:00 AM;43,413.25;44,088.25;675.00;37,082.00
Aug 18, 2023 6:00 AM;Aug 18, 2023 7:00 AM;49,326.00;49,352.00;26.00;41,845.75
Aug 18, 2023 7:00 AM;Aug 18, 2023 8:00 AM;53,911.25;53,917.00;5.75;43,812.00
Aug 18, 2023 8:00 AM;Aug 18, 2023 9:00 AM;57,129.00;57,135.00;6.00;42,191.75
Aug 18, 2023 9:00 AM;Aug 18, 2023 10:00 AM;58,628.50;59,072.50;444.00;36,724.25
Aug 18, 2023 10:00 AM;Aug 18, 2023 11:00 AM;59,483.50;60,078.25;594.75;30,760.75
Aug 18, 2023 11:00 AM;Aug 18, 2023 12:00 PM;60,156.50;61,714.75;1,558.25;25,741.50
Aug 18, 2023 12:00 PM;Aug 18, 2023 1:00 PM;58,531.00;61,423.25;2,892.25;20,104.00
Aug 18, 2023 1:00 PM;Aug 18, 2023 2:00 PM;56,530.50;61,274.75;4,744.25;16,275.50
Aug 18, 2023 2:00 PM;Aug 18, 2023 3:00 PM;55,152.50;59,949.75;4,797.25;15,610.25
Aug 18, 2023 3:00 PM;Aug 18, 2023 4:00 PM;54,673.25;58,668.25;3,995.00;18,104.00
Aug 18, 2023 4:00 PM;Aug 18, 2023 5:00 PM;54,499.50;56,592.00;2,092.50;23,272.00
Aug 18, 2023 5:00 PM;Aug 18, 2023 6:00 PM;54,813.25;55,573.25;760.00;30,750.50
Aug 18, 2023 6:00 PM;Aug 18, 2023 7:00 PM;54,547.25;54,598.00;50.75;39,466.00
Aug 18, 2023 7:00 PM;Aug 18, 2023 8:00 PM;53,803.75;53,820.75;17.00;44,985.25
Aug 18, 2023 8:00 PM;Aug 18, 2023 9:00 PM;52,098.25;52,100.25;2.00;43,952.50
Aug 18, 2023 9:00 PM;Aug 18, 2023 10:00 PM;50,198.50;50,274.75;76.25;40,258.50
Aug 18, 2023 10:00 PM;Aug 18, 2023 11:00 PM;46,896.75;47,409.00;512.25;34,780.75
Aug 18, 2023 11:00 PM;Aug 19, 2023 12:00 AM;43,415.75;43,642.25;226.50;30,502.50
Aug 19, 2023 12:00 AM;Aug 19, 2023 1:00 AM;40,984.50;41,291.25;306.75;28,754.50
Aug 19, 2023 1:00 AM;Aug 19, 2023 2:00 AM;39,246.50;39,423.00;176.50;27,050.50
Aug 19, 2023 2:00 AM;Aug 19, 2023 3:00 AM;37,632.75;38,072.50;439.75;25,620.00
Aug 19, 2023 3:00 AM;Aug 19, 2023 4:00 AM;36,945.50;37,215.00;269.50;25,112.50
Aug 19, 2023 4:00 AM;Aug 19, 2023 5:00 AM;37,074.00;37,632.50;558.50;25,792.25
Aug 19, 2023 5:00 AM;Aug 19, 2023 6:00 AM;37,689.00;37,830.00;141.00;26,481.75
Aug 19, 2023 6:00 AM;Aug 19, 2023 7:00 AM;38,725.75;38,787.50;61.75;26,302.50
Aug 19, 2023 7:00 AM;Aug 19, 2023 8:00 AM;41,470.75;41,952.00;481.25;25,066.75
Aug 19, 2023 8:00 AM;Aug 19, 2023 9:00 AM;45,042.00;45,165.75;123.75;22,450.00
Aug 19, 2023 9:00 AM;Aug 19, 2023 10:00 AM;48,352.50;50,674.75;2,322.25;19,474.25
Aug 19, 2023 10:00 AM;Aug 19, 2023 11:00 AM;50,259.75;53,761.00;3,501.25;15,686.50
Aug 19, 2023 11:00 AM;Aug 19, 2023 12:00 PM;51,375.25;56,193.00;4,817.75;13,060.50
Aug 19, 2023 12:00 PM;Aug 19, 2023 1:00 PM;50,856.00;55,709.25;4,853.25;12,130.75
Aug 19, 2023 1:00 PM;Aug 19, 2023 2:00 PM;49,750.00;54,400.00;4,650.00;11,933.25
Aug 19, 2023 2:00 PM;Aug 19, 2023 3:00 PM;48,319.50;52,963.75;4,644.25;12,945.50
Aug 19, 2023 3:00 PM;Aug 19, 2023 4:00 PM;47,815.25;52,038.50;4,223.25;16,618.25
Aug 19, 2023 4:00 PM;Aug 19, 2023 5:00 PM;47,950.00;50,675.00;2,725.00;21,702.25
Aug 19, 2023 5:00 PM;Aug 19, 2023 6:00 PM;48,014.00;49,104.75;1,090.75;27,655.50
Aug 19, 2023 6:00 PM;Aug 19, 2023 7:00 PM;48,046.50;48,443.00;396.50;34,235.25
Aug 19, 2023 7:00 PM;Aug 19, 2023 8:00 PM;47,190.00;47,240.75;50.75;38,577.50
Aug 19, 2023 8:00 PM;Aug 19, 2023 9:00 PM;45,739.00;45,743.50;4.50;39,352.25
Aug 19, 2023 9:00 PM;Aug 19, 2023 10:00 PM;44,815.00;44,822.50;7.50;38,643.75
Aug 19, 2023 10:00 PM;Aug 19, 2023 11:00 PM;42,619.25;42,631.50;12.25;36,819.75
Aug 19, 2023 11:00 PM;Aug 20, 2023 12:00 AM;39,957.75;40,094.00;136.25;34,983.50
Aug 20, 2023 12:00 AM;Aug 20, 2023 1:00 AM;37,736.25;37,792.00;55.75;32,937.00
Aug 20, 2023 1:00 AM;Aug 20, 2023 2:00 AM;36,124.75;36,286.25;161.50;31,665.25
Aug 20, 2023 2:00 AM;Aug 20, 2023 3:00 AM;35,130.75;35,182.25;51.50;31,043.50
Aug 20, 2023 3:00 AM;Aug 20, 2023 4:00 AM;34,137.75;34,183.00;45.25;30,087.75
Aug 20, 2023 4:00 AM;Aug 20, 2023 5:00 AM;34,014.75;34,093.00;78.25;30,070.50
Aug 20, 2023 5:00 AM;Aug 20, 2023 6:00 AM;34,330.00;34,374.75;44.75;30,372.25
Aug 20, 2023 6:00 AM;Aug 20, 2023 7:00 AM;34,636.25;34,673.25;37.00;30,481.00
Aug 20, 2023 7:00 AM;Aug 20, 2023 8:00 AM;36,578.00;36,757.50;179.50;29,179.50
Aug 20, 2023 8:00 AM;Aug 20, 2023 9:00 AM;39,690.50;40,597.50;907.00;26,288.00
Aug 20, 2023 9:00 AM;Aug 20, 2023 10:00 AM;42,364.00;43,924.50;1,560.50;21,240.50
Aug 20, 2023 10:00 AM;Aug 20, 2023 11:00 AM;43,792.25;48,086.00;4,293.75;15,434.00
Aug 20, 2023 11:00 AM;Aug 20, 2023 12:00 PM;45,247.75;50,327.75;5,080.00;11,576.25
Aug 20, 2023 12:00 PM;Aug 20, 2023 1:00 PM;45,153.25;50,133.75;4,980.50;8,120.75
Aug 20, 2023 1:00 PM;Aug 20, 2023 2:00 PM;43,886.25;49,210.75;5,324.50;6,012.75
Aug 20, 2023 2:00 PM;Aug 20, 2023 3:00 PM;42,694.50;47,911.00;5,216.50;6,293.50
Aug 20, 2023 3:00 PM;Aug 20, 2023 4:00 PM;42,200.25;46,960.50;4,760.25;9,249.25
Aug 20, 2023 4:00 PM;Aug 20, 2023 5:00 PM;42,178.25;45,677.75;3,499.50;14,838.00
Aug 20, 2023 5:00 PM;Aug 20, 2023 6:00 PM;43,125.75;44,927.25;1,801.50;23,782.75
Aug 20, 2023 6:00 PM;Aug 20, 2023 7:00 PM;44,757.00;45,425.50;668.50;34,141.25
Aug 20, 2023 7:00 PM;Aug 20, 2023 8:00 PM;45,533.25;45,560.50;27.25;41,332.25
Aug 20, 2023 8:00 PM;Aug 20, 2023 9:00 PM;45,471.00;45,491.50;20.50;43,369.50
Aug 20, 2023 9:00 PM;Aug 20, 2023 10:00 PM;45,460.00;45,463.00;3.00;43,430.50
Aug 20, 2023 10:00 PM;Aug 20, 2023 11:00 PM;43,773.75;43,780.00;6.25;41,486.00
Aug 20, 2023 11:00 PM;Aug 21, 2023 12:00 AM;40,932.75;41,023.25;90.50;38,639.25
Aug 21, 2023 12:00 AM;Aug 21, 2023 1:00 AM;38,795.00;38,882.00;87.00;36,544.00
Aug 21, 2023 1:00 AM;Aug 21, 2023 2:00 AM;37,466.50;38,142.50;676.00;35,329.25
Aug 21, 2023 2:00 AM;Aug 21, 2023 3:00 AM;36,613.25;38,665.25;2,052.00;34,620.25
Aug 21, 2023 3:00 AM;Aug 21, 2023 4:00 AM;36,551.50;39,431.25;2,879.75;34,699.25
Aug 21, 2023 4:00 AM;Aug 21, 2023 5:00 AM;37,625.75;39,893.25;2,267.50;35,684.00
Aug 21, 2023 5:00 AM;Aug 21, 2023 6:00 AM;41,195.00;41,775.50;580.50;39,373.25
Aug 21, 2023 6:00 AM;Aug 21, 2023 7:00 AM;47,850.00;47,858.25;8.25;45,625.00
Aug 21, 2023 7:00 AM;Aug 21, 2023 8:00 AM;52,898.25;52,901.25;3.00;47,063.50
Aug 21, 2023 8:00 AM;Aug 21, 2023 9:00 AM;57,050.25;57,056.00;5.75;44,577.25
Aug 21, 2023 9:00 AM;Aug 21, 2023 10:00 AM;58,872.50;59,228.00;355.50;38,462.75
Aug 21, 2023 10:00 AM;Aug 21, 2023 11:00 AM;59,434.75;60,300.00;865.25;31,279.75
Aug 21, 2023 11:00 AM;Aug 21, 2023 12:00 PM;60,640.75;62,564.50;1,923.75;26,894.50
Aug 21, 2023 12:00 PM;Aug 21, 2023 1:00 PM;60,474.25;63,866.00;3,391.75;23,798.75
Aug 21, 2023 1:00 PM;Aug 21, 2023 2:00 PM;59,573.50;63,612.75;4,039.25;22,231.25
Aug 21, 2023 2:00 PM;Aug 21, 2023 3:00 PM;58,032.25;61,501.75;3,469.50;22,437.00
Aug 21, 2023 3:00 PM;Aug 21, 2023 4:00 PM;57,628.25;60,715.75;3,087.50;25,434.00
Aug 21, 2023 4:00 PM;Aug 21, 2023 5:00 PM;56,553.25;57,815.50;1,262.25;29,897.50
Aug 21, 2023 5:00 PM;Aug 21, 2023 6:00 PM;56,748.00;57,451.50;703.50;37,810.50
Aug 21, 2023 6:00 PM;Aug 21, 2023 7:00 PM;56,697.00;56,731.75;34.75;46,176.00
Aug 21, 2023 7:00 PM;Aug 21, 2023 8:00 PM;56,338.75;56,342.25;3.50;52,221.75
Aug 21, 2023 8:00 PM;Aug 21, 2023 9:00 PM;54,988.75;54,991.50;2.75;53,036.00
Aug 21, 2023 9:00 PM;Aug 21, 2023 10:00 PM;53,305.75;53,308.00;2.25;51,418.75
Aug 21, 2023 10:00 PM;Aug 21, 2023 11:00 PM;49,238.75;49,397.25;158.50;47,231.00
Aug 21, 2023 11:00 PM;Aug 22, 2023 12:00 AM;45,792.00;46,310.25;518.25;43,744.75
Aug 22, 2023 12:00 AM;Aug 22, 2023 1:00 AM;43,427.75;44,054.50;626.75;41,339.50
Aug 22, 2023 1:00 AM;Aug 22, 2023 2:00 AM;41,901.25;43,248.25;1,347.00;39,638.75
Aug 22, 2023 2:00 AM;Aug 22, 2023 3:00 AM;40,729.25;42,624.75;1,895.50;38,211.00
Aug 22, 2023 3:00 AM;Aug 22, 2023 4:00 AM;40,471.50;43,955.00;3,483.50;37,759.00
Aug 22, 2023 4:00 AM;Aug 22, 2023 5:00 AM;41,228.75;44,539.00;3,310.25;38,361.25
Aug 22, 2023 5:00 AM;Aug 22, 2023 6:00 AM;44,274.25;45,807.50;1,533.25;41,178.00
Aug 22, 2023 6:00 AM;Aug 22, 2023 7:00 AM;50,809.25;50,886.75;77.50;47,163.50
Aug 22, 2023 7:00 AM;Aug 22, 2023 8:00 AM;55,513.25;55,529.50;16.25;48,654.75
Aug 22, 2023 8:00 AM;Aug 22, 2023 9:00 AM;58,964.75;59,129.50;164.75;45,835.00
Aug 22, 2023 9:00 AM;Aug 22, 2023 10:00 AM;59,835.25;60,567.50;732.25;39,334.25
Aug 22, 2023 10:00 AM;Aug 22, 2023 11:00 AM;59,850.00;61,658.50;1,808.50;32,155.50
Aug 22, 2023 11:00 AM;Aug 22, 2023 12:00 PM;60,527.00;63,296.50;2,769.50;27,592.25
Aug 22, 2023 12:00 PM;Aug 22, 2023 1:00 PM;59,817.50;64,157.75;4,340.25;24,349.75
Aug 22, 2023 1:00 PM;Aug 22, 2023 2:00 PM;58,864.50;63,607.25;4,742.75;23,101.00
Aug 22, 2023 2:00 PM;Aug 22, 2023 3:00 PM;57,722.25;62,049.00;4,326.75;23,840.25
Aug 22, 2023 3:00 PM;Aug 22, 2023 4:00 PM;56,945.00;60,710.50;3,765.50;26,664.25
Aug 22, 2023 4:00 PM;Aug 22, 2023 5:00 PM;56,621.25;59,841.75;3,220.50;31,088.00
Aug 22, 2023 5:00 PM;Aug 22, 2023 6:00 PM;56,313.00;57,480.25;1,167.25;37,465.50
Aug 22, 2023 6:00 PM;Aug 22, 2023 7:00 PM;56,115.50;56,188.25;72.75;44,421.75
Aug 22, 2023 7:00 PM;Aug 22, 2023 8:00 PM;55,483.75;55,490.00;6.25;49,937.00
Aug 22, 2023 8:00 PM;Aug 22, 2023 9:00 PM;53,977.25;53,983.50;6.25;50,639.50
Aug 22, 2023 9:00 PM;Aug 22, 2023 10:00 PM;52,315.00;52,317.00;2.00;49,493.50
Aug 22, 2023 10:00 PM;Aug 22, 2023 11:00 PM;48,303.25;48,361.50;58.25;45,856.50
Aug 22, 2023 11:00 PM;Aug 23, 2023 12:00 AM;44,500.25;44,607.25;107.00;42,177.50
Aug 23, 2023 12:00 AM;Aug 23, 2023 1:00 AM;42,089.50;42,136.50;47.00;40,175.75
Aug 23, 2023 1:00 AM;Aug 23, 2023 2:00 AM;40,771.25;41,166.50;395.25;39,052.50
Aug 23, 2023 2:00 AM;Aug 23, 2023 3:00 AM;39,886.00;41,798.50;1,912.50;38,392.75
Aug 23, 2023 3:00 AM;Aug 23, 2023 4:00 AM;40,140.00;41,979.50;1,839.50;38,616.00
Aug 23, 2023 4:00 AM;Aug 23, 2023 5:00 AM;40,980.75;43,187.50;2,206.75;39,321.50
Aug 23, 2023 5:00 AM;Aug 23, 2023 6:00 AM;43,886.75;44,813.50;926.75;42,342.00
Aug 23, 2023 6:00 AM;Aug 23, 2023 7:00 AM;50,003.50;50,154.50;151.00;48,041.50
Aug 23, 2023 7:00 AM;Aug 23, 2023 8:00 AM;54,468.25;54,471.25;3.00;48,692.00
Aug 23, 2023 8:00 AM;Aug 23, 2023 9:00 AM;57,564.00;57,611.50;47.50;44,541.00
Aug 23, 2023 9:00 AM;Aug 23, 2023 10:00 AM;58,263.00;58,988.00;725.00;36,906.75
Aug 23, 2023 10:00 AM;Aug 23, 2023 11:00 AM;59,090.00;60,416.00;1,326.00;29,832.50
Aug 23, 2023 11:00 AM;Aug 23, 2023 12:00 PM;60,138.25;63,437.25;3,299.00;24,959.50
Aug 23, 2023 12:00 PM;Aug 23, 2023 1:00 PM;59,570.75;64,565.75;4,995.00;21,072.00
Aug 23, 2023 1:00 PM;Aug 23, 2023 2:00 PM;58,560.75;63,430.00;4,869.25;19,312.25
Aug 23, 2023 2:00 PM;Aug 23, 2023 3:00 PM;57,468.75;62,186.50;4,717.75;19,490.50
Aug 23, 2023 3:00 PM;Aug 23, 2023 4:00 PM;56,327.75;60,354.50;4,026.75;22,213.00
Aug 23, 2023 4:00 PM;Aug 23, 2023 5:00 PM;55,866.00;59,455.50;3,589.50;27,346.75
Aug 23, 2023 5:00 PM;Aug 23, 2023 6:00 PM;56,374.00;58,197.50;1,823.50;35,927.50
Aug 23, 2023 6:00 PM;Aug 23, 2023 7:00 PM;55,873.00;55,995.50;122.50;44,787.25
Aug 23, 2023 7:00 PM;Aug 23, 2023 8:00 PM;55,119.75;55,122.75;3.00;51,049.25
Aug 23, 2023 8:00 PM;Aug 23, 2023 9:00 PM;54,067.50;54,070.00;2.50;52,194.75
Aug 23, 2023 9:00 PM;Aug 23, 2023 10:00 PM;52,107.75;52,110.25;2.50;50,530.75
Aug 23, 2023 10:00 PM;Aug 23, 2023 11:00 PM;48,296.25;48,301.50;5.25;46,983.25
Aug 23, 2023 11:00 PM;Aug 24, 2023 12:00 AM;44,582.75;44,660.75;78.00;43,468.50
Aug 24, 2023 12:00 AM;Aug 24, 2023 1:00 AM;42,223.75;42,258.75;35.00;41,235.75
Aug 24, 2023 1:00 AM;Aug 24, 2023 2:00 AM;40,800.00;42,116.00;1,316.00;39,779.25
Aug 24, 2023 2:00 AM;Aug 24, 2023 3:00 AM;40,005.75;42,436.25;2,430.50;38,938.75
Aug 24, 2023 3:00 AM;Aug 24, 2023 4:00 AM;40,173.50;42,544.00;2,370.50;38,937.00
Aug 24, 2023 4:00 AM;Aug 24, 2023 5:00 AM;40,731.00;43,357.50;2,626.50;39,307.75
Aug 24, 2023 5:00 AM;Aug 24, 2023 6:00 AM;43,571.50;44,577.25;1,005.75;42,133.25
Aug 24, 2023 6:00 AM;Aug 24, 2023 7:00 AM;49,957.25;50,096.75;139.50;47,827.00
Aug 24, 2023 7:00 AM;Aug 24, 2023 8:00 AM;54,426.50;54,435.00;8.50;48,204.75
Aug 24, 2023 8:00 AM;Aug 24, 2023 9:00 AM;57,557.25;57,622.50;65.25;44,506.25
Aug 24, 2023 9:00 AM;Aug 24, 2023 10:00 AM;59,140.50;60,387.75;1,247.25;37,949.50
Aug 24, 2023 10:00 AM;Aug 24, 2023 11:00 AM;60,438.00;62,006.75;1,568.75;32,060.75
Aug 24, 2023 11:00 AM;Aug 24, 2023 12:00 PM;61,303.75;63,380.00;2,076.25;28,032.25
Aug 24, 2023 12:00 PM;Aug 24, 2023 1:00 PM;62,079.00;64,494.50;2,415.50;27,460.50
Aug 24, 2023 1:00 PM;Aug 24, 2023 2:00 PM;61,873.75;65,053.25;3,179.50;27,816.25
Aug 24, 2023 2:00 PM;Aug 24, 2023 3:00 PM;60,892.25;64,786.25;3,894.00;28,261.00
Aug 24, 2023 3:00 PM;Aug 24, 2023 4:00 PM;59,244.75;62,168.00;2,923.25;31,322.50
Aug 24, 2023 4:00 PM;Aug 24, 2023 5:00 PM;57,789.00;58,211.50;422.50;36,619.25
Aug 24, 2023 5:00 PM;Aug 24, 2023 6:00 PM;56,627.25;56,645.50;18.25;41,451.75
Aug 24, 2023 6:00 PM;Aug 24, 2023 7:00 PM;56,708.75;56,724.25;15.50;46,242.00
Aug 24, 2023 7:00 PM;Aug 24, 2023 8:00 PM;56,086.25;56,104.25;18.00;48,902.25
Aug 24, 2023 8:00 PM;Aug 24, 2023 9:00 PM;54,735.00;54,739.00;4.00;48,584.75
Aug 24, 2023 9:00 PM;Aug 24, 2023 10:00 PM;52,347.25;52,356.00;8.75;45,591.25
Aug 24, 2023 10:00 PM;Aug 24, 2023 11:00 PM;48,175.50;48,382.50;207.00;40,137.25
Aug 24, 2023 11:00 PM;Aug 25, 2023 12:00 AM;44,768.75;44,950.00;181.25;35,669.50
Aug 25, 2023 12:00 AM;Aug 25, 2023 1:00 AM;42,753.50;42,824.75;71.25;32,856.00
Aug 25, 2023 1:00 AM;Aug 25, 2023 2:00 AM;41,613.25;42,800.00;1,186.75;31,360.75
Aug 25, 2023 2:00 AM;Aug 25, 2023 3:00 AM;41,329.75;44,050.50;2,720.75;30,922.25
Aug 25, 2023 3:00 AM;Aug 25, 2023 4:00 AM;41,412.75;44,204.00;2,791.25;30,934.50
Aug 25, 2023 4:00 AM;Aug 25, 2023 5:00 AM;42,625.00;45,350.75;2,725.75;31,940.75
Aug 25, 2023 5:00 AM;Aug 25, 2023 6:00 AM;45,598.25;46,892.00;1,293.75;35,293.25
Aug 25, 2023 6:00 AM;Aug 25, 2023 7:00 AM;50,840.50;51,086.75;246.25;41,168.00
Aug 25, 2023 7:00 AM;Aug 25, 2023 8:00 AM;54,812.25;54,839.50;27.25;42,815.00
Aug 25, 2023 8:00 AM;Aug 25, 2023 9:00 AM;58,258.00;58,278.50;20.50;42,670.50
Aug 25, 2023 9:00 AM;Aug 25, 2023 10:00 AM;60,214.25;60,219.25;5.00;40,177.75
Aug 25, 2023 10:00 AM;Aug 25, 2023 11:00 AM;61,973.00;61,978.00;5.00;39,185.25
Aug 25, 2023 11:00 AM;Aug 25, 2023 12:00 PM;63,071.50;63,075.00;3.50;39,250.50
Aug 25, 2023 12:00 PM;Aug 25, 2023 1:00 PM;61,941.25;62,330.50;389.25;37,634.50
Aug 25, 2023 1:00 PM;Aug 25, 2023 2:00 PM;60,973.25;64,240.25;3,267.00;35,455.00
Aug 25, 2023 2:00 PM;Aug 25, 2023 3:00 PM;59,158.50;62,181.00;3,022.50;33,886.75
Aug 25, 2023 3:00 PM;Aug 25, 2023 4:00 PM;57,072.50;59,576.75;2,504.25;34,133.00
Aug 25, 2023 4:00 PM;Aug 25, 2023 5:00 PM;55,840.25;56,880.50;1,040.25;36,737.50
Aug 25, 2023 5:00 PM;Aug 25, 2023 6:00 PM;55,742.00;55,905.75;163.75;40,059.00
Aug 25, 2023 6:00 PM;Aug 25, 2023 7:00 PM;55,063.00;55,076.25;13.25;44,231.75
Aug 25, 2023 7:00 PM;Aug 25, 2023 8:00 PM;53,661.50;53,668.75;7.25;46,755.00
Aug 25, 2023 8:00 PM;Aug 25, 2023 9:00 PM;51,961.25;51,973.25;12.00;46,507.75
Aug 25, 2023 9:00 PM;Aug 25, 2023 10:00 PM;49,512.75;49,710.25;197.50;44,284.50
Aug 25, 2023 10:00 PM;Aug 25, 2023 11:00 PM;45,692.25;45,714.00;21.75;40,344.50
Aug 25, 2023 11:00 PM;Aug 26, 2023 12:00 AM;42,492.00;42,668.75;176.75;36,670.00
Aug 26, 2023 12:00 AM;Aug 26, 2023 1:00 AM;40,119.75;40,194.50;74.75;33,816.00
Aug 26, 2023 1:00 AM;Aug 26, 2023 2:00 AM;39,015.25;39,530.50;515.25;32,144.75
Aug 26, 2023 2:00 AM;Aug 26, 2023 3:00 AM;38,088.25;38,741.50;653.25;30,367.75
Aug 26, 2023 3:00 AM;Aug 26, 2023 4:00 AM;37,366.75;38,197.50;830.75;29,342.25
Aug 26, 2023 4:00 AM;Aug 26, 2023 5:00 AM;37,190.00;37,860.75;670.75;29,192.00
Aug 26, 2023 5:00 AM;Aug 26, 2023 6:00 AM;38,217.25;38,924.50;707.25;29,409.75
Aug 26, 2023 6:00 AM;Aug 26, 2023 7:00 AM;39,217.75;40,316.75;1,099.00;28,235.00
Aug 26, 2023 7:00 AM;Aug 26, 2023 8:00 AM;41,540.00;42,673.00;1,133.00;28,036.75
Aug 26, 2023 8:00 AM;Aug 26, 2023 9:00 AM;45,233.25;45,806.25;573.00;27,518.25
Aug 26, 2023 9:00 AM;Aug 26, 2023 10:00 AM;48,571.00;50,302.00;1,731.00;22,934.25
Aug 26, 2023 10:00 AM;Aug 26, 2023 11:00 AM;50,540.00;53,980.00;3,440.00;16,699.50
Aug 26, 2023 11:00 AM;Aug 26, 2023 12:00 PM;51,276.50;56,361.75;5,085.25;11,618.75
Aug 26, 2023 12:00 PM;Aug 26, 2023 1:00 PM;51,514.00;56,408.25;4,894.25;8,808.50
Aug 26, 2023 1:00 PM;Aug 26, 2023 2:00 PM;49,876.50;54,876.50;5,000.00;8,004.75
Aug 26, 2023 2:00 PM;Aug 26, 2023 3:00 PM;48,132.50;52,123.50;3,991.00;10,329.00
Aug 26, 2023 3:00 PM;Aug 26, 2023 4:00 PM;47,096.00;50,256.50;3,160.50;14,647.00
Aug 26, 2023 4:00 PM;Aug 26, 2023 5:00 PM;46,142.75;48,892.00;2,749.25;20,830.25
Aug 26, 2023 5:00 PM;Aug 26, 2023 6:00 PM;46,558.50;47,494.25;935.75;28,534.25
Aug 26, 2023 6:00 PM;Aug 26, 2023 7:00 PM;47,099.50;47,414.00;314.50;35,701.25
Aug 26, 2023 7:00 PM;Aug 26, 2023 8:00 PM;45,920.50;46,221.00;300.50;39,880.00
Aug 26, 2023 8:00 PM;Aug 26, 2023 9:00 PM;44,454.75;44,472.75;18.00;40,538.00
Aug 26, 2023 9:00 PM;Aug 26, 2023 10:00 PM;43,129.75;43,151.50;21.75;39,624.50
Aug 26, 2023 10:00 PM;Aug 26, 2023 11:00 PM;40,484.00;40,574.75;90.75;37,266.75
Aug 26, 2023 11:00 PM;Aug 27, 2023 12:00 AM;37,914.00;38,132.00;218.00;35,313.00
Aug 27, 2023 12:00 AM;Aug 27, 2023 1:00 AM;36,153.75;36,430.25;276.50;33,836.25
Aug 27, 2023 1:00 AM;Aug 27, 2023 2:00 AM;34,392.50;34,570.25;177.75;32,322.75
Aug 27, 2023 2:00 AM;Aug 27, 2023 3:00 AM;33,523.00;33,671.50;148.50;31,569.50
Aug 27, 2023 3:00 AM;Aug 27, 2023 4:00 AM;32,951.75;33,244.50;292.75;30,835.25
Aug 27, 2023 4:00 AM;Aug 27, 2023 5:00 AM;32,805.75;32,951.00;145.25;30,516.50
Aug 27, 2023 5:00 AM;Aug 27, 2023 6:00 AM;33,463.75;33,703.00;239.25;30,740.25
Aug 27, 2023 6:00 AM;Aug 27, 2023 7:00 AM;34,155.00;34,557.50;402.50;30,030.75
Aug 27, 2023 7:00 AM;Aug 27, 2023 8:00 AM;36,452.00;37,145.25;693.25;30,275.00
Aug 27, 2023 8:00 AM;Aug 27, 2023 9:00 AM;39,908.00;40,780.50;872.50;30,904.00
Aug 27, 2023 9:00 AM;Aug 27, 2023 10:00 AM;42,934.25;44,022.50;1,088.25;31,063.25
Aug 27, 2023 10:00 AM;Aug 27, 2023 11:00 AM;45,151.25;47,532.00;2,380.75;30,742.25
Aug 27, 2023 11:00 AM;Aug 27, 2023 12:00 PM;47,598.50;50,782.75;3,184.25;28,851.25
Aug 27, 2023 12:00 PM;Aug 27, 2023 1:00 PM;47,078.75;50,946.75;3,868.00;25,506.25
Aug 27, 2023 1:00 PM;Aug 27, 2023 2:00 PM;44,107.00;48,345.75;4,238.75;22,106.75
Aug 27, 2023 2:00 PM;Aug 27, 2023 3:00 PM;42,284.25;46,415.00;4,130.75;21,040.50
Aug 27, 2023 3:00 PM;Aug 27, 2023 4:00 PM;42,608.25;46,562.25;3,954.00;21,984.25
Aug 27, 2023 4:00 PM;Aug 27, 2023 5:00 PM;43,716.50;46,785.00;3,068.50;24,607.50
Aug 27, 2023 5:00 PM;Aug 27, 2023 6:00 PM;44,363.50;44,981.00;617.50;28,428.75
Aug 27, 2023 6:00 PM;Aug 27, 2023 7:00 PM;44,866.00;45,031.25;165.25;33,988.00
Aug 27, 2023 7:00 PM;Aug 27, 2023 8:00 PM;44,482.25;44,506.25;24.00;36,540.50
Aug 27, 2023 8:00 PM;Aug 27, 2023 9:00 PM;44,485.75;44,495.75;10.00;37,358.50
Aug 27, 2023 9:00 PM;Aug 27, 2023 10:00 PM;43,409.75;43,795.75;386.00;34,523.50
Aug 27, 2023 10:00 PM;Aug 27, 2023 11:00 PM;42,306.25;42,773.75;467.50;30,891.75
Aug 27, 2023 11:00 PM;Aug 28, 2023 12:00 AM;40,187.00;41,221.25;1,034.25;26,205.75
Aug 28, 2023 12:00 AM;Aug 28, 2023 1:00 AM;38,782.50;40,368.75;1,586.25;23,515.00
Aug 28, 2023 1:00 AM;Aug 28, 2023 2:00 AM;37,578.50;39,477.00;1,898.50;22,216.25
Aug 28, 2023 2:00 AM;Aug 28, 2023 3:00 AM;37,137.25;38,843.50;1,706.25;22,461.25
Aug 28, 2023 3:00 AM;Aug 28, 2023 4:00 AM;37,235.00;39,248.75;2,013.75;23,756.50
Aug 28, 2023 4:00 AM;Aug 28, 2023 5:00 AM;38,113.25;40,093.25;1,980.00;25,925.50
Aug 28, 2023 5:00 AM;Aug 28, 2023 6:00 AM;42,067.25;43,600.25;1,533.00;30,710.50
Aug 28, 2023 6:00 AM;Aug 28, 2023 7:00 AM;49,413.50;49,801.25;387.75;38,571.25
Aug 28, 2023 7:00 AM;Aug 28, 2023 8:00 AM;53,780.50;53,920.75;140.25;43,222.00
Aug 28, 2023 8:00 AM;Aug 28, 2023 9:00 AM;56,512.00;56,526.75;14.75;44,590.25
Aug 28, 2023 9:00 AM;Aug 28, 2023 10:00 AM;58,032.75;58,293.50;260.75;43,966.25
Aug 28, 2023 10:00 AM;Aug 28, 2023 11:00 AM;59,050.75;59,405.50;354.75;42,715.00
Aug 28, 2023 11:00 AM;Aug 28, 2023 12:00 PM;60,007.50;60,473.00;465.50;41,937.25
Aug 28, 2023 12:00 PM;Aug 28, 2023 1:00 PM;60,175.50;61,600.00;1,424.50;39,615.00
Aug 28, 2023 1:00 PM;Aug 28, 2023 2:00 PM;59,288.25;60,904.25;1,616.00;38,598.25
Aug 28, 2023 2:00 PM;Aug 28, 2023 3:00 PM;57,643.00;58,426.75;783.75;39,424.75
Aug 28, 2023 3:00 PM;Aug 28, 2023 4:00 PM;56,751.75;57,091.50;339.75;41,037.00
Aug 28, 2023 4:00 PM;Aug 28, 2023 5:00 PM;56,111.00;56,567.00;456.00;43,111.50
Aug 28, 2023 5:00 PM;Aug 28, 2023 6:00 PM;55,810.00;56,208.50;398.50;46,450.75
Aug 28, 2023 6:00 PM;Aug 28, 2023 7:00 PM;55,803.00;55,810.75;7.75;49,674.00
Aug 28, 2023 7:00 PM;Aug 28, 2023 8:00 PM;55,357.00;55,359.50;2.50;51,811.00
Aug 28, 2023 8:00 PM;Aug 28, 2023 9:00 PM;54,097.75;54,098.75;1.00;51,423.25
Aug 28, 2023 9:00 PM;Aug 28, 2023 10:00 PM;51,547.50;51,619.50;72.00;48,845.00
Aug 28, 2023 10:00 PM;Aug 28, 2023 11:00 PM;47,198.75;47,555.00;356.25;44,559.00
Aug 28, 2023 11:00 PM;Aug 29, 2023 12:00 AM;43,695.75;44,740.25;1,044.50;41,028.50
Aug 29, 2023 12:00 AM;Aug 29, 2023 1:00 AM;41,792.00;44,159.00;2,367.00;38,833.00
Aug 29, 2023 1:00 AM;Aug 29, 2023 2:00 AM;40,459.00;43,546.50;3,087.50;36,923.25
Aug 29, 2023 2:00 AM;Aug 29, 2023 3:00 AM;39,809.25;42,967.00;3,157.75;36,290.50
Aug 29, 2023 3:00 AM;Aug 29, 2023 4:00 AM;40,193.50;43,475.00;3,281.50;37,069.25
Aug 29, 2023 4:00 AM;Aug 29, 2023 5:00 AM;41,281.25;44,417.50;3,136.25;38,277.25
Aug 29, 2023 5:00 AM;Aug 29, 2023 6:00 AM;44,747.75;47,453.25;2,705.50;41,512.75
Aug 29, 2023 6:00 AM;Aug 29, 2023 7:00 AM;50,994.00;51,137.00;143.00;47,627.25
Aug 29, 2023 7:00 AM;Aug 29, 2023 8:00 AM;55,566.75;55,569.50;2.75;51,407.00
Aug 29, 2023 8:00 AM;Aug 29, 2023 9:00 AM;58,479.25;58,481.25;2.00;52,413.25
Aug 29, 2023 9:00 AM;Aug 29, 2023 10:00 AM;59,539.50;59,543.00;3.50;51,221.50
Aug 29, 2023 10:00 AM;Aug 29, 2023 11:00 AM;60,405.25;60,718.00;312.75;49,480.25
Aug 29, 2023 11:00 AM;Aug 29, 2023 12:00 PM;61,595.25;62,208.75;613.50;47,489.25
Aug 29, 2023 12:00 PM;Aug 29, 2023 1:00 PM;60,846.50;62,586.25;1,739.75;44,049.25
Aug 29, 2023 1:00 PM;Aug 29, 2023 2:00 PM;59,852.75;63,059.25;3,206.50;41,854.50
Aug 29, 2023 2:00 PM;Aug 29, 2023 3:00 PM;58,534.25;61,258.50;2,724.25;41,250.25
Aug 29, 2023 3:00 PM;Aug 29, 2023 4:00 PM;57,446.25;60,307.00;2,860.75;41,693.00
Aug 29, 2023 4:00 PM;Aug 29, 2023 5:00 PM;55,896.25;56,909.50;1,013.25;43,159.50
Aug 29, 2023 5:00 PM;Aug 29, 2023 6:00 PM;55,747.75;55,956.00;208.25;46,820.50
Aug 29, 2023 6:00 PM;Aug 29, 2023 7:00 PM;55,975.00;55,983.50;8.50;50,830.75
Aug 29, 2023 7:00 PM;Aug 29, 2023 8:00 PM;55,292.25;55,298.25;6.00;52,887.25
Aug 29, 2023 8:00 PM;Aug 29, 2023 9:00 PM;54,013.75;54,019.75;6.00;52,400.75
Aug 29, 2023 9:00 PM;Aug 29, 2023 10:00 PM;51,377.25;51,629.75;252.50;49,526.00
Aug 29, 2023 10:00 PM;Aug 29, 2023 11:00 PM;47,718.00;48,325.25;607.25;45,704.75
Aug 29, 2023 11:00 PM;Aug 30, 2023 12:00 AM;44,204.75;44,509.50;304.75;42,116.00
Aug 30, 2023 12:00 AM;Aug 30, 2023 1:00 AM;41,714.00;42,359.50;645.50;39,783.50
Aug 30, 2023 1:00 AM;Aug 30, 2023 2:00 AM;40,281.00;41,686.25;1,405.25;38,168.50
Aug 30, 2023 2:00 AM;Aug 30, 2023 3:00 AM;39,710.25;42,589.50;2,879.25;37,136.25
Aug 30, 2023 3:00 AM;Aug 30, 2023 4:00 AM;39,749.25;42,863.75;3,114.50;36,797.50
Aug 30, 2023 4:00 AM;Aug 30, 2023 5:00 AM;40,815.25;43,287.75;2,472.50;37,214.75
Aug 30, 2023 5:00 AM;Aug 30, 2023 6:00 AM;44,102.00;44,648.50;546.50;39,976.50
Aug 30, 2023 6:00 AM;Aug 30, 2023 7:00 AM;50,667.50;50,796.25;128.75;45,864.75
Aug 30, 2023 7:00 AM;Aug 30, 2023 8:00 AM;54,982.50;54,987.75;5.25;47,223.00
Aug 30, 2023 8:00 AM;Aug 30, 2023 9:00 AM;57,771.25;57,776.00;4.75;46,276.25
Aug 30, 2023 9:00 AM;Aug 30, 2023 10:00 AM;58,533.75;58,577.75;44.00;41,680.00
Aug 30, 2023 10:00 AM;Aug 30, 2023 11:00 AM;59,150.75;59,686.50;535.75;35,222.25
Aug 30, 2023 11:00 AM;Aug 30, 2023 12:00 PM;60,190.75;61,937.00;1,746.25;30,177.00
Aug 30, 2023 12:00 PM;Aug 30, 2023 1:00 PM;59,718.25;61,939.25;2,221.00;28,252.00
Aug 30, 2023 1:00 PM;Aug 30, 2023 2:00 PM;58,397.50;61,513.00;3,115.50;29,444.50
Aug 30, 2023 2:00 PM;Aug 30, 2023 3:00 PM;57,152.75;59,453.00;2,300.25;31,330.25
Aug 30, 2023 3:00 PM;Aug 30, 2023 4:00 PM;55,890.50;58,120.50;2,230.00;33,567.50
Aug 30, 2023 4:00 PM;Aug 30, 2023 5:00 PM;55,394.25;56,372.75;978.50;36,752.75
Aug 30, 2023 5:00 PM;Aug 30, 2023 6:00 PM;55,498.75;55,695.00;196.25;40,903.50
Aug 30, 2023 6:00 PM;Aug 30, 2023 7:00 PM;55,986.50;56,093.25;106.75;45,392.50
Aug 30, 2023 7:00 PM;Aug 30, 2023 8:00 PM;55,683.75;55,699.75;16.00;48,021.75
Aug 30, 2023 8:00 PM;Aug 30, 2023 9:00 PM;54,529.75;54,535.00;5.25;47,131.25
Aug 30, 2023 9:00 PM;Aug 30, 2023 10:00 PM;51,990.75;52,180.25;189.50;43,221.50
Aug 30, 2023 10:00 PM;Aug 30, 2023 11:00 PM;48,225.00;48,345.00;120.00;38,111.50
Aug 30, 2023 11:00 PM;Aug 31, 2023 12:00 AM;44,282.00;44,525.00;243.00;34,458.00
Aug 31, 2023 12:00 AM;Aug 31, 2023 1:00 AM;41,539.75;41,584.25;44.50;31,870.25
Aug 31, 2023 1:00 AM;Aug 31, 2023 2:00 AM;39,885.50;40,120.50;235.00;30,215.75
Aug 31, 2023 2:00 AM;Aug 31, 2023 3:00 AM;39,104.25;40,450.75;1,346.50;29,017.50
Aug 31, 2023 3:00 AM;Aug 31, 2023 4:00 AM;39,483.25;41,389.00;1,905.75;28,644.00
Aug 31, 2023 4:00 AM;Aug 31, 2023 5:00 AM;40,305.50;42,668.00;2,362.50;28,234.25
Aug 31, 2023 5:00 AM;Aug 31, 2023 6:00 AM;43,618.00;44,453.50;835.50;31,343.50
Aug 31, 2023 6:00 AM;Aug 31, 2023 7:00 AM;50,647.25;50,825.25;178.00;37,355.00
Aug 31, 2023 7:00 AM;Aug 31, 2023 8:00 AM;55,000.75;55,051.25;50.50;39,764.00
Aug 31, 2023 8:00 AM;Aug 31, 2023 9:00 AM;57,661.25;57,684.00;22.75;38,037.00
Aug 31, 2023 9:00 AM;Aug 31, 2023 10:00 AM;58,879.50;59,412.25;532.75;32,858.50
Aug 31, 2023 10:00 AM;Aug 31, 2023 11:00 AM;59,258.75;59,739.50;480.75;26,344.50
Aug 31, 2023 11:00 AM;Aug 31, 2023 12:00 PM;59,737.50;62,107.25;2,369.75;20,847.50
Aug 31, 2023 12:00 PM;Aug 31, 2023 1:00 PM;60,185.00;63,546.00;3,361.00;17,928.25
Aug 31, 2023 1:00 PM;Aug 31, 2023 2:00 PM;59,420.50;63,517.25;4,096.75;16,468.25
Aug 31, 2023 2:00 PM;Aug 31, 2023 3:00 PM;58,359.00;62,366.75;4,007.75;16,305.00
Aug 31, 2023 3:00 PM;Aug 31, 2023 4:00 PM;56,641.25;59,283.25;2,642.00;17,028.50
Aug 31, 2023 4:00 PM;Aug 31, 2023 5:00 PM;55,634.50;57,419.75;1,785.25;21,540.25
Aug 31, 2023 5:00 PM;Aug 31, 2023 6:00 PM;56,129.25;56,519.00;389.75;29,897.00
Aug 31, 2023 6:00 PM;Aug 31, 2023 7:00 PM;56,130.75;56,405.00;274.25;38,436.00
Aug 31, 2023 7:00 PM;Aug 31, 2023 8:00 PM;55,703.75;55,711.50;7.75;42,824.50
Aug 31, 2023 8:00 PM;Aug 31, 2023 9:00 PM;54,559.50;54,567.25;7.75;41,742.75
Aug 31, 2023 9:00 PM;Aug 31, 2023 10:00 PM;52,173.00;52,615.00;442.00;38,637.75
Aug 31, 2023 10:00 PM;Aug 31, 2023 11:00 PM;49,122.75;49,715.50;592.75;34,757.25
Aug 31, 2023 11:00 PM;Sep 1, 2023 12:00 AM;46,116.75;46,986.00;869.25;31,986.25
Sep 1, 2023 12:00 AM;Sep 1, 2023 1:00 AM;44,036.25;44,589.75;553.50;31,092.50
Sep 1, 2023 1:00 AM;Sep 1, 2023 2:00 AM;42,126.75;43,408.25;1,281.50;29,716.75
Sep 1, 2023 2:00 AM;Sep 1, 2023 3:00 AM;41,757.75;44,492.75;2,735.00;29,920.50
Sep 1, 2023 3:00 AM;Sep 1, 2023 4:00 AM;41,589.00;45,006.50;3,417.50;30,404.25
Sep 1, 2023 4:00 AM;Sep 1, 2023 5:00 AM;42,306.25;45,152.50;2,846.25;31,800.50
Sep 1, 2023 5:00 AM;Sep 1, 2023 6:00 AM;45,296.25;46,021.50;725.25;35,036.00
Sep 1, 2023 6:00 AM;Sep 1, 2023 7:00 AM;51,912.00;52,109.25;197.25;41,576.50
Sep 1, 2023 7:00 AM;Sep 1, 2023 8:00 AM;56,361.25;56,419.00;57.75;44,800.75
Sep 1, 2023 8:00 AM;Sep 1, 2023 9:00 AM;59,038.25;59,077.00;38.75;44,836.25
Sep 1, 2023 9:00 AM;Sep 1, 2023 10:00 AM;59,828.75;60,243.00;414.25;41,465.75
Sep 1, 2023 10:00 AM;Sep 1, 2023 11:00 AM;60,650.75;60,759.75;109.00;37,858.50
Sep 1, 2023 11:00 AM;Sep 1, 2023 12:00 PM;60,814.50;60,919.50;105.00;35,325.75
Sep 1, 2023 12:00 PM;Sep 1, 2023 1:00 PM;59,726.75;60,407.25;680.50;33,075.75
Sep 1, 2023 1:00 PM;Sep 1, 2023 2:00 PM;58,058.25;60,769.00;2,710.75;31,066.25
Sep 1, 2023 2:00 PM;Sep 1, 2023 3:00 PM;56,984.75;60,657.00;3,672.25;30,969.75
Sep 1, 2023 3:00 PM;Sep 1, 2023 4:00 PM;55,439.75;56,940.00;1,500.25;31,730.75
Sep 1, 2023 4:00 PM;Sep 1, 2023 5:00 PM;54,660.50;55,371.50;711.00;34,480.25
Sep 1, 2023 5:00 PM;Sep 1, 2023 6:00 PM;54,881.75;55,208.25;326.50;40,042.75
Sep 1, 2023 6:00 PM;Sep 1, 2023 7:00 PM;54,775.25;54,785.75;10.50;45,887.50
Sep 1, 2023 7:00 PM;Sep 1, 2023 8:00 PM;54,152.25;54,156.75;4.50;49,786.50
Sep 1, 2023 8:00 PM;Sep 1, 2023 9:00 PM;52,947.50;52,951.00;3.50;49,918.25
Sep 1, 2023 9:00 PM;Sep 1, 2023 10:00 PM;49,931.00;49,987.25;56.25;47,137.50
Sep 1, 2023 10:00 PM;Sep 1, 2023 11:00 PM;46,662.50;46,670.50;8.00;44,067.75
Sep 1, 2023 11:00 PM;Sep 2, 2023 12:00 AM;43,563.00;43,779.25;216.25;40,923.00
Sep 2, 2023 12:00 AM;Sep 2, 2023 1:00 AM;40,477.75;40,830.50;352.75;37,771.75
Sep 2, 2023 1:00 AM;Sep 2, 2023 2:00 AM;38,763.00;38,875.00;112.00;36,247.25
Sep 2, 2023 2:00 AM;Sep 2, 2023 3:00 AM;37,381.50;37,411.50;30.00;35,411.00
Sep 2, 2023 3:00 AM;Sep 2, 2023 4:00 AM;36,438.75;36,558.50;119.75;34,882.50
Sep 2, 2023 4:00 AM;Sep 2, 2023 5:00 AM;36,340.50;36,382.00;41.50;34,949.50
Sep 2, 2023 5:00 AM;Sep 2, 2023 6:00 AM;37,358.25;37,554.25;196.00;35,982.50
Sep 2, 2023 6:00 AM;Sep 2, 2023 7:00 AM;38,666.50;38,718.75;52.25;37,231.75
Sep 2, 2023 7:00 AM;Sep 2, 2023 8:00 AM;40,854.50;40,895.50;41.00;36,930.75
Sep 2, 2023 8:00 AM;Sep 2, 2023 9:00 AM;44,293.00;44,491.25;198.25;34,608.75
Sep 2, 2023 9:00 AM;Sep 2, 2023 10:00 AM;47,080.50;47,404.25;323.75;30,525.50
Sep 2, 2023 10:00 AM;Sep 2, 2023 11:00 AM;48,797.00;49,644.00;847.00;25,561.50
Sep 2, 2023 11:00 AM;Sep 2, 2023 12:00 PM;49,553.00;52,140.00;2,587.00;20,742.25
Sep 2, 2023 12:00 PM;Sep 2, 2023 1:00 PM;48,987.75;53,180.75;4,193.00;17,161.50
Sep 2, 2023 1:00 PM;Sep 2, 2023 2:00 PM;47,279.50;52,171.50;4,892.00;14,381.25
Sep 2, 2023 2:00 PM;Sep 2, 2023 3:00 PM;45,979.25;51,013.25;5,034.00;14,373.50
Sep 2, 2023 3:00 PM;Sep 2, 2023 4:00 PM;45,331.50;49,503.75;4,172.25;16,742.50
Sep 2, 2023 4:00 PM;Sep 2, 2023 5:00 PM;44,818.00;48,732.75;3,914.75;21,138.00
Sep 2, 2023 5:00 PM;Sep 2, 2023 6:00 PM;45,781.00;47,345.25;1,564.25;28,910.00
Sep 2, 2023 6:00 PM;Sep 2, 2023 7:00 PM;46,159.25;46,338.00;178.75;37,277.50
Sep 2, 2023 7:00 PM;Sep 2, 2023 8:00 PM;46,314.00;46,318.75;4.75;42,882.75
Sep 2, 2023 8:00 PM;Sep 2, 2023 9:00 PM;45,448.00;45,453.75;5.75;42,909.00
Sep 2, 2023 9:00 PM;Sep 2, 2023 10:00 PM;43,690.25;43,706.25;16.00;40,706.75
Sep 2, 2023 10:00 PM;Sep 2, 2023 11:00 PM;41,417.00;41,425.75;8.75;38,229.50
Sep 2, 2023 11:00 PM;Sep 3, 2023 12:00 AM;38,959.25;39,064.25;105.00;35,641.50
Sep 3, 2023 12:00 AM;Sep 3, 2023 1:00 AM;36,659.50;36,731.25;71.75;33,464.25
Sep 3, 2023 1:00 AM;Sep 3, 2023 2:00 AM;35,173.00;35,202.25;29.25;31,811.00
Sep 3, 2023 2:00 AM;Sep 3, 2023 3:00 AM;34,052.75;34,410.50;357.75;30,604.50
Sep 3, 2023 3:00 AM;Sep 3, 2023 4:00 AM;33,507.50;33,632.25;124.75;29,930.00
Sep 3, 2023 4:00 AM;Sep 3, 2023 5:00 AM;33,469.00;33,860.75;391.75;29,398.75
Sep 3, 2023 5:00 AM;Sep 3, 2023 6:00 AM;34,253.50;34,775.25;521.75;29,477.50
Sep 3, 2023 6:00 AM;Sep 3, 2023 7:00 AM;35,131.75;35,330.50;198.75;30,086.50
Sep 3, 2023 7:00 AM;Sep 3, 2023 8:00 AM;37,021.00;37,375.25;354.25;29,810.75
Sep 3, 2023 8:00 AM;Sep 3, 2023 9:00 AM;39,920.25;40,543.75;623.50;28,044.50
Sep 3, 2023 9:00 AM;Sep 3, 2023 10:00 AM;42,812.00;44,182.00;1,370.00;24,286.00
Sep 3, 2023 10:00 AM;Sep 3, 2023 11:00 AM;44,698.00;47,758.25;3,060.25;18,376.50
Sep 3, 2023 11:00 AM;Sep 3, 2023 12:00 PM;45,671.75;50,525.25;4,853.50;14,261.50
Sep 3, 2023 12:00 PM;Sep 3, 2023 1:00 PM;45,052.50;50,313.00;5,260.50;10,828.50
Sep 3, 2023 1:00 PM;Sep 3, 2023 2:00 PM;43,593.00;48,687.50;5,094.50;8,281.25
Sep 3, 2023 2:00 PM;Sep 3, 2023 3:00 PM;42,238.75;47,065.50;4,826.75;8,460.75
Sep 3, 2023 3:00 PM;Sep 3, 2023 4:00 PM;41,725.00;46,044.75;4,319.75;11,616.25
Sep 3, 2023 4:00 PM;Sep 3, 2023 5:00 PM;41,899.50;45,929.00;4,029.50;17,145.00
Sep 3, 2023 5:00 PM;Sep 3, 2023 6:00 PM;43,280.25;44,922.25;1,642.00;26,033.75
Sep 3, 2023 6:00 PM;Sep 3, 2023 7:00 PM;45,256.50;45,615.75;359.25;35,598.50
Sep 3, 2023 7:00 PM;Sep 3, 2023 8:00 PM;45,658.00;45,665.00;7.00;41,325.00
Sep 3, 2023 8:00 PM;Sep 3, 2023 9:00 PM;45,483.50;45,490.50;7.00;42,022.00
Sep 3, 2023 9:00 PM;Sep 3, 2023 10:00 PM;44,107.75;44,147.75;40.00;39,966.75
Sep 3, 2023 10:00 PM;Sep 3, 2023 11:00 PM;42,561.00;42,693.00;132.00;38,200.25
Sep 3, 2023 11:00 PM;Sep 4, 2023 12:00 AM;39,896.00;40,242.75;346.75;35,348.75
Sep 4, 2023 12:00 AM;Sep 4, 2023 1:00 AM;38,122.50;38,306.25;183.75;33,304.25
Sep 4, 2023 1:00 AM;Sep 4, 2023 2:00 AM;36,730.75;37,142.50;411.75;31,440.00
Sep 4, 2023 2:00 AM;Sep 4, 2023 3:00 AM;36,560.25;37,751.25;1,191.00;31,100.00
Sep 4, 2023 3:00 AM;Sep 4, 2023 4:00 AM;36,317.75;38,509.50;2,191.75;30,693.00
Sep 4, 2023 4:00 AM;Sep 4, 2023 5:00 AM;37,628.75;38,749.25;1,120.50;32,051.50
Sep 4, 2023 5:00 AM;Sep 4, 2023 6:00 AM;41,265.00;41,801.75;536.75;35,830.00
Sep 4, 2023 6:00 AM;Sep 4, 2023 7:00 AM;48,449.75;48,526.00;76.25;42,754.25
Sep 4, 2023 7:00 AM;Sep 4, 2023 8:00 AM;53,470.75;53,483.25;12.50;44,704.00
Sep 4, 2023 8:00 AM;Sep 4, 2023 9:00 AM;57,080.75;57,217.25;136.50;40,803.00
Sep 4, 2023 9:00 AM;Sep 4, 2023 10:00 AM;58,076.25;58,580.50;504.25;33,710.00
Sep 4, 2023 10:00 AM;Sep 4, 2023 11:00 AM;58,169.25;58,927.00;757.75;26,230.75
Sep 4, 2023 11:00 AM;Sep 4, 2023 12:00 PM;58,514.25;61,701.00;3,186.75;21,046.50
Sep 4, 2023 12:00 PM;Sep 4, 2023 1:00 PM;57,650.75;61,513.00;3,862.25;17,344.25
Sep 4, 2023 1:00 PM;Sep 4, 2023 2:00 PM;56,567.00;60,836.25;4,269.25;16,174.50
Sep 4, 2023 2:00 PM;Sep 4, 2023 3:00 PM;55,519.25;59,465.50;3,946.25;17,090.25
Sep 4, 2023 3:00 PM;Sep 4, 2023 4:00 PM;54,822.25;57,621.25;2,799.00;20,541.00
Sep 4, 2023 4:00 PM;Sep 4, 2023 5:00 PM;54,245.00;56,081.25;1,836.25;26,315.00
Sep 4, 2023 5:00 PM;Sep 4, 2023 6:00 PM;55,355.00;56,093.50;738.50;36,158.50
Sep 4, 2023 6:00 PM;Sep 4, 2023 7:00 PM;56,347.75;56,405.00;57.25;46,399.75
Sep 4, 2023 7:00 PM;Sep 4, 2023 8:00 PM;56,128.50;56,134.50;6.00;50,215.00
Sep 4, 2023 8:00 PM;Sep 4, 2023 9:00 PM;54,968.50;54,976.50;8.00;47,582.75
Sep 4, 2023 9:00 PM;Sep 4, 2023 10:00 PM;52,052.00;52,254.50;202.50;42,222.25
Sep 4, 2023 10:00 PM;Sep 4, 2023 11:00 PM;48,270.00;48,412.00;142.00;36,780.00
Sep 4, 2023 11:00 PM;Sep 5, 2023 12:00 AM;44,430.00;45,004.50;574.50;31,559.50
Sep 5, 2023 12:00 AM;Sep 5, 2023 1:00 AM;41,931.25;42,526.25;595.00;28,499.50
Sep 5, 2023 1:00 AM;Sep 5, 2023 2:00 AM;40,897.00;41,569.00;672.00;27,411.25
Sep 5, 2023 2:00 AM;Sep 5, 2023 3:00 AM;40,227.75;42,100.00;1,872.25;26,925.75
Sep 5, 2023 3:00 AM;Sep 5, 2023 4:00 AM;40,573.00;42,434.00;1,861.00;27,884.50
Sep 5, 2023 4:00 AM;Sep 5, 2023 5:00 AM;41,097.50;42,111.25;1,013.75;28,772.75
Sep 5, 2023 5:00 AM;Sep 5, 2023 6:00 AM;44,569.75;45,131.50;561.75;32,432.00
Sep 5, 2023 6:00 AM;Sep 5, 2023 7:00 AM;51,996.75;52,124.50;127.75;39,898.50
Sep 5, 2023 7:00 AM;Sep 5, 2023 8:00 AM;56,465.75;56,477.50;11.75;42,122.50
Sep 5, 2023 8:00 AM;Sep 5, 2023 9:00 AM;59,316.00;59,455.75;139.75;39,219.25
Sep 5, 2023 9:00 AM;Sep 5, 2023 10:00 AM;59,877.00;60,442.00;565.00;33,702.75
Sep 5, 2023 10:00 AM;Sep 5, 2023 11:00 AM;59,533.00;61,288.00;1,755.00;27,349.50
Sep 5, 2023 11:00 AM;Sep 5, 2023 12:00 PM;60,016.00;62,418.75;2,402.75;23,053.75
Sep 5, 2023 12:00 PM;Sep 5, 2023 1:00 PM;59,645.75;62,110.50;2,464.75;20,092.75
Sep 5, 2023 1:00 PM;Sep 5, 2023 2:00 PM;58,478.25;62,352.75;3,874.50;18,640.00
Sep 5, 2023 2:00 PM;Sep 5, 2023 3:00 PM;57,392.50;60,657.00;3,264.50;19,393.25
Sep 5, 2023 3:00 PM;Sep 5, 2023 4:00 PM;56,311.25;59,282.00;2,970.75;22,643.75
Sep 5, 2023 4:00 PM;Sep 5, 2023 5:00 PM;55,201.00;57,270.75;2,069.75;28,066.75
Sep 5, 2023 5:00 PM;Sep 5, 2023 6:00 PM;55,674.50;56,458.00;783.50;37,244.50
Sep 5, 2023 6:00 PM;Sep 5, 2023 7:00 PM;56,418.25;56,471.00;52.75;46,759.75
Sep 5, 2023 7:00 PM;Sep 5, 2023 8:00 PM;56,582.50;56,586.50;4.00;51,005.00
Sep 5, 2023 8:00 PM;Sep 5, 2023 9:00 PM;55,847.75;55,865.00;17.25;48,600.00
Sep 5, 2023 9:00 PM;Sep 5, 2023 10:00 PM;52,578.50;52,712.00;133.50;43,105.00
Sep 5, 2023 10:00 PM;Sep 5, 2023 11:00 PM;48,464.50;48,780.25;315.75;38,276.25
Sep 5, 2023 11:00 PM;Sep 6, 2023 12:00 AM;45,360.25;45,664.00;303.75;35,882.50
Sep 6, 2023 12:00 AM;Sep 6, 2023 1:00 AM;43,144.75;43,512.75;368.00;34,846.75
Sep 6, 2023 1:00 AM;Sep 6, 2023 2:00 AM;41,153.75;41,981.00;827.25;33,804.50
Sep 6, 2023 2:00 AM;Sep 6, 2023 3:00 AM;39,978.25;42,493.25;2,515.00;33,651.00
Sep 6, 2023 3:00 AM;Sep 6, 2023 4:00 AM;39,898.00;42,859.00;2,961.00;34,496.25
Sep 6, 2023 4:00 AM;Sep 6, 2023 5:00 AM;41,216.50;42,768.75;1,552.25;36,766.50
Sep 6, 2023 5:00 AM;Sep 6, 2023 6:00 AM;44,803.75;44,883.00;79.25;41,004.75
Sep 6, 2023 6:00 AM;Sep 6, 2023 7:00 AM;51,692.50;51,702.75;10.25;47,986.50
Sep 6, 2023 7:00 AM;Sep 6, 2023 8:00 AM;55,978.00;55,982.25;4.25;49,251.75
Sep 6, 2023 8:00 AM;Sep 6, 2023 9:00 AM;58,907.50;58,918.75;11.25;44,270.50
Sep 6, 2023 9:00 AM;Sep 6, 2023 10:00 AM;59,967.75;60,304.00;336.25;36,753.00
Sep 6, 2023 10:00 AM;Sep 6, 2023 11:00 AM;59,697.25;61,578.25;1,881.00;29,206.25
Sep 6, 2023 11:00 AM;Sep 6, 2023 12:00 PM;60,764.50;63,547.00;2,782.50;24,705.50
Sep 6, 2023 12:00 PM;Sep 6, 2023 1:00 PM;59,594.25;63,212.00;3,617.75;20,237.00
Sep 6, 2023 1:00 PM;Sep 6, 2023 2:00 PM;58,444.75;62,706.25;4,261.50;18,211.00
Sep 6, 2023 2:00 PM;Sep 6, 2023 3:00 PM;57,220.00;61,449.00;4,229.00;18,851.25
Sep 6, 2023 3:00 PM;Sep 6, 2023 4:00 PM;56,355.00;60,011.50;3,656.50;22,087.50
Sep 6, 2023 4:00 PM;Sep 6, 2023 5:00 PM;55,440.25;57,945.25;2,505.00;27,629.75
Sep 6, 2023 5:00 PM;Sep 6, 2023 6:00 PM;56,285.25;56,777.50;492.25;37,005.00
Sep 6, 2023 6:00 PM;Sep 6, 2023 7:00 PM;57,097.75;57,142.00;44.25;46,224.00
Sep 6, 2023 7:00 PM;Sep 6, 2023 8:00 PM;57,582.25;57,590.25;8.00;49,704.50
Sep 6, 2023 8:00 PM;Sep 6, 2023 9:00 PM;56,948.50;56,962.50;14.00;45,796.00
Sep 6, 2023 9:00 PM;Sep 6, 2023 10:00 PM;53,635.25;53,809.75;174.50;38,632.00
Sep 6, 2023 10:00 PM;Sep 6, 2023 11:00 PM;49,599.50;49,780.75;181.25;33,479.75
Sep 6, 2023 11:00 PM;Sep 7, 2023 12:00 AM;45,629.25;46,034.00;404.75;29,822.00
Sep 7, 2023 12:00 AM;Sep 7, 2023 1:00 AM;42,973.25;43,375.75;402.50;27,885.75
Sep 7, 2023 1:00 AM;Sep 7, 2023 2:00 AM;41,409.00;43,809.50;2,400.50;27,370.75
Sep 7, 2023 2:00 AM;Sep 7, 2023 3:00 AM;40,630.25;43,778.75;3,148.50;28,043.25
Sep 7, 2023 3:00 AM;Sep 7, 2023 4:00 AM;40,371.75;43,280.25;2,908.50;28,944.75
Sep 7, 2023 4:00 AM;Sep 7, 2023 5:00 AM;41,236.00;43,743.00;2,507.00;30,745.00
Sep 7, 2023 5:00 AM;Sep 7, 2023 6:00 AM;44,349.25;44,956.00;606.75;33,693.50
Sep 7, 2023 6:00 AM;Sep 7, 2023 7:00 AM;51,625.75;51,788.75;163.00;40,134.25
Sep 7, 2023 7:00 AM;Sep 7, 2023 8:00 AM;56,221.50;56,230.75;9.25;41,384.50
Sep 7, 2023 8:00 AM;Sep 7, 2023 9:00 AM;59,056.25;59,124.50;68.25;37,544.25
Sep 7, 2023 9:00 AM;Sep 7, 2023 10:00 AM;59,980.00;59,998.25;18.25;32,076.75
Sep 7, 2023 10:00 AM;Sep 7, 2023 11:00 AM;60,252.50;60,714.25;461.75;25,284.25
Sep 7, 2023 11:00 AM;Sep 7, 2023 12:00 PM;60,900.50;62,517.75;1,617.25;19,687.75
Sep 7, 2023 12:00 PM;Sep 7, 2023 1:00 PM;60,463.75;64,020.25;3,556.50;14,923.25
Sep 7, 2023 1:00 PM;Sep 7, 2023 2:00 PM;59,388.00;63,435.25;4,047.25;12,149.25
Sep 7, 2023 2:00 PM;Sep 7, 2023 3:00 PM;58,167.00;62,191.00;4,024.00;11,987.00
Sep 7, 2023 3:00 PM;Sep 7, 2023 4:00 PM;57,502.75;60,613.00;3,110.25;14,621.50
Sep 7, 2023 4:00 PM;Sep 7, 2023 5:00 PM;56,663.00;59,144.25;2,481.25;19,373.50
Sep 7, 2023 5:00 PM;Sep 7, 2023 6:00 PM;57,090.50;57,677.00;586.50;28,013.50
Sep 7, 2023 6:00 PM;Sep 7, 2023 7:00 PM;57,744.50;57,771.25;26.75;37,804.75
Sep 7, 2023 7:00 PM;Sep 7, 2023 8:00 PM;57,455.75;57,469.25;13.50;40,623.75
Sep 7, 2023 8:00 PM;Sep 7, 2023 9:00 PM;57,082.50;57,261.00;178.50;36,429.25
Sep 7, 2023 9:00 PM;Sep 7, 2023 10:00 PM;54,243.25;54,314.50;71.25;31,091.00
Sep 7, 2023 10:00 PM;Sep 7, 2023 11:00 PM;50,221.25;50,487.75;266.50;27,287.50
Sep 7, 2023 11:00 PM;Sep 8, 2023 12:00 AM;46,438.75;46,769.25;330.50;24,960.25
Sep 8, 2023 12:00 AM;Sep 8, 2023 1:00 AM;43,877.50;44,480.50;603.00;24,098.75
Sep 8, 2023 1:00 AM;Sep 8, 2023 2:00 AM;42,115.50;43,940.50;1,825.00;24,280.25
Sep 8, 2023 2:00 AM;Sep 8, 2023 3:00 AM;41,127.50;43,702.25;2,574.75;25,240.50
Sep 8, 2023 3:00 AM;Sep 8, 2023 4:00 AM;40,868.00;43,730.75;2,862.75;27,113.25
Sep 8, 2023 4:00 AM;Sep 8, 2023 5:00 AM;41,674.50;44,146.00;2,471.50;29,552.00
Sep 8, 2023 5:00 AM;Sep 8, 2023 6:00 AM;44,541.50;44,954.25;412.75;33,633.50
Sep 8, 2023 6:00 AM;Sep 8, 2023 7:00 AM;51,437.00;51,598.25;161.25;41,296.00
Sep 8, 2023 7:00 AM;Sep 8, 2023 8:00 AM;55,760.75;55,766.75;6.00;43,379.00
Sep 8, 2023 8:00 AM;Sep 8, 2023 9:00 AM;59,030.25;59,145.00;114.75;40,006.00
Sep 8, 2023 9:00 AM;Sep 8, 2023 10:00 AM;59,997.50;60,092.75;95.25;34,359.00
Sep 8, 2023 10:00 AM;Sep 8, 2023 11:00 AM;60,276.50;61,270.25;993.75;28,610.50
Sep 8, 2023 11:00 AM;Sep 8, 2023 12:00 PM;60,528.00;63,254.25;2,726.25;23,483.00
Sep 8, 2023 12:00 PM;Sep 8, 2023 1:00 PM;59,821.25;63,297.00;3,475.75;19,825.75
Sep 8, 2023 1:00 PM;Sep 8, 2023 2:00 PM;58,078.25;61,590.50;3,512.25;17,491.75
Sep 8, 2023 2:00 PM;Sep 8, 2023 3:00 PM;56,325.75;60,240.25;3,914.50;17,715.00
Sep 8, 2023 3:00 PM;Sep 8, 2023 4:00 PM;55,453.25;58,362.25;2,909.00;21,460.75
Sep 8, 2023 4:00 PM;Sep 8, 2023 5:00 PM;54,526.75;55,818.00;1,291.25;27,991.75
Sep 8, 2023 5:00 PM;Sep 8, 2023 6:00 PM;55,028.25;55,572.25;544.00;37,870.50
Sep 8, 2023 6:00 PM;Sep 8, 2023 7:00 PM;55,230.00;55,231.00;1.00;47,255.50
Sep 8, 2023 7:00 PM;Sep 8, 2023 8:00 PM;55,015.25;55,017.50;2.25;51,142.00
Sep 8, 2023 8:00 PM;Sep 8, 2023 9:00 PM;54,285.75;54,288.75;3.00;49,727.25
Sep 8, 2023 9:00 PM;Sep 8, 2023 10:00 PM;51,320.75;51,401.50;80.75;45,412.25
Sep 8, 2023 10:00 PM;Sep 8, 2023 11:00 PM;47,698.50;47,948.50;250.00;41,043.25
Sep 8, 2023 11:00 PM;Sep 9, 2023 12:00 AM;44,407.25;44,737.25;330.00;37,570.50
Sep 9, 2023 12:00 AM;Sep 9, 2023 1:00 AM;42,015.50;42,400.75;385.25;35,580.50
Sep 9, 2023 1:00 AM;Sep 9, 2023 2:00 AM;39,991.75;40,273.00;281.25;34,386.25
Sep 9, 2023 2:00 AM;Sep 9, 2023 3:00 AM;38,472.75;38,637.75;165.00;34,100.50
Sep 9, 2023 3:00 AM;Sep 9, 2023 4:00 AM;37,818.75;38,138.50;319.75;34,540.50
Sep 9, 2023 4:00 AM;Sep 9, 2023 5:00 AM;37,624.50;37,942.00;317.50;35,031.00
Sep 9, 2023 5:00 AM;Sep 9, 2023 6:00 AM;38,238.50;38,665.25;426.75;35,987.50
Sep 9, 2023 6:00 AM;Sep 9, 2023 7:00 AM;40,255.75;40,448.50;192.75;37,914.50
Sep 9, 2023 7:00 AM;Sep 9, 2023 8:00 AM;42,677.50;42,956.75;279.25;37,512.25
Sep 9, 2023 8:00 AM;Sep 9, 2023 9:00 AM;46,369.00;46,991.00;622.00;33,286.25
Sep 9, 2023 9:00 AM;Sep 9, 2023 10:00 AM;48,967.25;49,865.50;898.25;27,335.75
Sep 9, 2023 10:00 AM;Sep 9, 2023 11:00 AM;50,144.25;52,320.75;2,176.50;21,551.75
Sep 9, 2023 11:00 AM;Sep 9, 2023 12:00 PM;50,642.50;54,563.00;3,920.50;16,372.25
Sep 9, 2023 12:00 PM;Sep 9, 2023 1:00 PM;50,048.50;54,798.75;4,750.25;12,367.75
Sep 9, 2023 1:00 PM;Sep 9, 2023 2:00 PM;48,353.50;52,934.00;4,580.50;10,108.50
Sep 9, 2023 2:00 PM;Sep 9, 2023 3:00 PM;46,811.75;51,529.50;4,717.75;10,861.75
Sep 9, 2023 3:00 PM;Sep 9, 2023 4:00 PM;45,875.50;50,056.50;4,181.00;14,556.75
Sep 9, 2023 4:00 PM;Sep 9, 2023 5:00 PM;46,046.75;49,098.00;3,051.25;21,779.00
Sep 9, 2023 5:00 PM;Sep 9, 2023 6:00 PM;46,824.25;47,648.50;824.25;31,729.50
Sep 9, 2023 6:00 PM;Sep 9, 2023 7:00 PM;47,895.50;48,024.00;128.50;41,873.50
Sep 9, 2023 7:00 PM;Sep 9, 2023 8:00 PM;47,764.50;47,767.00;2.50;46,210.25
Sep 9, 2023 8:00 PM;Sep 9, 2023 9:00 PM;47,753.25;47,758.75;5.50;46,504.75
Sep 9, 2023 9:00 PM;Sep 9, 2023 10:00 PM;45,397.00;45,405.50;8.50;43,846.75
Sep 9, 2023 10:00 PM;Sep 9, 2023 11:00 PM;42,901.50;43,153.75;252.25;41,305.50
Sep 9, 2023 11:00 PM;Sep 10, 2023 12:00 AM;40,282.75;40,596.25;313.50;38,606.25
Sep 10, 2023 12:00 AM;Sep 10, 2023 1:00 AM;37,948.50;37,989.75;41.25;36,337.00
Sep 10, 2023 1:00 AM;Sep 10, 2023 2:00 AM;36,415.50;36,520.75;105.25;34,967.25
Sep 10, 2023 2:00 AM;Sep 10, 2023 3:00 AM;34,693.75;34,829.25;135.50;33,629.25
Sep 10, 2023 3:00 AM;Sep 10, 2023 4:00 AM;34,127.25;34,262.50;135.25;33,290.00
Sep 10, 2023 4:00 AM;Sep 10, 2023 5:00 AM;33,821.50;33,845.50;24.00;33,129.25
Sep 10, 2023 5:00 AM;Sep 10, 2023 6:00 AM;34,241.25;34,277.00;35.75;33,681.50
Sep 10, 2023 6:00 AM;Sep 10, 2023 7:00 AM;35,044.75;35,100.75;56.00;34,446.00
Sep 10, 2023 7:00 AM;Sep 10, 2023 8:00 AM;36,859.50;37,176.75;317.25;33,861.75
Sep 10, 2023 8:00 AM;Sep 10, 2023 9:00 AM;40,559.25;41,055.25;496.00;30,200.25
Sep 10, 2023 9:00 AM;Sep 10, 2023 10:00 AM;43,788.50;45,593.00;1,804.50;24,666.00
Sep 10, 2023 10:00 AM;Sep 10, 2023 11:00 AM;45,250.75;48,761.00;3,510.25;18,754.25
Sep 10, 2023 11:00 AM;Sep 10, 2023 12:00 PM;46,361.25;50,932.00;4,570.75;14,282.50
Sep 10, 2023 12:00 PM;Sep 10, 2023 1:00 PM;45,763.25;50,549.25;4,786.00;11,357.25
Sep 10, 2023 1:00 PM;Sep 10, 2023 2:00 PM;44,119.50;48,865.50;4,746.00;8,676.75
Sep 10, 2023 2:00 PM;Sep 10, 2023 3:00 PM;42,653.25;47,377.25;4,724.00;9,134.00
Sep 10, 2023 3:00 PM;Sep 10, 2023 4:00 PM;42,212.50;46,017.75;3,805.25;12,353.25
Sep 10, 2023 4:00 PM;Sep 10, 2023 5:00 PM;42,429.50;45,246.50;2,817.00;19,479.25
Sep 10, 2023 5:00 PM;Sep 10, 2023 6:00 PM;44,109.75;45,345.50;1,235.75;30,178.00
Sep 10, 2023 6:00 PM;Sep 10, 2023 7:00 PM;46,303.00;46,676.00;373.00;40,875.75
Sep 10, 2023 7:00 PM;Sep 10, 2023 8:00 PM;46,824.00;46,826.00;2.00;45,494.75
Sep 10, 2023 8:00 PM;Sep 10, 2023 9:00 PM;47,395.75;47,397.75;2.00;46,273.50
Sep 10, 2023 9:00 PM;Sep 10, 2023 10:00 PM;45,755.50;45,851.50;96.00;43,952.25
Sep 10, 2023 10:00 PM;Sep 10, 2023 11:00 PM;43,653.50;43,731.25;77.75;41,286.25
Sep 10, 2023 11:00 PM;Sep 11, 2023 12:00 AM;41,482.50;41,838.50;356.00;38,746.00
Sep 11, 2023 12:00 AM;Sep 11, 2023 1:00 AM;39,735.50;41,077.00;1,341.50;36,218.50
Sep 11, 2023 1:00 AM;Sep 11, 2023 2:00 AM;38,778.25;41,650.00;2,871.75;34,396.50
Sep 11, 2023 2:00 AM;Sep 11, 2023 3:00 AM;38,217.50;41,906.00;3,688.50;33,584.75
Sep 11, 2023 3:00 AM;Sep 11, 2023 4:00 AM;38,453.50;42,212.75;3,759.25;33,609.50
Sep 11, 2023 4:00 AM;Sep 11, 2023 5:00 AM;39,227.00;41,909.75;2,682.75;34,284.25
Sep 11, 2023 5:00 AM;Sep 11, 2023 6:00 AM;43,015.25;44,148.25;1,133.00;38,216.75
Sep 11, 2023 6:00 AM;Sep 11, 2023 7:00 AM;50,728.00;50,744.50;16.50;45,916.00
Sep 11, 2023 7:00 AM;Sep 11, 2023 8:00 AM;55,591.75;55,592.75;1.00;48,793.50
Sep 11, 2023 8:00 AM;Sep 11, 2023 9:00 AM;58,749.75;58,794.25;44.50;45,188.25
Sep 11, 2023 9:00 AM;Sep 11, 2023 10:00 AM;60,045.75;60,219.00;173.25;38,034.00
Sep 11, 2023 10:00 AM;Sep 11, 2023 11:00 AM;60,985.00;62,848.50;1,863.50;31,419.50
Sep 11, 2023 11:00 AM;Sep 11, 2023 12:00 PM;61,623.00;64,322.25;2,699.25;26,536.00
Sep 11, 2023 12:00 PM;Sep 11, 2023 1:00 PM;60,497.75;64,201.75;3,704.00;22,620.00
Sep 11, 2023 1:00 PM;Sep 11, 2023 2:00 PM;59,729.75;63,780.50;4,050.75;21,665.00
Sep 11, 2023 2:00 PM;Sep 11, 2023 3:00 PM;58,397.25;62,223.25;3,826.00;22,361.75
Sep 11, 2023 3:00 PM;Sep 11, 2023 4:00 PM;57,871.25;60,925.00;3,053.75;26,313.50
Sep 11, 2023 4:00 PM;Sep 11, 2023 5:00 PM;57,593.75;58,552.50;958.75;33,002.25
Sep 11, 2023 5:00 PM;Sep 11, 2023 6:00 PM;58,022.50;58,321.50;299.00;42,260.50
Sep 11, 2023 6:00 PM;Sep 11, 2023 7:00 PM;57,897.00;57,960.50;63.50;50,450.75
Sep 11, 2023 7:00 PM;Sep 11, 2023 8:00 PM;57,896.50;57,898.50;2.00;54,024.00
Sep 11, 2023 8:00 PM;Sep 11, 2023 9:00 PM;57,183.75;57,185.75;2.00;54,107.25
Sep 11, 2023 9:00 PM;Sep 11, 2023 10:00 PM;53,644.75;53,708.00;63.25;51,150.25
Sep 11, 2023 10:00 PM;Sep 11, 2023 11:00 PM;49,378.50;49,412.75;34.25;47,212.00
Sep 11, 2023 11:00 PM;Sep 12, 2023 12:00 AM;45,739.50;45,927.00;187.50;43,937.25
Sep 12, 2023 12:00 AM;Sep 12, 2023 1:00 AM;43,327.50;43,888.25;560.75;41,450.00
Sep 12, 2023 1:00 AM;Sep 12, 2023 2:00 AM;42,332.00;44,249.75;1,917.75;40,222.00
Sep 12, 2023 2:00 AM;Sep 12, 2023 3:00 AM;41,930.00;44,820.00;2,890.00;39,909.00
Sep 12, 2023 3:00 AM;Sep 12, 2023 4:00 AM;42,038.75;44,991.75;2,953.00;40,277.75
Sep 12, 2023 4:00 AM;Sep 12, 2023 5:00 AM;42,790.75;45,091.25;2,300.50;40,968.50
Sep 12, 2023 5:00 AM;Sep 12, 2023 6:00 AM;46,161.75;47,670.75;1,509.00;44,236.00
Sep 12, 2023 6:00 AM;Sep 12, 2023 7:00 AM;53,303.75;53,343.75;40.00;51,226.00
Sep 12, 2023 7:00 AM;Sep 12, 2023 8:00 AM;58,058.75;58,125.75;67.00;53,304.75
Sep 12, 2023 8:00 AM;Sep 12, 2023 9:00 AM;60,939.50;61,150.50;211.00;50,042.50
Sep 12, 2023 9:00 AM;Sep 12, 2023 10:00 AM;62,238.25;62,446.25;208.00;44,811.00
Sep 12, 2023 10:00 AM;Sep 12, 2023 11:00 AM;62,964.75;63,566.25;601.50;39,116.50
Sep 12, 2023 11:00 AM;Sep 12, 2023 12:00 PM;63,647.75;65,739.25;2,091.50;34,510.50
Sep 12, 2023 12:00 PM;Sep 12, 2023 1:00 PM;62,726.50;66,175.25;3,448.75;31,162.25
Sep 12, 2023 1:00 PM;Sep 12, 2023 2:00 PM;61,000.25;64,754.25;3,754.00;28,976.50
Sep 12, 2023 2:00 PM;Sep 12, 2023 3:00 PM;59,918.25;63,689.50;3,771.25;29,174.75
Sep 12, 2023 3:00 PM;Sep 12, 2023 4:00 PM;59,317.75;62,488.75;3,171.00;31,622.75
Sep 12, 2023 4:00 PM;Sep 12, 2023 5:00 PM;58,751.00;60,168.50;1,417.50;37,457.50
Sep 12, 2023 5:00 PM;Sep 12, 2023 6:00 PM;59,626.75;59,865.75;239.00;45,349.25
Sep 12, 2023 6:00 PM;Sep 12, 2023 7:00 PM;59,693.00;59,746.50;53.50;51,587.50
Sep 12, 2023 7:00 PM;Sep 12, 2023 8:00 PM;59,027.50;59,029.50;2.00;52,825.25
Sep 12, 2023 8:00 PM;Sep 12, 2023 9:00 PM;57,738.75;57,750.00;11.25;51,418.75
Sep 12, 2023 9:00 PM;Sep 12, 2023 10:00 PM;53,822.50;54,048.75;226.25;46,789.25
Sep 12, 2023 10:00 PM;Sep 12, 2023 11:00 PM;50,434.75;50,895.75;461.00;41,561.00
Sep 12, 2023 11:00 PM;Sep 13, 2023 12:00 AM;46,945.50;48,049.75;1,104.25;36,513.25
Sep 13, 2023 12:00 AM;Sep 13, 2023 1:00 AM;44,823.00;46,427.50;1,604.50;34,551.00
Sep 13, 2023 1:00 AM;Sep 13, 2023 2:00 AM;42,934.25;44,784.75;1,850.50;32,136.25
Sep 13, 2023 2:00 AM;Sep 13, 2023 3:00 AM;42,687.50;45,710.00;3,022.50;31,206.50
Sep 13, 2023 3:00 AM;Sep 13, 2023 4:00 AM;42,282.25;45,639.00;3,356.75;31,674.00
Sep 13, 2023 4:00 AM;Sep 13, 2023 5:00 AM;43,123.75;46,111.75;2,988.00;33,177.50
Sep 13, 2023 5:00 AM;Sep 13, 2023 6:00 AM;46,333.75;47,693.50;1,359.75;35,703.00
Sep 13, 2023 6:00 AM;Sep 13, 2023 7:00 AM;53,727.00;53,850.75;123.75;41,905.00
Sep 13, 2023 7:00 AM;Sep 13, 2023 8:00 AM;58,137.00;58,140.00;3.00;44,333.75
Sep 13, 2023 8:00 AM;Sep 13, 2023 9:00 AM;60,571.75;60,623.50;51.75;43,399.75
Sep 13, 2023 9:00 AM;Sep 13, 2023 10:00 AM;61,772.25;62,073.75;301.50;40,959.25
Sep 13, 2023 10:00 AM;Sep 13, 2023 11:00 AM;62,159.00;62,417.50;258.50;38,394.75
Sep 13, 2023 11:00 AM;Sep 13, 2023 12:00 PM;62,906.75;63,866.75;960.00;36,835.25
Sep 13, 2023 12:00 PM;Sep 13, 2023 1:00 PM;62,939.75;64,564.25;1,624.50;35,425.75
Sep 13, 2023 1:00 PM;Sep 13, 2023 2:00 PM;62,391.75;65,060.50;2,668.75;33,450.75
Sep 13, 2023 2:00 PM;Sep 13, 2023 3:00 PM;60,443.50;63,103.75;2,660.25;32,651.50
Sep 13, 2023 3:00 PM;Sep 13, 2023 4:00 PM;59,652.25;61,289.00;1,636.75;34,619.00
Sep 13, 2023 4:00 PM;Sep 13, 2023 5:00 PM;58,870.25;60,613.75;1,743.50;36,723.75
Sep 13, 2023 5:00 PM;Sep 13, 2023 6:00 PM;59,111.25;60,058.25;947.00;40,800.50
Sep 13, 2023 6:00 PM;Sep 13, 2023 7:00 PM;59,505.00;60,158.75;653.75;44,873.50
Sep 13, 2023 7:00 PM;Sep 13, 2023 8:00 PM;59,273.25;59,330.00;56.75;47,335.75
Sep 13, 2023 8:00 PM;Sep 13, 2023 9:00 PM;58,047.25;58,126.50;79.25;46,654.50
Sep 13, 2023 9:00 PM;Sep 13, 2023 10:00 PM;54,345.50;54,457.00;111.50;43,832.25
Sep 13, 2023 10:00 PM;Sep 13, 2023 11:00 PM;50,542.50;51,056.25;513.75;41,790.25
Sep 13, 2023 11:00 PM;Sep 14, 2023 12:00 AM;46,864.25;47,464.25;600.00;39,689.00
Sep 14, 2023 12:00 AM;Sep 14, 2023 1:00 AM;44,452.75;46,216.25;1,763.50;38,627.50
Sep 14, 2023 1:00 AM;Sep 14, 2023 2:00 AM;43,139.25;45,814.75;2,675.50;38,050.00
Sep 14, 2023 2:00 AM;Sep 14, 2023 3:00 AM;42,179.50;45,759.00;3,579.50;37,775.75
Sep 14, 2023 3:00 AM;Sep 14, 2023 4:00 AM;41,671.25;44,540.50;2,869.25;38,080.25
Sep 14, 2023 4:00 AM;Sep 14, 2023 5:00 AM;42,449.75;44,611.50;2,161.75;39,451.75
Sep 14, 2023 5:00 AM;Sep 14, 2023 6:00 AM;45,408.75;46,131.00;722.25;42,586.75
Sep 14, 2023 6:00 AM;Sep 14, 2023 7:00 AM;52,869.00;53,189.50;320.50;50,195.50
Sep 14, 2023 7:00 AM;Sep 14, 2023 8:00 AM;57,206.00;57,217.00;11.00;53,558.50
Sep 14, 2023 8:00 AM;Sep 14, 2023 9:00 AM;59,587.25;59,593.00;5.75;51,706.25
Sep 14, 2023 9:00 AM;Sep 14, 2023 10:00 AM;60,028.50;60,258.50;230.00;45,596.75
Sep 14, 2023 10:00 AM;Sep 14, 2023 11:00 AM;60,250.25;61,178.75;928.50;38,434.25
Sep 14, 2023 11:00 AM;Sep 14, 2023 12:00 PM;60,722.50;62,698.75;1,976.25;32,963.25
Sep 14, 2023 12:00 PM;Sep 14, 2023 1:00 PM;59,778.25;63,027.00;3,248.75;29,073.00
Sep 14, 2023 1:00 PM;Sep 14, 2023 2:00 PM;58,595.25;62,283.00;3,687.75;26,768.75
Sep 14, 2023 2:00 PM;Sep 14, 2023 3:00 PM;56,992.00;61,229.25;4,237.25;26,002.75
Sep 14, 2023 3:00 PM;Sep 14, 2023 4:00 PM;56,281.75;59,903.00;3,621.25;28,303.00
Sep 14, 2023 4:00 PM;Sep 14, 2023 5:00 PM;55,638.25;58,310.50;2,672.25;33,433.75
Sep 14, 2023 5:00 PM;Sep 14, 2023 6:00 PM;56,177.00;56,980.25;803.25;42,130.50
Sep 14, 2023 6:00 PM;Sep 14, 2023 7:00 PM;56,578.50;56,586.25;7.75;50,811.25
Sep 14, 2023 7:00 PM;Sep 14, 2023 8:00 PM;57,148.00;57,152.75;4.75;55,179.25
Sep 14, 2023 8:00 PM;Sep 14, 2023 9:00 PM;56,247.00;56,248.00;1.00;54,245.50
Sep 14, 2023 9:00 PM;Sep 14, 2023 10:00 PM;52,478.00;52,668.25;190.25;49,679.50
Sep 14, 2023 10:00 PM;Sep 14, 2023 11:00 PM;48,899.00;49,471.25;572.25;44,831.25
Sep 14, 2023 11:00 PM;Sep 15, 2023 12:00 AM;45,327.00;46,215.50;888.50;40,297.50
Sep 15, 2023 12:00 AM;Sep 15, 2023 1:00 AM;43,011.50;44,252.75;1,241.25;37,554.75
Sep 15, 2023 1:00 AM;Sep 15, 2023 2:00 AM;42,068.50;44,071.25;2,002.75;36,644.00
Sep 15, 2023 2:00 AM;Sep 15, 2023 3:00 AM;41,139.75;44,272.25;3,132.50;35,803.75
Sep 15, 2023 3:00 AM;Sep 15, 2023 4:00 AM;41,234.00;44,093.00;2,859.00;35,803.00
Sep 15, 2023 4:00 AM;Sep 15, 2023 5:00 AM;41,849.50;44,446.75;2,597.25;36,346.50
Sep 15, 2023 5:00 AM;Sep 15, 2023 6:00 AM;45,012.25;46,385.75;1,373.50;39,333.50
Sep 15, 2023 6:00 AM;Sep 15, 2023 7:00 AM;51,822.00;51,927.00;105.00;45,637.50
Sep 15, 2023 7:00 AM;Sep 15, 2023 8:00 AM;56,097.50;56,105.50;8.00;47,378.00
Sep 15, 2023 8:00 AM;Sep 15, 2023 9:00 AM;59,043.00;59,104.50;61.50;43,871.75
Sep 15, 2023 9:00 AM;Sep 15, 2023 10:00 AM;59,693.00;59,964.75;271.75;37,543.00
Sep 15, 2023 10:00 AM;Sep 15, 2023 11:00 AM;59,504.25;60,444.25;940.00;30,437.75
Sep 15, 2023 11:00 AM;Sep 15, 2023 12:00 PM;59,025.75;62,454.50;3,428.75;23,560.50
Sep 15, 2023 12:00 PM;Sep 15, 2023 1:00 PM;57,877.00;62,477.00;4,600.00;18,286.75
Sep 15, 2023 1:00 PM;Sep 15, 2023 2:00 PM;55,973.75;60,769.50;4,795.75;15,826.75
Sep 15, 2023 2:00 PM;Sep 15, 2023 3:00 PM;54,581.25;59,165.75;4,584.50;16,722.50
Sep 15, 2023 3:00 PM;Sep 15, 2023 4:00 PM;54,038.00;57,089.25;3,051.25;20,263.50
Sep 15, 2023 4:00 PM;Sep 15, 2023 5:00 PM;53,528.75;54,457.25;928.50;26,717.75
Sep 15, 2023 5:00 PM;Sep 15, 2023 6:00 PM;54,704.75;54,760.25;55.50;36,740.75
Sep 15, 2023 6:00 PM;Sep 15, 2023 7:00 PM;55,138.25;55,149.00;10.75;45,484.00
Sep 15, 2023 7:00 PM;Sep 15, 2023 8:00 PM;55,303.00;55,313.00;10.00;47,229.25
Sep 15, 2023 8:00 PM;Sep 15, 2023 9:00 PM;54,779.75;55,093.00;313.25;42,809.75
Sep 15, 2023 9:00 PM;Sep 15, 2023 10:00 PM;51,184.25;51,815.00;630.75;35,517.50
Sep 15, 2023 10:00 PM;Sep 15, 2023 11:00 PM;47,397.75;47,802.50;404.75;30,553.25
Sep 15, 2023 11:00 PM;Sep 16, 2023 12:00 AM;44,255.25;44,737.75;482.50;27,586.50
Sep 16, 2023 12:00 AM;Sep 16, 2023 1:00 AM;41,407.00;41,596.50;189.50;25,786.00
Sep 16, 2023 1:00 AM;Sep 16, 2023 2:00 AM;39,493.00;39,516.25;23.25;25,580.75
Sep 16, 2023 2:00 AM;Sep 16, 2023 3:00 AM;37,941.50;37,979.00;37.50;25,506.25
Sep 16, 2023 3:00 AM;Sep 16, 2023 4:00 AM;37,422.25;37,605.50;183.25;26,332.25
Sep 16, 2023 4:00 AM;Sep 16, 2023 5:00 AM;37,243.00;38,063.75;820.75;27,301.00
Sep 16, 2023 5:00 AM;Sep 16, 2023 6:00 AM;37,934.00;38,019.50;85.50;29,121.25
Sep 16, 2023 6:00 AM;Sep 16, 2023 7:00 AM;40,027.25;40,037.25;10.00;32,064.25
Sep 16, 2023 7:00 AM;Sep 16, 2023 8:00 AM;42,272.50;42,280.50;8.00;32,924.25
Sep 16, 2023 8:00 AM;Sep 16, 2023 9:00 AM;45,832.25;45,842.00;9.75;30,674.50
Sep 16, 2023 9:00 AM;Sep 16, 2023 10:00 AM;48,109.75;48,565.25;455.50;26,269.75
Sep 16, 2023 10:00 AM;Sep 16, 2023 11:00 AM;49,481.00;51,154.25;1,673.25;20,875.25
Sep 16, 2023 11:00 AM;Sep 16, 2023 12:00 PM;50,409.00;53,806.25;3,397.25;16,452.50
Sep 16, 2023 12:00 PM;Sep 16, 2023 1:00 PM;49,768.50;53,942.00;4,173.50;13,257.50
Sep 16, 2023 1:00 PM;Sep 16, 2023 2:00 PM;47,817.25;52,840.25;5,023.00;10,776.75
Sep 16, 2023 2:00 PM;Sep 16, 2023 3:00 PM;46,603.25;51,169.25;4,566.00;12,308.75
Sep 16, 2023 3:00 PM;Sep 16, 2023 4:00 PM;46,624.25;50,554.50;3,930.25;17,561.75
Sep 16, 2023 4:00 PM;Sep 16, 2023 5:00 PM;46,163.75;47,827.25;1,663.50;25,347.25
Sep 16, 2023 5:00 PM;Sep 16, 2023 6:00 PM;47,164.50;47,289.00;124.50;35,562.75
Sep 16, 2023 6:00 PM;Sep 16, 2023 7:00 PM;48,104.00;48,154.75;50.75;43,596.00
Sep 16, 2023 7:00 PM;Sep 16, 2023 8:00 PM;48,331.25;48,335.25;4.00;46,244.25
Sep 16, 2023 8:00 PM;Sep 16, 2023 9:00 PM;47,391.25;47,393.25;2.00;45,008.75
Sep 16, 2023 9:00 PM;Sep 16, 2023 10:00 PM;44,342.75;44,457.50;114.75;41,257.50
Sep 16, 2023 10:00 PM;Sep 16, 2023 11:00 PM;41,667.00;41,833.00;166.00;38,301.50
Sep 16, 2023 11:00 PM;Sep 17, 2023 12:00 AM;38,684.00;38,922.50;238.50;35,463.50
Sep 17, 2023 12:00 AM;Sep 17, 2023 1:00 AM;36,293.00;36,481.25;188.25;33,185.00
Sep 17, 2023 1:00 AM;Sep 17, 2023 2:00 AM;34,784.00;35,156.25;372.25;31,475.50
Sep 17, 2023 2:00 AM;Sep 17, 2023 3:00 AM;34,010.75;34,483.50;472.75;30,830.75
Sep 17, 2023 3:00 AM;Sep 17, 2023 4:00 AM;33,576.25;33,918.75;342.50;30,226.25
Sep 17, 2023 4:00 AM;Sep 17, 2023 5:00 AM;33,345.50;33,748.75;403.25;29,293.25
Sep 17, 2023 5:00 AM;Sep 17, 2023 6:00 AM;33,606.25;34,123.75;517.50;29,005.75
Sep 17, 2023 6:00 AM;Sep 17, 2023 7:00 AM;34,626.25;34,865.75;239.50;29,963.75
Sep 17, 2023 7:00 AM;Sep 17, 2023 8:00 AM;35,813.75;35,854.50;40.75;29,345.00
Sep 17, 2023 8:00 AM;Sep 17, 2023 9:00 AM;39,619.00;39,886.00;267.00;27,909.75
Sep 17, 2023 9:00 AM;Sep 17, 2023 10:00 AM;43,205.25;44,944.00;1,738.75;24,189.50
Sep 17, 2023 10:00 AM;Sep 17, 2023 11:00 AM;45,250.50;48,764.50;3,514.00;18,913.25
Sep 17, 2023 11:00 AM;Sep 17, 2023 12:00 PM;46,779.50;50,763.00;3,983.50;15,170.50
Sep 17, 2023 12:00 PM;Sep 17, 2023 1:00 PM;46,145.75;51,458.50;5,312.75;11,395.50
Sep 17, 2023 1:00 PM;Sep 17, 2023 2:00 PM;44,369.50;49,900.50;5,531.00;8,826.75
Sep 17, 2023 2:00 PM;Sep 17, 2023 3:00 PM;43,055.00;48,338.00;5,283.00;9,363.75
Sep 17, 2023 3:00 PM;Sep 17, 2023 4:00 PM;42,529.75;46,485.25;3,955.50;12,715.50
Sep 17, 2023 4:00 PM;Sep 17, 2023 5:00 PM;42,983.50;44,527.00;1,543.50;19,166.75
Sep 17, 2023 5:00 PM;Sep 17, 2023 6:00 PM;44,609.50;45,083.25;473.75;28,297.75
Sep 17, 2023 6:00 PM;Sep 17, 2023 7:00 PM;46,214.75;46,228.00;13.25;36,113.00
Sep 17, 2023 7:00 PM;Sep 17, 2023 8:00 PM;47,396.25;47,406.00;9.75;38,525.25
Sep 17, 2023 8:00 PM;Sep 17, 2023 9:00 PM;48,139.50;48,184.25;44.75;36,906.25
Sep 17, 2023 9:00 PM;Sep 17, 2023 10:00 PM;46,441.75;46,743.25;301.50;32,797.00
Sep 17, 2023 10:00 PM;Sep 17, 2023 11:00 PM;44,110.75;44,175.25;64.50;29,587.25
Sep 17, 2023 11:00 PM;Sep 18, 2023 12:00 AM;42,346.00;42,685.00;339.00;28,147.25
Sep 18, 2023 12:00 AM;Sep 18, 2023 1:00 AM;40,360.50;41,096.75;736.25;26,045.00
Sep 18, 2023 1:00 AM;Sep 18, 2023 2:00 AM;38,731.25;39,838.00;1,106.75;24,409.25
Sep 18, 2023 2:00 AM;Sep 18, 2023 3:00 AM;38,036.25;40,551.00;2,514.75;23,205.00
Sep 18, 2023 3:00 AM;Sep 18, 2023 4:00 AM;38,397.25;41,874.25;3,477.00;23,170.00
Sep 18, 2023 4:00 AM;Sep 18, 2023 5:00 AM;39,787.25;42,602.50;2,815.25;22,777.50
Sep 18, 2023 5:00 AM;Sep 18, 2023 6:00 AM;43,092.00;44,111.00;1,019.00;23,727.50
Sep 18, 2023 6:00 AM;Sep 18, 2023 7:00 AM;51,527.50;51,749.25;221.75;28,871.50
Sep 18, 2023 7:00 AM;Sep 18, 2023 8:00 AM;56,696.25;56,728.00;31.75;29,513.25
Sep 18, 2023 8:00 AM;Sep 18, 2023 9:00 AM;59,771.00;59,792.25;21.25;28,386.75
Sep 18, 2023 9:00 AM;Sep 18, 2023 10:00 AM;60,726.25;60,773.50;47.25;27,654.75
Sep 18, 2023 10:00 AM;Sep 18, 2023 11:00 AM;62,437.00;62,494.00;57.00;27,369.75
Sep 18, 2023 11:00 AM;Sep 18, 2023 12:00 PM;63,746.75;64,526.75;780.00;27,829.75
Sep 18, 2023 12:00 PM;Sep 18, 2023 1:00 PM;62,323.00;63,682.75;1,359.75;25,957.00
Sep 18, 2023 1:00 PM;Sep 18, 2023 2:00 PM;60,994.50;63,255.75;2,261.25;25,335.75
Sep 18, 2023 2:00 PM;Sep 18, 2023 3:00 PM;59,733.00;62,839.50;3,106.50;24,942.75
Sep 18, 2023 3:00 PM;Sep 18, 2023 4:00 PM;59,049.50;61,088.00;2,038.50;25,773.75
Sep 18, 2023 4:00 PM;Sep 18, 2023 5:00 PM;58,897.00;60,538.25;1,641.25;26,731.25
Sep 18, 2023 5:00 PM;Sep 18, 2023 6:00 PM;59,317.50;60,515.25;1,197.75;31,109.50
Sep 18, 2023 6:00 PM;Sep 18, 2023 7:00 PM;59,179.75;59,454.25;274.50;36,050.50
Sep 18, 2023 7:00 PM;Sep 18, 2023 8:00 PM;59,234.25;59,345.00;110.75;36,906.50
Sep 18, 2023 8:00 PM;Sep 18, 2023 9:00 PM;57,918.00;58,082.00;164.00;33,448.25
Sep 18, 2023 9:00 PM;Sep 18, 2023 10:00 PM;54,053.25;54,777.25;724.00;26,709.75
Sep 18, 2023 10:00 PM;Sep 18, 2023 11:00 PM;50,894.75;51,745.50;850.75;23,065.50
Sep 18, 2023 11:00 PM;Sep 19, 2023 12:00 AM;47,050.50;49,127.00;2,076.50;20,530.75
Sep 19, 2023 12:00 AM;Sep 19, 2023 1:00 AM;43,893.00;46,272.50;2,379.50;17,176.00
Sep 19, 2023 1:00 AM;Sep 19, 2023 2:00 AM;41,538.50;45,278.50;3,740.00;15,228.75
Sep 19, 2023 2:00 AM;Sep 19, 2023 3:00 AM;41,263.50;45,683.75;4,420.25;15,037.00
Sep 19, 2023 3:00 AM;Sep 19, 2023 4:00 AM;41,336.25;46,610.00;5,273.75;15,045.75
Sep 19, 2023 4:00 AM;Sep 19, 2023 5:00 AM;42,329.75;46,832.25;4,502.50;15,967.75
Sep 19, 2023 5:00 AM;Sep 19, 2023 6:00 AM;45,483.75;48,228.00;2,744.25;18,228.25
Sep 19, 2023 6:00 AM;Sep 19, 2023 7:00 AM;52,286.25;52,913.25;627.00;24,454.25
Sep 19, 2023 7:00 AM;Sep 19, 2023 8:00 AM;56,858.00;56,860.50;2.50;27,887.00
Sep 19, 2023 8:00 AM;Sep 19, 2023 9:00 AM;59,041.25;59,245.00;203.75;26,282.75
Sep 19, 2023 9:00 AM;Sep 19, 2023 10:00 AM;59,605.00;59,952.50;347.50;20,297.25
Sep 19, 2023 10:00 AM;Sep 19, 2023 11:00 AM;60,746.50;62,893.00;2,146.50;15,637.75
Sep 19, 2023 11:00 AM;Sep 19, 2023 12:00 PM;60,876.00;63,929.25;3,053.25;11,682.00
Sep 19, 2023 12:00 PM;Sep 19, 2023 1:00 PM;60,192.00;64,185.50;3,993.50;9,300.25
Sep 19, 2023 1:00 PM;Sep 19, 2023 2:00 PM;57,934.25;61,873.50;3,939.25;8,999.50
Sep 19, 2023 2:00 PM;Sep 19, 2023 3:00 PM;56,548.50;60,830.75;4,282.25;6,580.75
Sep 19, 2023 3:00 PM;Sep 19, 2023 4:00 PM;56,155.75;60,638.50;4,482.75;9,032.50
Sep 19, 2023 4:00 PM;Sep 19, 2023 5:00 PM;56,301.75;59,954.75;3,653.00;10,847.25
Sep 19, 2023 5:00 PM;Sep 19, 2023 6:00 PM;57,298.25;58,643.00;1,344.75;17,923.50
Sep 19, 2023 6:00 PM;Sep 19, 2023 7:00 PM;56,724.50;56,728.75;4.25;27,144.25
Sep 19, 2023 7:00 PM;Sep 19, 2023 8:00 PM;58,115.50;58,117.75;2.25;31,488.50
Sep 19, 2023 8:00 PM;Sep 19, 2023 9:00 PM;56,414.75;56,557.75;143.00;29,252.50
Sep 19, 2023 9:00 PM;Sep 19, 2023 10:00 PM;52,750.00;53,156.50;406.50;24,075.00
Sep 19, 2023 10:00 PM;Sep 19, 2023 11:00 PM;48,800.00;49,126.50;326.50;19,554.00
Sep 19, 2023 11:00 PM;Sep 20, 2023 12:00 AM;45,380.75;47,135.00;1,754.25;16,977.75
Sep 20, 2023 12:00 AM;Sep 20, 2023 1:00 AM;43,030.00;46,368.75;3,338.75;15,754.25
Sep 20, 2023 1:00 AM;Sep 20, 2023 2:00 AM;41,555.75;46,127.75;4,572.00;15,965.75
Sep 20, 2023 2:00 AM;Sep 20, 2023 3:00 AM;40,501.75;44,977.75;4,476.00;16,446.00
Sep 20, 2023 3:00 AM;Sep 20, 2023 4:00 AM;40,862.50;45,240.00;4,377.50;15,570.50
Sep 20, 2023 4:00 AM;Sep 20, 2023 5:00 AM;41,649.25;45,189.75;3,540.50;17,263.25
Sep 20, 2023 5:00 AM;Sep 20, 2023 6:00 AM;44,892.25;47,286.50;2,394.25;21,178.50
Sep 20, 2023 6:00 AM;Sep 20, 2023 7:00 AM;51,918.75;52,181.25;262.50;28,295.75
Sep 20, 2023 7:00 AM;Sep 20, 2023 8:00 AM;56,565.00;56,647.00;82.00;30,747.00
Sep 20, 2023 8:00 AM;Sep 20, 2023 9:00 AM;59,446.00;59,594.50;148.50;29,572.75
Sep 20, 2023 9:00 AM;Sep 20, 2023 10:00 AM;60,267.50;60,522.75;255.25;24,423.75
Sep 20, 2023 10:00 AM;Sep 20, 2023 11:00 AM;60,380.75;62,327.50;1,946.75;16,774.00
Sep 20, 2023 11:00 AM;Sep 20, 2023 12:00 PM;60,725.00;63,453.25;2,728.25;12,539.25
Sep 20, 2023 12:00 PM;Sep 20, 2023 1:00 PM;59,760.75;63,155.75;3,395.00;7,971.75
Sep 20, 2023 1:00 PM;Sep 20, 2023 2:00 PM;59,003.75;62,688.25;3,684.50;6,336.25
Sep 20, 2023 2:00 PM;Sep 20, 2023 3:00 PM;57,396.25;61,111.00;3,714.75;8,060.75
Sep 20, 2023 3:00 PM;Sep 20, 2023 4:00 PM;56,115.50;59,257.75;3,142.25;10,106.75
Sep 20, 2023 4:00 PM;Sep 20, 2023 5:00 PM;55,606.00;57,881.75;2,275.75;16,348.50
Sep 20, 2023 5:00 PM;Sep 20, 2023 6:00 PM;55,709.75;56,295.50;585.75;26,640.00
Sep 20, 2023 6:00 PM;Sep 20, 2023 7:00 PM;57,285.00;57,340.50;55.50;39,677.25
Sep 20, 2023 7:00 PM;Sep 20, 2023 8:00 PM;58,586.75;58,589.50;2.75;43,156.50
Sep 20, 2023 8:00 PM;Sep 20, 2023 9:00 PM;56,995.25;57,210.50;215.25;38,561.00
Sep 20, 2023 9:00 PM;Sep 20, 2023 10:00 PM;53,421.00;53,911.25;490.25;32,026.75
Sep 20, 2023 10:00 PM;Sep 20, 2023 11:00 PM;48,843.75;49,595.50;751.75;25,923.00
Sep 20, 2023 11:00 PM;Sep 21, 2023 12:00 AM;45,332.00;47,446.75;2,114.75;21,746.00
Sep 21, 2023 12:00 AM;Sep 21, 2023 1:00 AM;43,556.50;47,394.00;3,837.50;22,178.00
Sep 21, 2023 1:00 AM;Sep 21, 2023 2:00 AM;42,206.00;46,503.50;4,297.50;20,584.25
Sep 21, 2023 2:00 AM;Sep 21, 2023 3:00 AM;41,479.00;45,843.50;4,364.50;20,431.50
Sep 21, 2023 3:00 AM;Sep 21, 2023 4:00 AM;41,667.25;45,871.75;4,204.50;20,602.00
Sep 21, 2023 4:00 AM;Sep 21, 2023 5:00 AM;42,426.75;46,076.25;3,649.50;21,102.00
Sep 21, 2023 5:00 AM;Sep 21, 2023 6:00 AM;45,657.25;48,122.50;2,465.25;24,265.50
Sep 21, 2023 6:00 AM;Sep 21, 2023 7:00 AM;53,032.00;53,402.50;370.50;30,508.00
Sep 21, 2023 7:00 AM;Sep 21, 2023 8:00 AM;57,738.75;57,948.75;210.00;34,287.00
Sep 21, 2023 8:00 AM;Sep 21, 2023 9:00 AM;59,715.25;59,716.25;1.00;33,263.25
Sep 21, 2023 9:00 AM;Sep 21, 2023 10:00 AM;60,833.00;60,976.75;143.75;29,417.75
Sep 21, 2023 10:00 AM;Sep 21, 2023 11:00 AM;62,061.50;62,305.75;244.25;26,719.50
Sep 21, 2023 11:00 AM;Sep 21, 2023 12:00 PM;62,615.75;63,008.25;392.50;24,559.75
Sep 21, 2023 12:00 PM;Sep 21, 2023 1:00 PM;62,113.25;62,888.25;775.00;22,914.50
Sep 21, 2023 1:00 PM;Sep 21, 2023 2:00 PM;61,573.00;63,259.25;1,686.25;23,639.25
Sep 21, 2023 2:00 PM;Sep 21, 2023 3:00 PM;59,958.75;60,454.25;495.50;25,960.50
Sep 21, 2023 3:00 PM;Sep 21, 2023 4:00 PM;59,764.50;60,517.75;753.25;30,716.00
Sep 21, 2023 4:00 PM;Sep 21, 2023 5:00 PM;59,096.75;59,296.50;199.75;37,590.25
Sep 21, 2023 5:00 PM;Sep 21, 2023 6:00 PM;59,153.50;59,155.25;1.75;44,965.25
Sep 21, 2023 6:00 PM;Sep 21, 2023 7:00 PM;58,428.75;58,546.00;117.25;46,497.50
Sep 21, 2023 7:00 PM;Sep 21, 2023 8:00 PM;60,254.75;60,264.25;9.50;47,988.75
Sep 21, 2023 8:00 PM;Sep 21, 2023 9:00 PM;59,192.25;59,427.00;234.75;45,299.00
Sep 21, 2023 9:00 PM;Sep 21, 2023 10:00 PM;55,201.75;55,795.75;594.00;39,065.25
Sep 21, 2023 10:00 PM;Sep 21, 2023 11:00 PM;50,474.75;51,687.50;1,212.75;33,374.00
Sep 21, 2023 11:00 PM;Sep 22, 2023 12:00 AM;46,100.75;47,793.50;1,692.75;30,203.00
Sep 22, 2023 12:00 AM;Sep 22, 2023 1:00 AM;43,732.75;46,469.75;2,737.00;26,799.75
Sep 22, 2023 1:00 AM;Sep 22, 2023 2:00 AM;42,557.50;47,145.50;4,588.00;25,071.75
Sep 22, 2023 2:00 AM;Sep 22, 2023 3:00 AM;41,940.00;46,485.25;4,545.25;25,107.00
Sep 22, 2023 3:00 AM;Sep 22, 2023 4:00 AM;41,831.00;46,560.50;4,729.50;26,554.25
Sep 22, 2023 4:00 AM;Sep 22, 2023 5:00 AM;42,711.50;46,632.00;3,920.50;28,747.75
Sep 22, 2023 5:00 AM;Sep 22, 2023 6:00 AM;45,083.00;47,018.25;1,935.25;31,983.25
Sep 22, 2023 6:00 AM;Sep 22, 2023 7:00 AM;52,244.75;52,284.75;40.00;39,919.75
Sep 22, 2023 7:00 AM;Sep 22, 2023 8:00 AM;57,150.75;57,161.25;10.50;43,630.00
Sep 22, 2023 8:00 AM;Sep 22, 2023 9:00 AM;59,811.50;59,822.50;11.00;43,727.25
Sep 22, 2023 9:00 AM;Sep 22, 2023 10:00 AM;60,935.75;60,962.25;26.50;41,652.00
Sep 22, 2023 10:00 AM;Sep 22, 2023 11:00 AM;61,427.50;61,759.25;331.75;38,494.75
Sep 22, 2023 11:00 AM;Sep 22, 2023 12:00 PM;61,776.75;62,696.00;919.25;35,036.00
Sep 22, 2023 12:00 PM;Sep 22, 2023 1:00 PM;61,637.25;64,533.50;2,896.25;31,933.25
Sep 22, 2023 1:00 PM;Sep 22, 2023 2:00 PM;60,012.00;63,383.75;3,371.75;29,856.75
Sep 22, 2023 2:00 PM;Sep 22, 2023 3:00 PM;57,085.00;60,540.75;3,455.75;27,714.00
Sep 22, 2023 3:00 PM;Sep 22, 2023 4:00 PM;56,324.50;59,419.00;3,094.50;29,762.00
Sep 22, 2023 4:00 PM;Sep 22, 2023 5:00 PM;55,056.50;55,935.00;878.50;33,223.25
Sep 22, 2023 5:00 PM;Sep 22, 2023 6:00 PM;55,540.00;55,687.50;147.50;38,789.50
Sep 22, 2023 6:00 PM;Sep 22, 2023 7:00 PM;55,427.75;55,465.00;37.25;43,974.75
Sep 22, 2023 7:00 PM;Sep 22, 2023 8:00 PM;55,433.25;55,439.00;5.75;45,668.00
Sep 22, 2023 8:00 PM;Sep 22, 2023 9:00 PM;52,778.50;52,803.75;25.25;41,914.75
Sep 22, 2023 9:00 PM;Sep 22, 2023 10:00 PM;50,123.50;50,221.75;98.25;38,724.75
Sep 22, 2023 10:00 PM;Sep 22, 2023 11:00 PM;45,825.50;45,947.00;121.50;34,217.50
Sep 22, 2023 11:00 PM;Sep 23, 2023 12:00 AM;42,437.75;42,724.75;287.00;29,994.00
Sep 23, 2023 12:00 AM;Sep 23, 2023 1:00 AM;40,194.50;40,534.25;339.75;27,479.75
Sep 23, 2023 1:00 AM;Sep 23, 2023 2:00 AM;38,464.25;39,322.50;858.25;25,294.25
Sep 23, 2023 2:00 AM;Sep 23, 2023 3:00 AM;37,466.50;38,490.75;1,024.25;23,601.25
Sep 23, 2023 3:00 AM;Sep 23, 2023 4:00 AM;36,642.00;38,877.75;2,235.75;22,390.75
Sep 23, 2023 4:00 AM;Sep 23, 2023 5:00 AM;36,251.25;38,269.25;2,018.00;21,698.75
Sep 23, 2023 5:00 AM;Sep 23, 2023 6:00 AM;37,152.75;38,235.50;1,082.75;22,300.50
Sep 23, 2023 6:00 AM;Sep 23, 2023 7:00 AM;39,851.50;40,355.75;504.25;24,434.50
Sep 23, 2023 7:00 AM;Sep 23, 2023 8:00 AM;42,124.25;42,470.75;346.50;26,469.75
Sep 23, 2023 8:00 AM;Sep 23, 2023 9:00 AM;45,494.00;45,665.50;171.50;26,144.00
Sep 23, 2023 9:00 AM;Sep 23, 2023 10:00 AM;48,485.00;49,346.50;861.50;22,445.00
Sep 23, 2023 10:00 AM;Sep 23, 2023 11:00 AM;49,448.75;51,756.25;2,307.50;17,544.50
Sep 23, 2023 11:00 AM;Sep 23, 2023 12:00 PM;50,061.25;54,112.25;4,051.00;13,788.75
Sep 23, 2023 12:00 PM;Sep 23, 2023 1:00 PM;49,383.75;54,054.00;4,670.25;11,512.25
Sep 23, 2023 1:00 PM;Sep 23, 2023 2:00 PM;48,220.25;52,835.50;4,615.25;9,650.00
Sep 23, 2023 2:00 PM;Sep 23, 2023 3:00 PM;47,050.00;52,338.00;5,288.00;10,025.00
Sep 23, 2023 3:00 PM;Sep 23, 2023 4:00 PM;46,147.00;50,784.00;4,637.00;12,415.25
Sep 23, 2023 4:00 PM;Sep 23, 2023 5:00 PM;46,011.50;48,790.00;2,778.50;18,534.25
Sep 23, 2023 5:00 PM;Sep 23, 2023 6:00 PM;47,054.25;48,087.25;1,033.00;27,627.75
Sep 23, 2023 6:00 PM;Sep 23, 2023 7:00 PM;48,319.50;48,395.50;76.00;36,959.00
Sep 23, 2023 7:00 PM;Sep 23, 2023 8:00 PM;48,941.50;48,944.00;2.50;39,977.00
Sep 23, 2023 8:00 PM;Sep 23, 2023 9:00 PM;47,363.00;47,424.75;61.75;37,784.00
Sep 23, 2023 9:00 PM;Sep 23, 2023 10:00 PM;44,275.50;44,724.25;448.75;34,047.50
Sep 23, 2023 10:00 PM;Sep 23, 2023 11:00 PM;42,042.00;42,255.25;213.25;31,782.50
Sep 23, 2023 11:00 PM;Sep 24, 2023 12:00 AM;39,373.25;39,597.50;224.25;29,335.25
Sep 24, 2023 12:00 AM;Sep 24, 2023 1:00 AM;37,067.25;37,382.25;315.00;27,344.00
Sep 24, 2023 1:00 AM;Sep 24, 2023 2:00 AM;35,273.00;35,742.75;469.75;26,525.75
Sep 24, 2023 2:00 AM;Sep 24, 2023 3:00 AM;33,871.50;34,783.25;911.75;26,212.75
Sep 24, 2023 3:00 AM;Sep 24, 2023 4:00 AM;33,273.00;34,120.50;847.50;26,528.50
Sep 24, 2023 4:00 AM;Sep 24, 2023 5:00 AM;33,178.75;33,981.25;802.50;27,229.00
Sep 24, 2023 5:00 AM;Sep 24, 2023 6:00 AM;33,581.75;34,002.50;420.75;27,869.00
Sep 24, 2023 6:00 AM;Sep 24, 2023 7:00 AM;34,794.25;35,018.75;224.50;29,261.75
Sep 24, 2023 7:00 AM;Sep 24, 2023 8:00 AM;36,662.50;36,890.50;228.00;29,947.50
Sep 24, 2023 8:00 AM;Sep 24, 2023 9:00 AM;39,674.50;40,236.75;562.25;27,066.00
Sep 24, 2023 9:00 AM;Sep 24, 2023 10:00 AM;42,898.75;45,670.75;2,772.00;21,765.50
Sep 24, 2023 10:00 AM;Sep 24, 2023 11:00 AM;44,577.25;48,679.25;4,102.00;14,990.75
Sep 24, 2023 11:00 AM;Sep 24, 2023 12:00 PM;45,782.25;51,068.00;5,285.75;10,102.75
Sep 24, 2023 12:00 PM;Sep 24, 2023 1:00 PM;44,954.25;49,950.50;4,996.25;6,077.50
Sep 24, 2023 1:00 PM;Sep 24, 2023 2:00 PM;42,832.75;47,900.00;5,067.25;5,368.50
Sep 24, 2023 2:00 PM;Sep 24, 2023 3:00 PM;41,128.50;46,147.50;5,019.00;5,754.00
Sep 24, 2023 3:00 PM;Sep 24, 2023 4:00 PM;40,793.25;45,280.00;4,486.75;8,026.50
Sep 24, 2023 4:00 PM;Sep 24, 2023 5:00 PM;41,128.50;45,142.50;4,014.00;15,051.50
Sep 24, 2023 5:00 PM;Sep 24, 2023 6:00 PM;42,775.50;44,395.50;1,620.00;24,577.25
Sep 24, 2023 6:00 PM;Sep 24, 2023 7:00 PM;44,836.25;45,089.00;252.75;34,436.00
Sep 24, 2023 7:00 PM;Sep 24, 2023 8:00 PM;46,428.25;46,433.75;5.50;37,287.50
Sep 24, 2023 8:00 PM;Sep 24, 2023 9:00 PM;45,424.50;45,684.75;260.25;33,305.50
Sep 24, 2023 9:00 PM;Sep 24, 2023 10:00 PM;43,049.00;43,853.50;804.50;26,901.50
Sep 24, 2023 10:00 PM;Sep 24, 2023 11:00 PM;41,282.75;42,403.00;1,120.25;21,804.50
Sep 24, 2023 11:00 PM;Sep 25, 2023 12:00 AM;39,243.50;41,647.50;2,404.00;17,667.00
Sep 25, 2023 12:00 AM;Sep 25, 2023 1:00 AM;37,698.00;41,344.50;3,646.50;15,424.50
Sep 25, 2023 1:00 AM;Sep 25, 2023 2:00 AM;36,909.25;41,585.00;4,675.75;14,427.00
Sep 25, 2023 2:00 AM;Sep 25, 2023 3:00 AM;36,777.50;41,438.75;4,661.25;14,370.75
Sep 25, 2023 3:00 AM;Sep 25, 2023 4:00 AM;37,370.50;41,931.25;4,560.75;15,463.50
Sep 25, 2023 4:00 AM;Sep 25, 2023 5:00 AM;38,905.25;42,218.00;3,312.75;17,520.25
Sep 25, 2023 5:00 AM;Sep 25, 2023 6:00 AM;43,022.00;44,975.75;1,953.75;19,923.25
Sep 25, 2023 6:00 AM;Sep 25, 2023 7:00 AM;52,046.00;52,513.75;467.75;28,164.00
Sep 25, 2023 7:00 AM;Sep 25, 2023 8:00 AM;57,209.25;57,227.75;18.50;32,751.25
Sep 25, 2023 8:00 AM;Sep 25, 2023 9:00 AM;59,829.00;59,921.75;92.75;31,006.25
Sep 25, 2023 9:00 AM;Sep 25, 2023 10:00 AM;60,547.75;60,979.25;431.50;26,079.00
Sep 25, 2023 10:00 AM;Sep 25, 2023 11:00 AM;60,484.25;60,989.50;505.25;20,975.50
Sep 25, 2023 11:00 AM;Sep 25, 2023 12:00 PM;59,984.75;62,026.75;2,042.00;16,362.25
Sep 25, 2023 12:00 PM;Sep 25, 2023 1:00 PM;58,425.25;61,186.50;2,761.25;13,546.50
Sep 25, 2023 1:00 PM;Sep 25, 2023 2:00 PM;57,003.50;60,997.75;3,994.25;13,378.50
Sep 25, 2023 2:00 PM;Sep 25, 2023 3:00 PM;55,890.50;59,617.75;3,727.25;16,181.25
Sep 25, 2023 3:00 PM;Sep 25, 2023 4:00 PM;55,225.25;57,300.75;2,075.50;21,328.75
Sep 25, 2023 4:00 PM;Sep 25, 2023 5:00 PM;54,913.25;56,150.00;1,236.75;29,059.50
Sep 25, 2023 5:00 PM;Sep 25, 2023 6:00 PM;55,742.25;56,075.00;332.75;40,806.50
Sep 25, 2023 6:00 PM;Sep 25, 2023 7:00 PM;56,990.00;57,098.50;108.50;50,469.00
Sep 25, 2023 7:00 PM;Sep 25, 2023 8:00 PM;58,445.75;58,447.75;2.00;53,989.50
Sep 25, 2023 8:00 PM;Sep 25, 2023 9:00 PM;56,528.75;56,529.75;1.00;51,996.00
Sep 25, 2023 9:00 PM;Sep 25, 2023 10:00 PM;52,546.50;52,637.75;91.25;47,982.00
Sep 25, 2023 10:00 PM;Sep 25, 2023 11:00 PM;48,678.00;48,860.25;182.25;44,308.75
Sep 25, 2023 11:00 PM;Sep 26, 2023 12:00 AM;45,191.25;45,541.25;350.00;41,470.00
Sep 26, 2023 12:00 AM;Sep 26, 2023 1:00 AM;42,626.00;43,202.50;576.50;39,884.00
Sep 26, 2023 1:00 AM;Sep 26, 2023 2:00 AM;41,116.75;42,380.25;1,263.50;39,245.00
Sep 26, 2023 2:00 AM;Sep 26, 2023 3:00 AM;40,178.50;42,282.00;2,103.50;38,855.00
Sep 26, 2023 3:00 AM;Sep 26, 2023 4:00 AM;40,724.25;43,251.50;2,527.25;39,589.75
Sep 26, 2023 4:00 AM;Sep 26, 2023 5:00 AM;41,425.00;43,666.75;2,241.75;40,331.75
Sep 26, 2023 5:00 AM;Sep 26, 2023 6:00 AM;45,019.25;45,817.75;798.50;43,920.75
Sep 26, 2023 6:00 AM;Sep 26, 2023 7:00 AM;53,213.00;53,243.00;30.00;51,852.75
Sep 26, 2023 7:00 AM;Sep 26, 2023 8:00 AM;57,410.75;57,415.50;4.75;54,471.50
Sep 26, 2023 8:00 AM;Sep 26, 2023 9:00 AM;59,471.50;59,608.75;137.25;50,021.00
Sep 26, 2023 9:00 AM;Sep 26, 2023 10:00 AM;60,232.75;60,880.75;648.00;41,897.00
Sep 26, 2023 10:00 AM;Sep 26, 2023 11:00 AM;59,597.25;61,528.25;1,931.00;33,292.25
Sep 26, 2023 11:00 AM;Sep 26, 2023 12:00 PM;59,683.25;63,256.00;3,572.75;27,284.25
Sep 26, 2023 12:00 PM;Sep 26, 2023 1:00 PM;58,315.25;62,658.75;4,343.50;22,271.00
Sep 26, 2023 1:00 PM;Sep 26, 2023 2:00 PM;56,946.25;61,353.25;4,407.00;20,733.25
Sep 26, 2023 2:00 PM;Sep 26, 2023 3:00 PM;56,424.75;59,933.25;3,508.50;23,034.50
Sep 26, 2023 3:00 PM;Sep 26, 2023 4:00 PM;56,362.75;58,717.00;2,354.25;28,766.50
Sep 26, 2023 4:00 PM;Sep 26, 2023 5:00 PM;56,020.00;57,348.25;1,328.25;36,286.75
Sep 26, 2023 5:00 PM;Sep 26, 2023 6:00 PM;57,228.00;57,580.25;352.25;46,559.00
Sep 26, 2023 6:00 PM;Sep 26, 2023 7:00 PM;58,237.75;58,238.75;1.00;54,003.50
Sep 26, 2023 7:00 PM;Sep 26, 2023 8:00 PM;59,595.75;59,597.75;2.00;56,431.00
Sep 26, 2023 8:00 PM;Sep 26, 2023 9:00 PM;57,403.00;57,419.75;16.75;53,416.75
Sep 26, 2023 9:00 PM;Sep 26, 2023 10:00 PM;53,717.75;53,797.25;79.50;48,283.00
Sep 26, 2023 10:00 PM;Sep 26, 2023 11:00 PM;49,920.00;50,056.00;136.00;43,969.75
Sep 26, 2023 11:00 PM;Sep 27, 2023 12:00 AM;46,044.50;47,278.75;1,234.25;40,280.25
Sep 27, 2023 12:00 AM;Sep 27, 2023 1:00 AM;43,156.50;43,732.25;575.75;37,275.50
Sep 27, 2023 1:00 AM;Sep 27, 2023 2:00 AM;41,841.00;43,501.25;1,660.25;36,349.25
Sep 27, 2023 2:00 AM;Sep 27, 2023 3:00 AM;40,861.25;43,459.25;2,598.00;35,756.50
Sep 27, 2023 3:00 AM;Sep 27, 2023 4:00 AM;40,891.00;43,652.25;2,761.25;36,077.00
Sep 27, 2023 4:00 AM;Sep 27, 2023 5:00 AM;42,261.00;44,444.00;2,183.00;38,077.50
Sep 27, 2023 5:00 AM;Sep 27, 2023 6:00 AM;45,480.50;46,276.50;796.00;42,537.25
Sep 27, 2023 6:00 AM;Sep 27, 2023 7:00 AM;53,471.00;53,507.00;36.00;51,551.50
Sep 27, 2023 7:00 AM;Sep 27, 2023 8:00 AM;57,963.50;57,966.50;3.00;55,449.25
Sep 27, 2023 8:00 AM;Sep 27, 2023 9:00 AM;60,025.25;60,161.50;136.25;52,304.25
Sep 27, 2023 9:00 AM;Sep 27, 2023 10:00 AM;60,710.75;61,034.00;323.25;45,005.75
Sep 27, 2023 10:00 AM;Sep 27, 2023 11:00 AM;60,441.75;61,088.00;646.25;37,156.75
Sep 27, 2023 11:00 AM;Sep 27, 2023 12:00 PM;60,058.25;61,845.50;1,787.25;30,544.25
Sep 27, 2023 12:00 PM;Sep 27, 2023 1:00 PM;59,390.50;62,870.75;3,480.25;26,346.25
Sep 27, 2023 1:00 PM;Sep 27, 2023 2:00 PM;57,989.00;61,792.00;3,803.00;24,815.75
Sep 27, 2023 2:00 PM;Sep 27, 2023 3:00 PM;56,895.75;60,616.00;3,720.25;26,705.00
Sep 27, 2023 3:00 PM;Sep 27, 2023 4:00 PM;56,427.50;58,219.25;1,791.75;31,856.25
Sep 27, 2023 4:00 PM;Sep 27, 2023 5:00 PM;55,863.25;56,433.00;569.75;37,986.00
Sep 27, 2023 5:00 PM;Sep 27, 2023 6:00 PM;57,471.25;57,664.00;192.75;47,557.50
Sep 27, 2023 6:00 PM;Sep 27, 2023 7:00 PM;58,385.50;58,388.25;2.75;53,733.25
Sep 27, 2023 7:00 PM;Sep 27, 2023 8:00 PM;59,989.25;59,994.75;5.50;54,049.00
Sep 27, 2023 8:00 PM;Sep 27, 2023 9:00 PM;57,832.25;58,134.50;302.25;48,011.00
Sep 27, 2023 9:00 PM;Sep 27, 2023 10:00 PM;53,849.50;54,529.25;679.75;39,396.25
Sep 27, 2023 10:00 PM;Sep 27, 2023 11:00 PM;49,407.25;50,045.25;638.00;32,059.50
Sep 27, 2023 11:00 PM;Sep 28, 2023 12:00 AM;45,674.25;47,385.00;1,710.75;26,232.75
Sep 28, 2023 12:00 AM;Sep 28, 2023 1:00 AM;43,629.00;46,896.25;3,267.25;22,874.50
Sep 28, 2023 1:00 AM;Sep 28, 2023 2:00 AM;42,455.50;47,344.50;4,889.00;21,771.50
Sep 28, 2023 2:00 AM;Sep 28, 2023 3:00 AM;41,192.25;46,149.00;4,956.75;21,331.00
Sep 28, 2023 3:00 AM;Sep 28, 2023 4:00 AM;41,231.00;46,240.50;5,009.50;21,994.50
Sep 28, 2023 4:00 AM;Sep 28, 2023 5:00 AM;42,226.75;46,790.25;4,563.50;22,713.75
Sep 28, 2023 5:00 AM;Sep 28, 2023 6:00 AM;46,097.00;48,518.75;2,421.75;26,689.25
Sep 28, 2023 6:00 AM;Sep 28, 2023 7:00 AM;53,981.50;54,553.25;571.75;34,606.75
Sep 28, 2023 7:00 AM;Sep 28, 2023 8:00 AM;58,788.50;58,810.75;22.25;39,738.50
Sep 28, 2023 8:00 AM;Sep 28, 2023 9:00 AM;60,896.00;60,976.25;80.25;38,981.25
Sep 28, 2023 9:00 AM;Sep 28, 2023 10:00 AM;61,260.25;61,521.50;261.25;34,820.75
Sep 28, 2023 10:00 AM;Sep 28, 2023 11:00 AM;61,769.75;62,943.25;1,173.50;29,221.25
Sep 28, 2023 11:00 AM;Sep 28, 2023 12:00 PM;61,596.75;63,941.25;2,344.50;24,218.75
Sep 28, 2023 12:00 PM;Sep 28, 2023 1:00 PM;60,488.75;63,725.50;3,236.75;21,285.00
Sep 28, 2023 1:00 PM;Sep 28, 2023 2:00 PM;59,133.75;63,154.75;4,021.00;19,864.25
Sep 28, 2023 2:00 PM;Sep 28, 2023 3:00 PM;58,128.50;62,198.00;4,069.50;22,250.00
Sep 28, 2023 3:00 PM;Sep 28, 2023 4:00 PM;57,241.75;60,395.50;3,153.75;26,126.50
Sep 28, 2023 4:00 PM;Sep 28, 2023 5:00 PM;56,655.00;57,397.75;742.75;34,219.00
Sep 28, 2023 5:00 PM;Sep 28, 2023 6:00 PM;58,420.00;58,797.25;377.25;45,985.75
Sep 28, 2023 6:00 PM;Sep 28, 2023 7:00 PM;58,989.25;58,994.25;5.00;53,503.25
Sep 28, 2023 7:00 PM;Sep 28, 2023 8:00 PM;60,336.75;60,338.00;1.25;56,376.00
Sep 28, 2023 8:00 PM;Sep 28, 2023 9:00 PM;57,614.00;57,647.50;33.50;52,937.00
Sep 28, 2023 9:00 PM;Sep 28, 2023 10:00 PM;53,795.75;53,872.75;77.00;48,926.25
Sep 28, 2023 10:00 PM;Sep 28, 2023 11:00 PM;49,363.25;49,522.25;159.00;44,127.75
Sep 28, 2023 11:00 PM;Sep 29, 2023 12:00 AM;45,649.00;45,906.75;257.75;39,690.00
Sep 29, 2023 12:00 AM;Sep 29, 2023 1:00 AM;42,834.50;43,336.75;502.25;35,906.00
Sep 29, 2023 1:00 AM;Sep 29, 2023 2:00 AM;41,209.00;42,093.50;884.50;32,984.25
Sep 29, 2023 2:00 AM;Sep 29, 2023 3:00 AM;40,356.75;42,317.25;1,960.50;31,040.50
Sep 29, 2023 3:00 AM;Sep 29, 2023 4:00 AM;40,581.25;42,450.25;1,869.00;30,742.00
Sep 29, 2023 4:00 AM;Sep 29, 2023 5:00 AM;41,969.50;43,566.25;1,596.75;31,553.00
Sep 29, 2023 5:00 AM;Sep 29, 2023 6:00 AM;45,319.25;45,770.75;451.50;34,208.25
Sep 29, 2023 6:00 AM;Sep 29, 2023 7:00 AM;52,770.00;52,824.00;54.00;40,278.00
Sep 29, 2023 7:00 AM;Sep 29, 2023 8:00 AM;57,749.00;57,758.25;9.25;42,513.00
Sep 29, 2023 8:00 AM;Sep 29, 2023 9:00 AM;60,478.50;60,536.75;58.25;40,225.00
Sep 29, 2023 9:00 AM;Sep 29, 2023 10:00 AM;60,541.25;60,860.50;319.25;35,223.00
Sep 29, 2023 10:00 AM;Sep 29, 2023 11:00 AM;61,061.00;62,383.75;1,322.75;32,021.75
Sep 29, 2023 11:00 AM;Sep 29, 2023 12:00 PM;61,221.25;63,241.75;2,020.50;28,847.50
Sep 29, 2023 12:00 PM;Sep 29, 2023 1:00 PM;60,319.50;62,541.50;2,222.00;25,809.00
Sep 29, 2023 1:00 PM;Sep 29, 2023 2:00 PM;58,087.50;60,495.00;2,407.50;22,139.25
Sep 29, 2023 2:00 PM;Sep 29, 2023 3:00 PM;56,307.00;60,188.50;3,881.50;20,296.50
Sep 29, 2023 3:00 PM;Sep 29, 2023 4:00 PM;56,379.75;59,793.50;3,413.75;21,742.00
Sep 29, 2023 4:00 PM;Sep 29, 2023 5:00 PM;56,563.75;57,748.00;1,184.25;24,946.75
Sep 29, 2023 5:00 PM;Sep 29, 2023 6:00 PM;57,273.75;57,976.00;702.25;28,773.75
Sep 29, 2023 6:00 PM;Sep 29, 2023 7:00 PM;57,598.00;58,227.25;629.25;31,067.50
Sep 29, 2023 7:00 PM;Sep 29, 2023 8:00 PM;58,686.50;58,859.75;173.25;32,119.25
Sep 29, 2023 8:00 PM;Sep 29, 2023 9:00 PM;55,674.00;55,966.50;292.50;27,936.25
Sep 29, 2023 9:00 PM;Sep 29, 2023 10:00 PM;52,160.50;52,481.50;321.00;24,903.75
Sep 29, 2023 10:00 PM;Sep 29, 2023 11:00 PM;48,679.25;48,827.50;148.25;22,123.75
Sep 29, 2023 11:00 PM;Sep 30, 2023 12:00 AM;45,432.00;46,058.00;626.00;20,433.00
Sep 30, 2023 12:00 AM;Sep 30, 2023 1:00 AM;42,682.00;42,739.00;57.00;19,495.25
Sep 30, 2023 1:00 AM;Sep 30, 2023 2:00 AM;40,319.25;40,764.75;445.50;18,984.25
Sep 30, 2023 2:00 AM;Sep 30, 2023 3:00 AM;39,072.50;39,538.75;466.25;19,527.25
Sep 30, 2023 3:00 AM;Sep 30, 2023 4:00 AM;38,479.50;39,336.00;856.50;20,585.75
Sep 30, 2023 4:00 AM;Sep 30, 2023 5:00 AM;38,399.25;39,368.25;969.00;21,967.75
Sep 30, 2023 5:00 AM;Sep 30, 2023 6:00 AM;39,357.75;39,879.25;521.50;23,951.25
Sep 30, 2023 6:00 AM;Sep 30, 2023 7:00 AM;41,335.50;41,536.25;200.75;27,053.50
Sep 30, 2023 7:00 AM;Sep 30, 2023 8:00 AM;43,938.75;44,220.75;282.00;29,312.25
Sep 30, 2023 8:00 AM;Sep 30, 2023 9:00 AM;47,189.00;47,471.00;282.00;29,751.75
Sep 30, 2023 9:00 AM;Sep 30, 2023 10:00 AM;49,487.25;49,773.75;286.50;27,532.50
Sep 30, 2023 10:00 AM;Sep 30, 2023 11:00 AM;50,520.50;51,821.00;1,300.50;22,303.75
Sep 30, 2023 11:00 AM;Sep 30, 2023 12:00 PM;50,782.25;54,800.75;4,018.50;16,363.50
Sep 30, 2023 12:00 PM;Sep 30, 2023 1:00 PM;49,317.25;54,101.75;4,784.50;11,755.25
Sep 30, 2023 1:00 PM;Sep 30, 2023 2:00 PM;47,485.25;52,164.75;4,679.50;10,172.75
Sep 30, 2023 2:00 PM;Sep 30, 2023 3:00 PM;46,094.50;50,239.50;4,145.00;10,922.25
Sep 30, 2023 3:00 PM;Sep 30, 2023 4:00 PM;45,816.50;48,410.00;2,593.50;15,893.75
Sep 30, 2023 4:00 PM;Sep 30, 2023 5:00 PM;45,884.50;47,100.00;1,215.50;23,585.00
Sep 30, 2023 5:00 PM;Sep 30, 2023 6:00 PM;47,115.00;47,375.25;260.25;34,224.75
Sep 30, 2023 6:00 PM;Sep 30, 2023 7:00 PM;48,835.00;48,871.00;36.00;42,326.75
Sep 30, 2023 7:00 PM;Sep 30, 2023 8:00 PM;49,624.00;49,636.25;12.25;44,592.00
Sep 30, 2023 8:00 PM;Sep 30, 2023 9:00 PM;47,430.25;47,464.75;34.50;41,763.75
Sep 30, 2023 9:00 PM;Sep 30, 2023 10:00 PM;44,708.75;44,891.75;183.00;38,931.25
Sep 30, 2023 10:00 PM;Sep 30, 2023 11:00 PM;41,914.75;42,132.50;217.75;36,491.50
Sep 30, 2023 11:00 PM;Oct 1, 2023 12:00 AM;38,909.00;39,137.00;228.00;33,460.75
Oct 1, 2023 12:00 AM;Oct 1, 2023 1:00 AM;36,848.50;37,417.00;568.50;30,763.50
Oct 1, 2023 1:00 AM;Oct 1, 2023 2:00 AM;35,182.00;35,844.50;662.50;29,320.50
Oct 1, 2023 2:00 AM;Oct 1, 2023 3:00 AM;33,814.00;34,556.50;742.50;27,230.25
Oct 1, 2023 3:00 AM;Oct 1, 2023 4:00 AM;33,414.50;34,499.00;1,084.50;26,227.75
Oct 1, 2023 4:00 AM;Oct 1, 2023 5:00 AM;33,502.00;34,163.75;661.75;25,664.75
Oct 1, 2023 5:00 AM;Oct 1, 2023 6:00 AM;34,235.75;34,954.75;719.00;26,294.75
Oct 1, 2023 6:00 AM;Oct 1, 2023 7:00 AM;35,381.25;35,990.75;609.50;27,004.75
Oct 1, 2023 7:00 AM;Oct 1, 2023 8:00 AM;37,118.75;37,731.50;612.75;27,207.00
Oct 1, 2023 8:00 AM;Oct 1, 2023 9:00 AM;40,287.50;41,768.25;1,480.75;25,767.00
Oct 1, 2023 9:00 AM;Oct 1, 2023 10:00 AM;43,014.50;44,968.50;1,954.00;22,557.00
Oct 1, 2023 10:00 AM;Oct 1, 2023 11:00 AM;44,927.00;48,703.75;3,776.75;18,322.75
Oct 1, 2023 11:00 AM;Oct 1, 2023 12:00 PM;46,605.75;51,421.25;4,815.50;13,857.25
Oct 1, 2023 12:00 PM;Oct 1, 2023 1:00 PM;45,900.50;50,934.00;5,033.50;9,875.00
Oct 1, 2023 1:00 PM;Oct 1, 2023 2:00 PM;43,953.75;49,376.25;5,422.50;6,766.00
Oct 1, 2023 2:00 PM;Oct 1, 2023 3:00 PM;42,290.00;47,623.50;5,333.50;7,280.75
Oct 1, 2023 3:00 PM;Oct 1, 2023 4:00 PM;42,009.25;46,662.25;4,653.00;11,676.25
Oct 1, 2023 4:00 PM;Oct 1, 2023 5:00 PM;41,439.75;43,768.75;2,329.00;18,329.00
Oct 1, 2023 5:00 PM;Oct 1, 2023 6:00 PM;43,271.50;43,414.50;143.00;28,332.25
Oct 1, 2023 6:00 PM;Oct 1, 2023 7:00 PM;45,861.25;46,031.00;169.75;36,272.50
Oct 1, 2023 7:00 PM;Oct 1, 2023 8:00 PM;47,454.50;47,456.50;2.00;38,912.00
Oct 1, 2023 8:00 PM;Oct 1, 2023 9:00 PM;45,785.50;45,878.00;92.50;36,995.75
Oct 1, 2023 9:00 PM;Oct 1, 2023 10:00 PM;43,585.00;43,955.75;370.75;34,303.75
Oct 1, 2023 10:00 PM;Oct 1, 2023 11:00 PM;41,480.50;41,796.00;315.50;32,142.50
Oct 1, 2023 11:00 PM;Oct 2, 2023 12:00 AM;39,041.00;39,353.00;312.00;29,791.75
Oct 2, 2023 12:00 AM;Oct 2, 2023 1:00 AM;36,692.25;37,389.50;697.25;27,635.75
Oct 2, 2023 1:00 AM;Oct 2, 2023 2:00 AM;35,733.00;38,369.00;2,636.00;26,912.75
Oct 2, 2023 2:00 AM;Oct 2, 2023 3:00 AM;35,293.75;39,736.75;4,443.00;26,521.75
Oct 2, 2023 3:00 AM;Oct 2, 2023 4:00 AM;35,474.25;40,604.25;5,130.00;26,809.00
Oct 2, 2023 4:00 AM;Oct 2, 2023 5:00 AM;35,877.75;40,226.75;4,349.00;27,358.00
Oct 2, 2023 5:00 AM;Oct 2, 2023 6:00 AM;39,139.00;40,368.50;1,229.50;30,639.25
Oct 2, 2023 6:00 AM;Oct 2, 2023 7:00 AM;44,740.50;45,140.00;399.50;35,845.25
Oct 2, 2023 7:00 AM;Oct 2, 2023 8:00 AM;48,497.50;48,507.25;9.75;38,430.25
Oct 2, 2023 8:00 AM;Oct 2, 2023 9:00 AM;51,327.75;51,410.00;82.25;36,301.75
Oct 2, 2023 9:00 AM;Oct 2, 2023 10:00 AM;53,093.75;53,435.50;341.75;31,540.00
Oct 2, 2023 10:00 AM;Oct 2, 2023 11:00 AM;54,083.00;54,640.50;557.50;26,720.25
Oct 2, 2023 11:00 AM;Oct 2, 2023 12:00 PM;54,318.75;55,473.25;1,154.50;21,816.25
Oct 2, 2023 12:00 PM;Oct 2, 2023 1:00 PM;54,564.75;57,479.75;2,915.00;18,950.75
Oct 2, 2023 1:00 PM;Oct 2, 2023 2:00 PM;53,566.25;58,007.75;4,441.50;17,697.50
Oct 2, 2023 2:00 PM;Oct 2, 2023 3:00 PM;52,685.75;56,276.00;3,590.25;19,647.00
Oct 2, 2023 3:00 PM;Oct 2, 2023 4:00 PM;51,370.75;52,734.25;1,363.50;24,872.25
Oct 2, 2023 4:00 PM;Oct 2, 2023 5:00 PM;50,771.25;51,043.00;271.75;32,927.50
Oct 2, 2023 5:00 PM;Oct 2, 2023 6:00 PM;51,828.50;52,033.00;204.50;42,483.00
Oct 2, 2023 6:00 PM;Oct 2, 2023 7:00 PM;53,218.00;53,265.00;47.00;48,967.00
Oct 2, 2023 7:00 PM;Oct 2, 2023 8:00 PM;54,223.75;54,227.00;3.25;50,237.50
Oct 2, 2023 8:00 PM;Oct 2, 2023 9:00 PM;51,193.75;51,245.75;52.00;45,593.50
Oct 2, 2023 9:00 PM;Oct 2, 2023 10:00 PM;47,817.75;47,955.50;137.75;40,757.00
Oct 2, 2023 10:00 PM;Oct 2, 2023 11:00 PM;44,850.50;45,090.00;239.50;36,412.50
Oct 2, 2023 11:00 PM;Oct 3, 2023 12:00 AM;41,618.75;41,832.50;213.75;31,632.50
Oct 3, 2023 12:00 AM;Oct 3, 2023 1:00 AM;37,783.25;37,899.75;116.50;25,845.50
Oct 3, 2023 1:00 AM;Oct 3, 2023 2:00 AM;35,586.50;35,980.00;393.50;22,358.25
Oct 3, 2023 2:00 AM;Oct 3, 2023 3:00 AM;34,646.75;34,913.75;267.00;19,010.25
Oct 3, 2023 3:00 AM;Oct 3, 2023 4:00 AM;34,860.50;35,938.00;1,077.50;14,977.50
Oct 3, 2023 4:00 AM;Oct 3, 2023 5:00 AM;35,987.75;38,699.75;2,712.00;11,360.75
Oct 3, 2023 5:00 AM;Oct 3, 2023 6:00 AM;37,076.50;40,709.75;3,633.25;9,632.00
Oct 3, 2023 6:00 AM;Oct 3, 2023 7:00 AM;38,686.75;41,443.25;2,756.50;5,866.75
Oct 3, 2023 7:00 AM;Oct 3, 2023 8:00 AM;40,842.75;42,020.75;1,178.00;4,699.00
Oct 3, 2023 8:00 AM;Oct 3, 2023 9:00 AM;44,797.50;46,974.25;2,176.75;2,600.50
Oct 3, 2023 9:00 AM;Oct 3, 2023 10:00 AM;47,830.75;51,114.25;3,283.50;311.25
Oct 3, 2023 10:00 AM;Oct 3, 2023 11:00 AM;50,457.75;54,146.50;3,688.75;-639.25
Oct 3, 2023 11:00 AM;Oct 3, 2023 12:00 PM;52,283.50;56,748.50;4,465.00;-2,833.00
Oct 3, 2023 12:00 PM;Oct 3, 2023 1:00 PM;51,612.00;56,422.00;4,810.00;-4,233.75
Oct 3, 2023 1:00 PM;Oct 3, 2023 2:00 PM;49,910.50;54,972.75;5,062.25;-4,107.00
Oct 3, 2023 2:00 PM;Oct 3, 2023 3:00 PM;48,167.75;52,913.00;4,745.25;-4,124.00
Oct 3, 2023 3:00 PM;Oct 3, 2023 4:00 PM;46,939.25;51,561.75;4,622.50;-1,354.00
Oct 3, 2023 4:00 PM;Oct 3, 2023 5:00 PM;46,926.75;50,587.75;3,661.00;4,527.25
Oct 3, 2023 5:00 PM;Oct 3, 2023 6:00 PM;48,624.00;49,961.25;1,337.25;10,426.25
Oct 3, 2023 6:00 PM;Oct 3, 2023 7:00 PM;49,550.25;49,932.25;382.00;14,309.25
Oct 3, 2023 7:00 PM;Oct 3, 2023 8:00 PM;49,136.00;49,316.50;180.50;14,479.50
Oct 3, 2023 8:00 PM;Oct 3, 2023 9:00 PM;47,076.00;47,795.50;719.50;11,675.25
Oct 3, 2023 9:00 PM;Oct 3, 2023 10:00 PM;44,983.75;46,169.25;1,185.50;9,279.00
Oct 3, 2023 10:00 PM;Oct 3, 2023 11:00 PM;43,900.00;45,474.00;1,574.00;9,199.00
Oct 3, 2023 11:00 PM;Oct 4, 2023 12:00 AM;41,445.00;43,509.00;2,064.00;9,041.25
Oct 4, 2023 12:00 AM;Oct 4, 2023 1:00 AM;39,633.25;43,262.50;3,629.25;8,143.50
Oct 4, 2023 1:00 AM;Oct 4, 2023 2:00 AM;38,523.75;43,086.00;4,562.25;7,529.50
Oct 4, 2023 2:00 AM;Oct 4, 2023 3:00 AM;37,262.00;42,055.75;4,793.75;7,918.50
Oct 4, 2023 3:00 AM;Oct 4, 2023 4:00 AM;37,667.50;42,224.75;4,557.25;8,208.25
Oct 4, 2023 4:00 AM;Oct 4, 2023 5:00 AM;39,355.00;43,496.50;4,141.50;10,606.00
Oct 4, 2023 5:00 AM;Oct 4, 2023 6:00 AM;43,407.00;45,945.75;2,538.75;15,034.25
Oct 4, 2023 6:00 AM;Oct 4, 2023 7:00 AM;52,630.25;52,941.75;311.50;23,825.25
Oct 4, 2023 7:00 AM;Oct 4, 2023 8:00 AM;57,807.75;57,812.50;4.75;29,920.00
Oct 4, 2023 8:00 AM;Oct 4, 2023 9:00 AM;60,329.25;60,334.75;5.50;29,150.75
Oct 4, 2023 9:00 AM;Oct 4, 2023 10:00 AM;61,809.25;61,901.50;92.25;24,440.50
Oct 4, 2023 10:00 AM;Oct 4, 2023 11:00 AM;60,923.00;61,467.00;544.00;17,810.25
Oct 4, 2023 11:00 AM;Oct 4, 2023 12:00 PM;61,012.25;63,209.00;2,196.75;12,215.75
Oct 4, 2023 12:00 PM;Oct 4, 2023 1:00 PM;60,132.25;63,851.00;3,718.75;9,472.75
Oct 4, 2023 1:00 PM;Oct 4, 2023 2:00 PM;59,122.25;62,946.00;3,823.75;9,384.75
Oct 4, 2023 2:00 PM;Oct 4, 2023 3:00 PM;58,524.50;60,812.00;2,287.50;11,770.25
Oct 4, 2023 3:00 PM;Oct 4, 2023 4:00 PM;57,767.50;59,902.25;2,134.75;17,234.75
Oct 4, 2023 4:00 PM;Oct 4, 2023 5:00 PM;57,745.25;58,698.75;953.50;24,778.75
Oct 4, 2023 5:00 PM;Oct 4, 2023 6:00 PM;58,403.00;58,509.50;106.50;33,539.75
Oct 4, 2023 6:00 PM;Oct 4, 2023 7:00 PM;60,331.25;60,395.25;64.00;38,877.50
Oct 4, 2023 7:00 PM;Oct 4, 2023 8:00 PM;61,771.75;61,801.50;29.75;38,845.75
Oct 4, 2023 8:00 PM;Oct 4, 2023 9:00 PM;58,934.00;59,078.75;144.75;34,049.50
Oct 4, 2023 9:00 PM;Oct 4, 2023 10:00 PM;55,005.75;55,527.00;521.25;29,036.75
Oct 4, 2023 10:00 PM;Oct 4, 2023 11:00 PM;50,532.75;51,291.00;758.25;24,897.50
Oct 4, 2023 11:00 PM;Oct 5, 2023 12:00 AM;46,269.75;47,066.25;796.50;20,280.00
Oct 5, 2023 12:00 AM;Oct 5, 2023 1:00 AM;44,132.50;46,898.75;2,766.25;17,163.25
Oct 5, 2023 1:00 AM;Oct 5, 2023 2:00 AM;42,957.25;47,477.75;4,520.50;15,955.25
Oct 5, 2023 2:00 AM;Oct 5, 2023 3:00 AM;42,290.25;47,212.50;4,922.25;15,502.25
Oct 5, 2023 3:00 AM;Oct 5, 2023 4:00 AM;42,155.25;47,380.25;5,225.00;15,655.50
Oct 5, 2023 4:00 AM;Oct 5, 2023 5:00 AM;43,460.00;48,151.75;4,691.75;17,101.75
Oct 5, 2023 5:00 AM;Oct 5, 2023 6:00 AM;47,242.50;50,793.50;3,551.00;21,059.75
Oct 5, 2023 6:00 AM;Oct 5, 2023 7:00 AM;54,710.75;55,425.25;714.50;28,170.75
Oct 5, 2023 7:00 AM;Oct 5, 2023 8:00 AM;60,005.50;60,010.50;5.00;33,049.00
Oct 5, 2023 8:00 AM;Oct 5, 2023 9:00 AM;62,473.25;62,478.75;5.50;32,999.00
Oct 5, 2023 9:00 AM;Oct 5, 2023 10:00 AM;62,246.50;62,258.00;11.50;30,022.50
Oct 5, 2023 10:00 AM;Oct 5, 2023 11:00 AM;62,658.00;63,310.50;652.50;25,288.25
Oct 5, 2023 11:00 AM;Oct 5, 2023 12:00 PM;63,268.75;64,848.25;1,579.50;21,731.00
Oct 5, 2023 12:00 PM;Oct 5, 2023 1:00 PM;62,163.25;65,019.75;2,856.50;20,995.00
Oct 5, 2023 1:00 PM;Oct 5, 2023 2:00 PM;60,966.50;62,557.75;1,591.25;23,239.00
Oct 5, 2023 2:00 PM;Oct 5, 2023 3:00 PM;60,348.00;63,088.75;2,740.75;26,551.50
Oct 5, 2023 3:00 PM;Oct 5, 2023 4:00 PM;60,034.25;60,812.00;777.75;32,642.75
Oct 5, 2023 4:00 PM;Oct 5, 2023 5:00 PM;59,353.00;59,610.50;257.50;38,545.50
Oct 5, 2023 5:00 PM;Oct 5, 2023 6:00 PM;59,421.75;59,620.75;199.00;45,399.75
Oct 5, 2023 6:00 PM;Oct 5, 2023 7:00 PM;59,338.00;59,345.00;7.00;50,326.25
Oct 5, 2023 7:00 PM;Oct 5, 2023 8:00 PM;60,881.75;60,885.00;3.25;52,043.25
Oct 5, 2023 8:00 PM;Oct 5, 2023 9:00 PM;58,044.50;58,200.00;155.50;47,932.25
Oct 5, 2023 9:00 PM;Oct 5, 2023 10:00 PM;54,079.25;54,348.00;268.75;42,663.50
Oct 5, 2023 10:00 PM;Oct 5, 2023 11:00 PM;50,288.50;50,628.25;339.75;37,598.50
Oct 5, 2023 11:00 PM;Oct 6, 2023 12:00 AM;46,723.25;47,005.75;282.50;32,772.75
Oct 6, 2023 12:00 AM;Oct 6, 2023 1:00 AM;43,821.75;44,523.25;701.50;28,788.00
Oct 6, 2023 1:00 AM;Oct 6, 2023 2:00 AM;42,018.25;43,285.00;1,266.75;26,561.25
Oct 6, 2023 2:00 AM;Oct 6, 2023 3:00 AM;41,086.00;42,470.75;1,384.75;25,201.50
Oct 6, 2023 3:00 AM;Oct 6, 2023 4:00 AM;41,490.00;44,973.75;3,483.75;24,667.00
Oct 6, 2023 4:00 AM;Oct 6, 2023 5:00 AM;42,985.00;46,407.50;3,422.50;25,063.75
Oct 6, 2023 5:00 AM;Oct 6, 2023 6:00 AM;47,032.50;48,256.75;1,224.25;28,282.50
Oct 6, 2023 6:00 AM;Oct 6, 2023 7:00 AM;55,131.50;55,235.25;103.75;33,401.75
Oct 6, 2023 7:00 AM;Oct 6, 2023 8:00 AM;60,292.00;60,298.50;6.50;36,127.75
Oct 6, 2023 8:00 AM;Oct 6, 2023 9:00 AM;62,762.50;62,774.50;12.00;33,576.00
Oct 6, 2023 9:00 AM;Oct 6, 2023 10:00 AM;63,190.75;63,690.75;500.00;26,465.75
Oct 6, 2023 10:00 AM;Oct 6, 2023 11:00 AM;63,401.25;64,948.00;1,546.75;19,734.00
Oct 6, 2023 11:00 AM;Oct 6, 2023 12:00 PM;62,676.25;65,798.00;3,121.75;12,330.25
Oct 6, 2023 12:00 PM;Oct 6, 2023 1:00 PM;61,577.50;66,399.00;4,821.50;8,686.25
Oct 6, 2023 1:00 PM;Oct 6, 2023 2:00 PM;59,422.50;64,184.25;4,761.75;8,331.25
Oct 6, 2023 2:00 PM;Oct 6, 2023 3:00 PM;58,177.25;62,452.75;4,275.50;10,463.00
Oct 6, 2023 3:00 PM;Oct 6, 2023 4:00 PM;57,261.50;61,340.25;4,078.75;11,113.00
Oct 6, 2023 4:00 PM;Oct 6, 2023 5:00 PM;56,367.25;58,837.00;2,469.75;14,975.75
Oct 6, 2023 5:00 PM;Oct 6, 2023 6:00 PM;56,998.25;57,150.50;152.25;22,651.00
Oct 6, 2023 6:00 PM;Oct 6, 2023 7:00 PM;58,267.00;58,270.25;3.25;26,443.25
Oct 6, 2023 7:00 PM;Oct 6, 2023 8:00 PM;59,370.50;59,376.50;6.00;25,279.25
Oct 6, 2023 8:00 PM;Oct 6, 2023 9:00 PM;56,030.00;56,075.00;45.00;20,415.00
Oct 6, 2023 9:00 PM;Oct 6, 2023 10:00 PM;51,573.75;51,772.50;198.75;15,838.25
Oct 6, 2023 10:00 PM;Oct 6, 2023 11:00 PM;47,734.25;48,498.00;763.75;13,543.00
Oct 6, 2023 11:00 PM;Oct 7, 2023 12:00 AM;44,756.75;47,099.75;2,343.00;10,216.50
Oct 7, 2023 12:00 AM;Oct 7, 2023 1:00 AM;42,616.50;45,423.50;2,807.00;8,811.75
Oct 7, 2023 1:00 AM;Oct 7, 2023 2:00 AM;41,100.25;45,817.00;4,716.75;8,048.50
Oct 7, 2023 2:00 AM;Oct 7, 2023 3:00 AM;39,774.00;45,271.75;5,497.75;8,239.75
Oct 7, 2023 3:00 AM;Oct 7, 2023 4:00 AM;39,084.25;44,467.50;5,383.25;8,039.25
Oct 7, 2023 4:00 AM;Oct 7, 2023 5:00 AM;39,820.25;45,109.50;5,289.25;8,676.25
Oct 7, 2023 5:00 AM;Oct 7, 2023 6:00 AM;40,293.25;43,933.25;3,640.00;9,757.00
Oct 7, 2023 6:00 AM;Oct 7, 2023 7:00 AM;42,271.00;44,241.50;1,970.50;13,342.25
Oct 7, 2023 7:00 AM;Oct 7, 2023 8:00 AM;44,865.00;45,386.00;521.00;16,683.25
Oct 7, 2023 8:00 AM;Oct 7, 2023 9:00 AM;48,412.25;48,755.25;343.00;17,772.25
Oct 7, 2023 9:00 AM;Oct 7, 2023 10:00 AM;49,822.50;50,358.50;536.00;16,306.50
Oct 7, 2023 10:00 AM;Oct 7, 2023 11:00 AM;52,234.25;54,076.50;1,842.25;15,695.00
Oct 7, 2023 11:00 AM;Oct 7, 2023 12:00 PM;52,494.75;55,541.25;3,046.50;13,771.00
Oct 7, 2023 12:00 PM;Oct 7, 2023 1:00 PM;51,835.75;56,606.00;4,770.25;11,757.75
Oct 7, 2023 1:00 PM;Oct 7, 2023 2:00 PM;50,393.25;55,558.75;5,165.50;12,192.00
Oct 7, 2023 2:00 PM;Oct 7, 2023 3:00 PM;48,512.25;53,270.50;4,758.25;11,524.50
Oct 7, 2023 3:00 PM;Oct 7, 2023 4:00 PM;48,376.25;52,939.50;4,563.25;12,264.50
Oct 7, 2023 4:00 PM;Oct 7, 2023 5:00 PM;48,294.00;51,145.50;2,851.50;15,745.25
Oct 7, 2023 5:00 PM;Oct 7, 2023 6:00 PM;49,506.50;50,681.00;1,174.50;21,099.00
Oct 7, 2023 6:00 PM;Oct 7, 2023 7:00 PM;51,491.25;51,556.00;64.75;24,857.50
Oct 7, 2023 7:00 PM;Oct 7, 2023 8:00 PM;51,335.50;51,341.50;6.00;24,312.75
Oct 7, 2023 8:00 PM;Oct 7, 2023 9:00 PM;48,380.25;48,443.50;63.25;22,171.75
Oct 7, 2023 9:00 PM;Oct 7, 2023 10:00 PM;45,277.25;45,848.25;571.00;19,073.25
Oct 7, 2023 10:00 PM;Oct 7, 2023 11:00 PM;43,473.50;43,840.00;366.50;18,410.75
Oct 7, 2023 11:00 PM;Oct 8, 2023 12:00 AM;40,488.50;40,858.00;369.50;17,214.50
Oct 8, 2023 12:00 AM;Oct 8, 2023 1:00 AM;37,767.50;38,886.50;1,119.00;15,765.25
Oct 8, 2023 1:00 AM;Oct 8, 2023 2:00 AM;36,334.50;38,407.25;2,072.75;16,000.00
Oct 8, 2023 2:00 AM;Oct 8, 2023 3:00 AM;35,173.50;37,242.75;2,069.25;16,814.75
Oct 8, 2023 3:00 AM;Oct 8, 2023 4:00 AM;34,480.25;36,321.75;1,841.50;18,487.25
Oct 8, 2023 4:00 AM;Oct 8, 2023 5:00 AM;33,843.50;34,964.00;1,120.50;19,740.75
Oct 8, 2023 5:00 AM;Oct 8, 2023 6:00 AM;34,260.50;34,596.00;335.50;23,226.00
Oct 8, 2023 6:00 AM;Oct 8, 2023 7:00 AM;35,663.50;35,759.50;96.00;26,903.75
Oct 8, 2023 7:00 AM;Oct 8, 2023 8:00 AM;38,024.50;38,346.75;322.25;29,753.75
Oct 8, 2023 8:00 AM;Oct 8, 2023 9:00 AM;41,003.75;41,039.50;35.75;31,294.75
Oct 8, 2023 9:00 AM;Oct 8, 2023 10:00 AM;43,888.25;44,114.25;226.00;31,437.50
Oct 8, 2023 10:00 AM;Oct 8, 2023 11:00 AM;45,949.75;46,224.75;275.00;30,671.50
Oct 8, 2023 11:00 AM;Oct 8, 2023 12:00 PM;47,826.00;48,764.25;938.25;29,826.25
Oct 8, 2023 12:00 PM;Oct 8, 2023 1:00 PM;47,272.75;49,788.75;2,516.00;27,853.00
Oct 8, 2023 1:00 PM;Oct 8, 2023 2:00 PM;45,850.00;50,580.25;4,730.25;25,842.25
Oct 8, 2023 2:00 PM;Oct 8, 2023 3:00 PM;44,343.75;49,216.25;4,872.50;25,695.50
Oct 8, 2023 3:00 PM;Oct 8, 2023 4:00 PM;43,721.50;47,123.75;3,402.25;28,785.75
Oct 8, 2023 4:00 PM;Oct 8, 2023 5:00 PM;44,289.25;46,130.50;1,841.25;34,489.00
Oct 8, 2023 5:00 PM;Oct 8, 2023 6:00 PM;46,299.25;46,429.75;130.50;41,669.50
Oct 8, 2023 6:00 PM;Oct 8, 2023 7:00 PM;48,206.00;48,214.25;8.25;46,412.25
Oct 8, 2023 7:00 PM;Oct 8, 2023 8:00 PM;49,258.50;49,289.25;30.75;47,335.25
Oct 8, 2023 8:00 PM;Oct 8, 2023 9:00 PM;47,079.75;47,512.50;432.75;44,004.00
Oct 8, 2023 9:00 PM;Oct 8, 2023 10:00 PM;44,927.50;45,455.75;528.25;40,893.25
Oct 8, 2023 10:00 PM;Oct 8, 2023 11:00 PM;43,165.75;43,318.75;153.00;37,924.50
Oct 8, 2023 11:00 PM;Oct 9, 2023 12:00 AM;40,433.00;40,892.75;459.75;33,934.50
Oct 9, 2023 12:00 AM;Oct 9, 2023 1:00 AM;38,185.25;39,425.75;1,240.50;30,506.00
Oct 9, 2023 1:00 AM;Oct 9, 2023 2:00 AM;36,931.50;39,619.00;2,687.50;27,581.00
Oct 9, 2023 2:00 AM;Oct 9, 2023 3:00 AM;36,658.50;40,582.25;3,923.75;25,598.25
Oct 9, 2023 3:00 AM;Oct 9, 2023 4:00 AM;37,387.25;42,277.00;4,889.75;24,850.75
Oct 9, 2023 4:00 AM;Oct 9, 2023 5:00 AM;38,674.50;43,534.25;4,859.75;25,221.25
Oct 9, 2023 5:00 AM;Oct 9, 2023 6:00 AM;43,112.00;45,548.50;2,436.50;28,589.75
Oct 9, 2023 6:00 AM;Oct 9, 2023 7:00 AM;52,307.50;52,684.25;376.75;36,356.00
Oct 9, 2023 7:00 AM;Oct 9, 2023 8:00 AM;58,146.00;58,157.00;11.00;40,910.00
Oct 9, 2023 8:00 AM;Oct 9, 2023 9:00 AM;60,636.50;60,646.75;10.25;41,076.50
Oct 9, 2023 9:00 AM;Oct 9, 2023 10:00 AM;61,623.75;61,642.50;18.75;40,437.50
Oct 9, 2023 10:00 AM;Oct 9, 2023 11:00 AM;63,127.75;63,202.75;75.00;41,537.25
Oct 9, 2023 11:00 AM;Oct 9, 2023 12:00 PM;63,790.25;63,892.50;102.25;41,852.50
Oct 9, 2023 12:00 PM;Oct 9, 2023 1:00 PM;63,377.50;64,124.50;747.00;40,619.50
Oct 9, 2023 1:00 PM;Oct 9, 2023 2:00 PM;61,783.75;63,170.25;1,386.50;39,101.50
Oct 9, 2023 2:00 PM;Oct 9, 2023 3:00 PM;60,784.25;62,524.50;1,740.25;39,809.50
Oct 9, 2023 3:00 PM;Oct 9, 2023 4:00 PM;59,890.50;60,319.50;429.00;41,124.00
Oct 9, 2023 4:00 PM;Oct 9, 2023 5:00 PM;59,214.00;59,827.25;613.25;42,751.25
Oct 9, 2023 5:00 PM;Oct 9, 2023 6:00 PM;59,454.50;59,604.25;149.75;45,598.75
Oct 9, 2023 6:00 PM;Oct 9, 2023 7:00 PM;59,970.00;59,974.75;4.75;48,249.50
Oct 9, 2023 7:00 PM;Oct 9, 2023 8:00 PM;60,531.75;60,533.25;1.50;49,820.00
Oct 9, 2023 8:00 PM;Oct 9, 2023 9:00 PM;57,201.00;57,207.25;6.25;46,678.00
Oct 9, 2023 9:00 PM;Oct 9, 2023 10:00 PM;53,426.75;53,476.25;49.50;43,651.50
Oct 9, 2023 10:00 PM;Oct 9, 2023 11:00 PM;49,298.50;49,540.50;242.00;40,693.75
Oct 9, 2023 11:00 PM;Oct 10, 2023 12:00 AM;45,940.50;46,873.25;932.75;38,605.25
Oct 10, 2023 12:00 AM;Oct 10, 2023 1:00 AM;44,041.00;45,001.75;960.75;38,036.25
Oct 10, 2023 1:00 AM;Oct 10, 2023 2:00 AM;42,631.25;44,053.75;1,422.50;37,484.00
Oct 10, 2023 2:00 AM;Oct 10, 2023 3:00 AM;41,657.75;44,657.50;2,999.75;37,269.75
Oct 10, 2023 3:00 AM;Oct 10, 2023 4:00 AM;41,975.50;44,983.75;3,008.25;37,814.50
Oct 10, 2023 4:00 AM;Oct 10, 2023 5:00 AM;43,098.00;45,227.25;2,129.25;38,825.25
Oct 10, 2023 5:00 AM;Oct 10, 2023 6:00 AM;46,349.00;47,118.25;769.25;41,726.75
Oct 10, 2023 6:00 AM;Oct 10, 2023 7:00 AM;53,939.25;54,170.75;231.50;48,795.25
Oct 10, 2023 7:00 AM;Oct 10, 2023 8:00 AM;59,072.75;59,074.75;2.00;53,424.00
Oct 10, 2023 8:00 AM;Oct 10, 2023 9:00 AM;61,161.00;61,162.25;1.25;52,226.50
Oct 10, 2023 9:00 AM;Oct 10, 2023 10:00 AM;61,641.00;61,684.75;43.75;46,823.25
Oct 10, 2023 10:00 AM;Oct 10, 2023 11:00 AM;63,105.50;63,677.50;572.00;41,641.00
Oct 10, 2023 11:00 AM;Oct 10, 2023 12:00 PM;63,591.25;64,132.00;540.75;36,395.75
Oct 10, 2023 12:00 PM;Oct 10, 2023 1:00 PM;62,372.75;63,426.00;1,053.25;31,995.50
Oct 10, 2023 1:00 PM;Oct 10, 2023 2:00 PM;60,584.25;63,775.50;3,191.25;28,776.75
Oct 10, 2023 2:00 PM;Oct 10, 2023 3:00 PM;59,193.25;62,631.00;3,437.75;27,740.00
Oct 10, 2023 3:00 PM;Oct 10, 2023 4:00 PM;58,813.25;61,402.75;2,589.50;30,876.00
Oct 10, 2023 4:00 PM;Oct 10, 2023 5:00 PM;58,748.25;59,389.75;641.50;36,319.00
Oct 10, 2023 5:00 PM;Oct 10, 2023 6:00 PM;59,900.25;60,032.75;132.50;42,570.25
Oct 10, 2023 6:00 PM;Oct 10, 2023 7:00 PM;61,120.25;61,122.75;2.50;44,316.75
Oct 10, 2023 7:00 PM;Oct 10, 2023 8:00 PM;62,598.75;62,609.25;10.50;41,818.50
Oct 10, 2023 8:00 PM;Oct 10, 2023 9:00 PM;59,706.75;59,862.75;156.00;34,841.50
Oct 10, 2023 9:00 PM;Oct 10, 2023 10:00 PM;55,277.75;55,657.75;380.00;28,358.00
Oct 10, 2023 10:00 PM;Oct 10, 2023 11:00 PM;51,663.25;52,463.75;800.50;23,372.25
Oct 10, 2023 11:00 PM;Oct 11, 2023 12:00 AM;47,551.75;49,706.25;2,154.50;19,077.00
Oct 11, 2023 12:00 AM;Oct 11, 2023 1:00 AM;43,860.50;46,709.75;2,849.25;15,507.75
Oct 11, 2023 1:00 AM;Oct 11, 2023 2:00 AM;42,413.50;46,988.50;4,575.00;13,859.75
Oct 11, 2023 2:00 AM;Oct 11, 2023 3:00 AM;41,961.50;47,492.00;5,530.50;13,045.50
Oct 11, 2023 3:00 AM;Oct 11, 2023 4:00 AM;41,984.25;47,653.25;5,669.00;12,939.75
Oct 11, 2023 4:00 AM;Oct 11, 2023 5:00 AM;43,335.00;49,031.00;5,696.00;13,880.00
Oct 11, 2023 5:00 AM;Oct 11, 2023 6:00 AM;47,183.75;52,313.25;5,129.50;16,578.75
Oct 11, 2023 6:00 AM;Oct 11, 2023 7:00 AM;54,557.25;55,992.75;1,435.50;21,770.25
Oct 11, 2023 7:00 AM;Oct 11, 2023 8:00 AM;59,525.25;59,537.75;12.50;26,361.00
Oct 11, 2023 8:00 AM;Oct 11, 2023 9:00 AM;62,087.75;62,119.50;31.75;25,495.50
Oct 11, 2023 9:00 AM;Oct 11, 2023 10:00 AM;62,644.75;63,255.50;610.75;19,407.50
Oct 11, 2023 10:00 AM;Oct 11, 2023 11:00 AM;63,145.25;66,013.75;2,868.50;14,469.75
Oct 11, 2023 11:00 AM;Oct 11, 2023 12:00 PM;62,868.00;67,210.50;4,342.50;10,287.50
Oct 11, 2023 12:00 PM;Oct 11, 2023 1:00 PM;62,553.25;66,988.00;4,434.75;8,428.75
Oct 11, 2023 1:00 PM;Oct 11, 2023 2:00 PM;61,170.00;65,741.00;4,571.00;7,231.50
Oct 11, 2023 2:00 PM;Oct 11, 2023 3:00 PM;60,077.25;64,814.25;4,737.00;7,009.50
Oct 11, 2023 3:00 PM;Oct 11, 2023 4:00 PM;59,402.50;63,598.50;4,196.00;9,402.75
Oct 11, 2023 4:00 PM;Oct 11, 2023 5:00 PM;59,295.25;61,072.00;1,776.75;15,408.50
Oct 11, 2023 5:00 PM;Oct 11, 2023 6:00 PM;59,794.50;59,870.00;75.50;25,683.75
Oct 11, 2023 6:00 PM;Oct 11, 2023 7:00 PM;61,443.75;61,524.75;81.00;30,663.75
Oct 11, 2023 7:00 PM;Oct 11, 2023 8:00 PM;63,417.50;63,425.25;7.75;31,600.50
Oct 11, 2023 8:00 PM;Oct 11, 2023 9:00 PM;59,403.50;59,473.50;70.00;26,947.75
Oct 11, 2023 9:00 PM;Oct 11, 2023 10:00 PM;55,194.50;55,620.25;425.75;21,529.00
Oct 11, 2023 10:00 PM;Oct 11, 2023 11:00 PM;51,179.25;52,712.50;1,533.25;18,005.75
Oct 11, 2023 11:00 PM;Oct 12, 2023 12:00 AM;47,726.75;51,754.75;4,028.00;14,178.25
Oct 12, 2023 12:00 AM;Oct 12, 2023 1:00 AM;46,008.75;50,845.75;4,837.00;14,524.00
Oct 12, 2023 1:00 AM;Oct 12, 2023 2:00 AM;44,697.25;49,845.00;5,147.75;14,496.50
Oct 12, 2023 2:00 AM;Oct 12, 2023 3:00 AM;43,196.00;48,225.25;5,029.25;14,988.50
Oct 12, 2023 3:00 AM;Oct 12, 2023 4:00 AM;42,642.00;47,065.75;4,423.75;16,373.25
Oct 12, 2023 4:00 AM;Oct 12, 2023 5:00 AM;43,317.25;46,663.75;3,346.50;19,362.75
Oct 12, 2023 5:00 AM;Oct 12, 2023 6:00 AM;47,749.00;49,922.75;2,173.75;25,572.00
Oct 12, 2023 6:00 AM;Oct 12, 2023 7:00 AM;56,427.25;56,832.50;405.25;35,246.50
Oct 12, 2023 7:00 AM;Oct 12, 2023 8:00 AM;61,678.00;61,730.50;52.50;41,189.75
Oct 12, 2023 8:00 AM;Oct 12, 2023 9:00 AM;63,541.00;63,544.50;3.50;43,498.50
Oct 12, 2023 9:00 AM;Oct 12, 2023 10:00 AM;64,335.75;64,338.50;2.75;43,792.00
Oct 12, 2023 10:00 AM;Oct 12, 2023 11:00 AM;65,297.75;65,324.25;26.50;43,148.75
Oct 12, 2023 11:00 AM;Oct 12, 2023 12:00 PM;66,043.50;66,155.25;111.75;43,111.75
Oct 12, 2023 12:00 PM;Oct 12, 2023 1:00 PM;65,286.75;65,903.75;617.00;41,761.25
Oct 12, 2023 1:00 PM;Oct 12, 2023 2:00 PM;64,321.50;66,358.75;2,037.25;41,532.50
Oct 12, 2023 2:00 PM;Oct 12, 2023 3:00 PM;62,889.25;64,923.00;2,033.75;42,812.00
Oct 12, 2023 3:00 PM;Oct 12, 2023 4:00 PM;62,126.00;62,336.00;210.00;46,258.75
Oct 12, 2023 4:00 PM;Oct 12, 2023 5:00 PM;60,838.75;61,042.50;203.75;49,059.50
Oct 12, 2023 5:00 PM;Oct 12, 2023 6:00 PM;60,582.25;60,622.75;40.50;51,933.50
Oct 12, 2023 6:00 PM;Oct 12, 2023 7:00 PM;61,418.00;61,420.50;2.50;53,851.00
Oct 12, 2023 7:00 PM;Oct 12, 2023 8:00 PM;61,674.50;61,675.50;1.00;54,265.25
Oct 12, 2023 8:00 PM;Oct 12, 2023 9:00 PM;57,984.00;57,991.25;7.25;50,560.75
Oct 12, 2023 9:00 PM;Oct 12, 2023 10:00 PM;54,412.25;54,600.25;188.00;46,611.25
Oct 12, 2023 10:00 PM;Oct 12, 2023 11:00 PM;50,174.50;50,315.25;140.75;42,080.75
Oct 12, 2023 11:00 PM;Oct 13, 2023 12:00 AM;46,284.00;46,429.75;145.75;37,657.25
Oct 13, 2023 12:00 AM;Oct 13, 2023 1:00 AM;43,905.00;44,077.75;172.75;34,790.50
Oct 13, 2023 1:00 AM;Oct 13, 2023 2:00 AM;42,060.75;42,908.25;847.50;32,140.00
Oct 13, 2023 2:00 AM;Oct 13, 2023 3:00 AM;40,679.75;41,969.50;1,289.75;29,675.50
Oct 13, 2023 3:00 AM;Oct 13, 2023 4:00 AM;41,626.75;43,798.75;2,172.00;29,400.75
Oct 13, 2023 4:00 AM;Oct 13, 2023 5:00 AM;42,386.25;44,798.00;2,411.75;28,616.25
Oct 13, 2023 5:00 AM;Oct 13, 2023 6:00 AM;46,291.50;47,512.25;1,220.75;30,281.00
Oct 13, 2023 6:00 AM;Oct 13, 2023 7:00 AM;54,335.50;54,683.00;347.50;35,143.25
Oct 13, 2023 7:00 AM;Oct 13, 2023 8:00 AM;60,242.75;60,293.25;50.50;35,761.50
Oct 13, 2023 8:00 AM;Oct 13, 2023 9:00 AM;62,874.00;62,987.00;113.00;31,996.50
Oct 13, 2023 9:00 AM;Oct 13, 2023 10:00 AM;63,826.50;64,269.00;442.50;24,780.25
Oct 13, 2023 10:00 AM;Oct 13, 2023 11:00 AM;64,046.75;64,470.50;423.75;18,238.50
Oct 13, 2023 11:00 AM;Oct 13, 2023 12:00 PM;64,024.00;65,736.25;1,712.25;13,281.75
Oct 13, 2023 12:00 PM;Oct 13, 2023 1:00 PM;63,279.25;66,939.25;3,660.00;8,471.25
Oct 13, 2023 1:00 PM;Oct 13, 2023 2:00 PM;61,095.25;65,426.25;4,331.00;4,848.50
Oct 13, 2023 2:00 PM;Oct 13, 2023 3:00 PM;58,720.75;63,113.50;4,392.75;4,152.75
Oct 13, 2023 3:00 PM;Oct 13, 2023 4:00 PM;58,499.25;62,564.25;4,065.00;5,593.75
Oct 13, 2023 4:00 PM;Oct 13, 2023 5:00 PM;58,798.50;60,773.50;1,975.00;10,104.25
Oct 13, 2023 5:00 PM;Oct 13, 2023 6:00 PM;59,230.00;59,453.25;223.25;17,279.75
Oct 13, 2023 6:00 PM;Oct 13, 2023 7:00 PM;60,336.75;60,344.75;8.00;20,344.75
Oct 13, 2023 7:00 PM;Oct 13, 2023 8:00 PM;60,312.75;60,319.50;6.75;20,701.00
Oct 13, 2023 8:00 PM;Oct 13, 2023 9:00 PM;56,117.75;56,413.50;295.75;16,900.75
Oct 13, 2023 9:00 PM;Oct 13, 2023 10:00 PM;51,966.00;53,604.25;1,638.25;12,969.25
Oct 13, 2023 10:00 PM;Oct 13, 2023 11:00 PM;48,990.25;51,658.00;2,667.75;10,753.75
Oct 13, 2023 11:00 PM;Oct 14, 2023 12:00 AM;45,725.75;49,157.25;3,431.50;7,768.50
Oct 14, 2023 12:00 AM;Oct 14, 2023 1:00 AM;43,518.25;47,213.25;3,695.00;5,713.50
Oct 14, 2023 1:00 AM;Oct 14, 2023 2:00 AM;41,088.50;45,494.50;4,406.00;5,446.25
Oct 14, 2023 2:00 AM;Oct 14, 2023 3:00 AM;41,079.00;46,482.75;5,403.75;6,107.75
Oct 14, 2023 3:00 AM;Oct 14, 2023 4:00 AM;40,782.50;46,287.25;5,504.75;6,613.50
Oct 14, 2023 4:00 AM;Oct 14, 2023 5:00 AM;39,580.00;45,203.25;5,623.25;6,543.00
Oct 14, 2023 5:00 AM;Oct 14, 2023 6:00 AM;40,238.50;44,503.00;4,264.50;8,156.00
Oct 14, 2023 6:00 AM;Oct 14, 2023 7:00 AM;42,183.75;44,594.75;2,411.00;8,888.50
Oct 14, 2023 7:00 AM;Oct 14, 2023 8:00 AM;44,369.75;45,774.75;1,405.00;9,645.00
Oct 14, 2023 8:00 AM;Oct 14, 2023 9:00 AM;48,158.25;48,858.00;699.75;12,322.25
Oct 14, 2023 9:00 AM;Oct 14, 2023 10:00 AM;50,770.50;51,847.25;1,076.75;12,669.25
Oct 14, 2023 10:00 AM;Oct 14, 2023 11:00 AM;52,088.25;54,132.00;2,043.75;11,072.50
Oct 14, 2023 11:00 AM;Oct 14, 2023 12:00 PM;53,237.75;56,203.50;2,965.75;8,628.75
Oct 14, 2023 12:00 PM;Oct 14, 2023 1:00 PM;52,990.25;57,531.50;4,541.25;7,318.25
Oct 14, 2023 1:00 PM;Oct 14, 2023 2:00 PM;51,026.75;55,936.25;4,909.50;6,591.00
Oct 14, 2023 2:00 PM;Oct 14, 2023 3:00 PM;49,779.50;55,047.75;5,268.25;6,759.50
Oct 14, 2023 3:00 PM;Oct 14, 2023 4:00 PM;48,711.25;52,087.25;3,376.00;8,274.25
Oct 14, 2023 4:00 PM;Oct 14, 2023 5:00 PM;48,137.00;49,269.25;1,132.25;13,233.75
Oct 14, 2023 5:00 PM;Oct 14, 2023 6:00 PM;49,917.25;50,010.50;93.25;19,686.75
Oct 14, 2023 6:00 PM;Oct 14, 2023 7:00 PM;51,494.75;51,501.25;6.50;23,267.50
Oct 14, 2023 7:00 PM;Oct 14, 2023 8:00 PM;51,438.00;51,449.25;11.25;22,585.50
Oct 14, 2023 8:00 PM;Oct 14, 2023 9:00 PM;48,777.50;48,831.75;54.25;19,244.50
Oct 14, 2023 9:00 PM;Oct 14, 2023 10:00 PM;46,338.25;46,382.25;44.00;17,101.25
Oct 14, 2023 10:00 PM;Oct 14, 2023 11:00 PM;44,306.00;44,377.25;71.25;15,607.50
Oct 14, 2023 11:00 PM;Oct 15, 2023 12:00 AM;41,964.50;42,436.25;471.75;13,181.25
Oct 15, 2023 12:00 AM;Oct 15, 2023 1:00 AM;39,689.25;40,944.00;1,254.75;10,356.25
Oct 15, 2023 1:00 AM;Oct 15, 2023 2:00 AM;37,982.25;40,082.25;2,100.00;9,388.75
Oct 15, 2023 2:00 AM;Oct 15, 2023 3:00 AM;38,106.00;43,069.75;4,963.75;10,438.75
Oct 15, 2023 3:00 AM;Oct 15, 2023 4:00 AM;37,897.50;43,082.25;5,184.75;10,697.25
Oct 15, 2023 4:00 AM;Oct 15, 2023 5:00 AM;37,703.25;43,041.00;5,337.75;11,116.25
Oct 15, 2023 5:00 AM;Oct 15, 2023 6:00 AM;37,469.25;41,560.75;4,091.50;11,853.25
Oct 15, 2023 6:00 AM;Oct 15, 2023 7:00 AM;38,867.25;41,556.25;2,689.00;12,489.25
Oct 15, 2023 7:00 AM;Oct 15, 2023 8:00 AM;40,611.50;42,261.50;1,650.00;13,770.50
Oct 15, 2023 8:00 AM;Oct 15, 2023 9:00 AM;43,886.50;44,500.50;614.00;15,908.00
Oct 15, 2023 9:00 AM;Oct 15, 2023 10:00 AM;46,356.50;46,602.25;245.75;14,341.75
Oct 15, 2023 10:00 AM;Oct 15, 2023 11:00 AM;48,804.50;50,351.50;1,547.00;11,549.00
Oct 15, 2023 11:00 AM;Oct 15, 2023 12:00 PM;50,968.25;54,039.50;3,071.25;10,644.75
Oct 15, 2023 12:00 PM;Oct 15, 2023 1:00 PM;51,618.25;56,011.25;4,393.00;7,825.25
Oct 15, 2023 1:00 PM;Oct 15, 2023 2:00 PM;49,397.25;55,494.50;6,097.25;4,791.75
Oct 15, 2023 2:00 PM;Oct 15, 2023 3:00 PM;47,675.50;53,517.75;5,842.25;4,095.00
Oct 15, 2023 3:00 PM;Oct 15, 2023 4:00 PM;47,046.25;52,403.50;5,357.25;4,576.00
Oct 15, 2023 4:00 PM;Oct 15, 2023 5:00 PM;46,432.50;50,242.50;3,810.00;9,179.75
Oct 15, 2023 5:00 PM;Oct 15, 2023 6:00 PM;48,661.75;49,488.50;826.75;17,992.00
Oct 15, 2023 6:00 PM;Oct 15, 2023 7:00 PM;51,814.50;51,864.50;50.00;25,298.25
Oct 15, 2023 7:00 PM;Oct 15, 2023 8:00 PM;53,067.25;53,072.75;5.50;26,946.75
Oct 15, 2023 8:00 PM;Oct 15, 2023 9:00 PM;50,453.00;50,466.75;13.75;24,702.25
Oct 15, 2023 9:00 PM;Oct 15, 2023 10:00 PM;48,145.50;48,255.00;109.50;22,793.25
Oct 15, 2023 10:00 PM;Oct 15, 2023 11:00 PM;46,885.00;47,175.00;290.00;22,075.25
Oct 15, 2023 11:00 PM;Oct 16, 2023 12:00 AM;43,920.75;45,111.00;1,190.25;19,935.00
Oct 16, 2023 12:00 AM;Oct 16, 2023 1:00 AM;42,890.25;45,174.50;2,284.25;20,297.00
Oct 16, 2023 1:00 AM;Oct 16, 2023 2:00 AM;41,216.75;44,532.75;3,316.00;20,417.25
Oct 16, 2023 2:00 AM;Oct 16, 2023 3:00 AM;40,882.00;45,151.00;4,269.00;21,077.75
Oct 16, 2023 3:00 AM;Oct 16, 2023 4:00 AM;41,177.75;45,746.00;4,568.25;21,635.75
Oct 16, 2023 4:00 AM;Oct 16, 2023 5:00 AM;42,833.50;46,816.25;3,982.75;23,705.25
Oct 16, 2023 5:00 AM;Oct 16, 2023 6:00 AM;46,800.00;48,399.50;1,599.50;27,972.00
Oct 16, 2023 6:00 AM;Oct 16, 2023 7:00 AM;56,059.50;56,451.25;391.75;37,776.75
Oct 16, 2023 7:00 AM;Oct 16, 2023 8:00 AM;61,923.00;61,936.25;13.25;44,992.75
Oct 16, 2023 8:00 AM;Oct 16, 2023 9:00 AM;64,344.75;64,452.50;107.75;46,476.50
Oct 16, 2023 9:00 AM;Oct 16, 2023 10:00 AM;64,152.00;64,225.00;73.00;42,754.50
Oct 16, 2023 10:00 AM;Oct 16, 2023 11:00 AM;64,396.75;64,804.50;407.75;39,287.50
Oct 16, 2023 11:00 AM;Oct 16, 2023 12:00 PM;63,839.00;64,448.75;609.75;35,018.75
Oct 16, 2023 12:00 PM;Oct 16, 2023 1:00 PM;62,975.50;65,450.00;2,474.50;32,529.00
Oct 16, 2023 1:00 PM;Oct 16, 2023 2:00 PM;61,675.75;64,659.50;2,983.75;31,530.75
Oct 16, 2023 2:00 PM;Oct 16, 2023 3:00 PM;60,395.25;61,839.25;1,444.00;33,704.00
Oct 16, 2023 3:00 PM;Oct 16, 2023 4:00 PM;59,286.00;59,820.25;534.25;37,890.25
Oct 16, 2023 4:00 PM;Oct 16, 2023 5:00 PM;58,864.25;59,208.25;344.00;44,907.00
Oct 16, 2023 5:00 PM;Oct 16, 2023 6:00 PM;59,455.25;59,658.25;203.00;52,991.00
Oct 16, 2023 6:00 PM;Oct 16, 2023 7:00 PM;61,381.50;61,470.00;88.50;57,794.75
Oct 16, 2023 7:00 PM;Oct 16, 2023 8:00 PM;62,004.75;62,052.00;47.25;57,959.25
Oct 16, 2023 8:00 PM;Oct 16, 2023 9:00 PM;58,502.00;58,775.25;273.25;54,171.50
Oct 16, 2023 9:00 PM;Oct 16, 2023 10:00 PM;54,830.25;55,099.25;269.00;50,422.50
Oct 16, 2023 10:00 PM;Oct 16, 2023 11:00 PM;51,283.00;51,553.50;270.50;47,014.50
Oct 16, 2023 11:00 PM;Oct 17, 2023 12:00 AM;47,937.00;49,234.25;1,297.25;43,757.75
Oct 17, 2023 12:00 AM;Oct 17, 2023 1:00 AM;46,058.25;47,887.00;1,828.75;42,034.25
Oct 17, 2023 1:00 AM;Oct 17, 2023 2:00 AM;43,913.00;47,553.75;3,640.75;39,627.75
Oct 17, 2023 2:00 AM;Oct 17, 2023 3:00 AM;43,189.50;46,976.25;3,786.75;38,895.75
Oct 17, 2023 3:00 AM;Oct 17, 2023 4:00 AM;43,786.75;47,499.50;3,712.75;39,372.50
Oct 17, 2023 4:00 AM;Oct 17, 2023 5:00 AM;44,979.25;48,091.25;3,112.00;40,446.50
Oct 17, 2023 5:00 AM;Oct 17, 2023 6:00 AM;48,750.00;50,485.00;1,735.00;43,927.75
Oct 17, 2023 6:00 AM;Oct 17, 2023 7:00 AM;56,373.50;57,134.25;760.75;51,518.75
Oct 17, 2023 7:00 AM;Oct 17, 2023 8:00 AM;62,077.50;62,081.25;3.75;56,994.50
Oct 17, 2023 8:00 AM;Oct 17, 2023 9:00 AM;64,086.25;64,110.25;24.00;56,681.00
Oct 17, 2023 9:00 AM;Oct 17, 2023 10:00 AM;64,006.25;64,181.50;175.25;52,172.00
Oct 17, 2023 10:00 AM;Oct 17, 2023 11:00 AM;64,488.75;64,679.00;190.25;48,177.75
Oct 17, 2023 11:00 AM;Oct 17, 2023 12:00 PM;64,664.00;64,887.50;223.50;44,634.75
Oct 17, 2023 12:00 PM;Oct 17, 2023 1:00 PM;63,211.25;63,445.00;233.75;40,377.00
Oct 17, 2023 1:00 PM;Oct 17, 2023 2:00 PM;61,618.50;62,419.25;800.75;38,905.75
Oct 17, 2023 2:00 PM;Oct 17, 2023 3:00 PM;59,863.00;60,810.50;947.50;38,647.00
Oct 17, 2023 3:00 PM;Oct 17, 2023 4:00 PM;59,101.00;59,674.25;573.25;40,642.25
Oct 17, 2023 4:00 PM;Oct 17, 2023 5:00 PM;59,036.50;59,390.50;354.00;45,559.00
Oct 17, 2023 5:00 PM;Oct 17, 2023 6:00 PM;60,423.50;60,505.00;81.50;53,337.00
Oct 17, 2023 6:00 PM;Oct 17, 2023 7:00 PM;63,017.50;63,026.00;8.50;57,299.50
Oct 17, 2023 7:00 PM;Oct 17, 2023 8:00 PM;63,918.25;64,018.50;100.25;55,757.75
Oct 17, 2023 8:00 PM;Oct 17, 2023 9:00 PM;60,883.00;61,313.00;430.00;50,976.50
Oct 17, 2023 9:00 PM;Oct 17, 2023 10:00 PM;56,969.00;57,618.25;649.25;45,933.25
Oct 17, 2023 10:00 PM;Oct 17, 2023 11:00 PM;53,414.25;54,039.75;625.50;42,080.25
Oct 17, 2023 11:00 PM;Oct 18, 2023 12:00 AM;49,314.50;49,837.50;523.00;37,735.75
Oct 18, 2023 12:00 AM;Oct 18, 2023 1:00 AM;46,564.75;47,692.00;1,127.25;34,728.00
Oct 18, 2023 1:00 AM;Oct 18, 2023 2:00 AM;44,993.75;47,102.50;2,108.75;33,389.00
Oct 18, 2023 2:00 AM;Oct 18, 2023 3:00 AM;44,140.00;47,197.25;3,057.25;32,533.75
Oct 18, 2023 3:00 AM;Oct 18, 2023 4:00 AM;44,482.50;47,167.25;2,684.75;32,783.50
Oct 18, 2023 4:00 AM;Oct 18, 2023 5:00 AM;45,616.25;47,689.00;2,072.75;33,517.50
Oct 18, 2023 5:00 AM;Oct 18, 2023 6:00 AM;49,080.75;50,051.75;971.00;36,481.25
Oct 18, 2023 6:00 AM;Oct 18, 2023 7:00 AM;56,720.25;56,814.00;93.75;43,010.75
Oct 18, 2023 7:00 AM;Oct 18, 2023 8:00 AM;62,250.50;62,255.00;4.50;47,231.00
Oct 18, 2023 8:00 AM;Oct 18, 2023 9:00 AM;64,881.00;64,973.75;92.75;46,039.00
Oct 18, 2023 9:00 AM;Oct 18, 2023 10:00 AM;65,208.00;65,382.50;174.50;40,232.50
Oct 18, 2023 10:00 AM;Oct 18, 2023 11:00 AM;64,909.00;65,178.75;269.75;34,905.25
Oct 18, 2023 11:00 AM;Oct 18, 2023 12:00 PM;65,265.25;66,217.00;951.75;31,036.50
Oct 18, 2023 12:00 PM;Oct 18, 2023 1:00 PM;64,293.75;67,031.50;2,737.75;27,051.00
Oct 18, 2023 1:00 PM;Oct 18, 2023 2:00 PM;62,945.00;65,871.25;2,926.25;26,062.25
Oct 18, 2023 2:00 PM;Oct 18, 2023 3:00 PM;61,127.25;63,182.75;2,055.50;26,265.75
Oct 18, 2023 3:00 PM;Oct 18, 2023 4:00 PM;60,202.75;61,098.75;896.00;28,074.25
Oct 18, 2023 4:00 PM;Oct 18, 2023 5:00 PM;60,676.50;61,247.00;570.50;32,003.50
Oct 18, 2023 5:00 PM;Oct 18, 2023 6:00 PM;61,675.25;61,810.00;134.75;35,102.50
Oct 18, 2023 6:00 PM;Oct 18, 2023 7:00 PM;64,529.75;64,576.75;47.00;35,749.75
Oct 18, 2023 7:00 PM;Oct 18, 2023 8:00 PM;64,755.50;64,876.50;121.00;33,129.25
Oct 18, 2023 8:00 PM;Oct 18, 2023 9:00 PM;61,556.25;61,945.75;389.50;29,664.75
Oct 18, 2023 9:00 PM;Oct 18, 2023 10:00 PM;58,010.25;58,945.75;935.50;25,702.25
Oct 18, 2023 10:00 PM;Oct 18, 2023 11:00 PM;54,616.50;57,010.75;2,394.25;22,767.25
Oct 18, 2023 11:00 PM;Oct 19, 2023 12:00 AM;51,528.75;54,941.50;3,412.75;20,433.00
Oct 19, 2023 12:00 AM;Oct 19, 2023 1:00 AM;48,267.00;52,508.50;4,241.50;18,083.50
Oct 19, 2023 1:00 AM;Oct 19, 2023 2:00 AM;46,652.50;51,500.75;4,848.25;16,009.50
Oct 19, 2023 2:00 AM;Oct 19, 2023 3:00 AM;45,284.75;50,200.50;4,915.75;15,503.75
Oct 19, 2023 3:00 AM;Oct 19, 2023 4:00 AM;45,491.00;50,246.25;4,755.25;16,608.50
Oct 19, 2023 4:00 AM;Oct 19, 2023 5:00 AM;46,521.75;51,128.00;4,606.25;18,200.50
Oct 19, 2023 5:00 AM;Oct 19, 2023 6:00 AM;49,870.00;53,676.50;3,806.50;22,960.75
Oct 19, 2023 6:00 AM;Oct 19, 2023 7:00 AM;56,219.75;57,783.75;1,564.00;29,526.75
Oct 19, 2023 7:00 AM;Oct 19, 2023 8:00 AM;62,028.00;62,040.75;12.75;35,854.00
Oct 19, 2023 8:00 AM;Oct 19, 2023 9:00 AM;65,229.25;65,234.00;4.75;38,779.25
Oct 19, 2023 9:00 AM;Oct 19, 2023 10:00 AM;66,416.25;66,523.25;107.00;38,667.00
Oct 19, 2023 10:00 AM;Oct 19, 2023 11:00 AM;66,826.75;66,888.50;61.75;38,638.50
Oct 19, 2023 11:00 AM;Oct 19, 2023 12:00 PM;67,289.50;67,296.50;7.00;39,024.50
Oct 19, 2023 12:00 PM;Oct 19, 2023 1:00 PM;66,495.00;66,522.25;27.25;38,598.00
Oct 19, 2023 1:00 PM;Oct 19, 2023 2:00 PM;65,874.50;66,289.50;415.00;37,561.50
Oct 19, 2023 2:00 PM;Oct 19, 2023 3:00 PM;64,771.75;65,614.25;842.50;37,266.00
Oct 19, 2023 3:00 PM;Oct 19, 2023 4:00 PM;63,775.00;63,945.75;170.75;38,753.50
Oct 19, 2023 4:00 PM;Oct 19, 2023 5:00 PM;63,355.50;63,534.00;178.50;40,022.50
Oct 19, 2023 5:00 PM;Oct 19, 2023 6:00 PM;63,806.25;63,873.75;67.50;41,862.00
Oct 19, 2023 6:00 PM;Oct 19, 2023 7:00 PM;65,657.50;65,662.25;4.75;43,915.00
Oct 19, 2023 7:00 PM;Oct 19, 2023 8:00 PM;64,964.50;64,965.75;1.25;42,331.00
Oct 19, 2023 8:00 PM;Oct 19, 2023 9:00 PM;60,951.25;61,423.50;472.25;37,762.75
Oct 19, 2023 9:00 PM;Oct 19, 2023 10:00 PM;56,589.75;57,516.25;926.50;32,122.75
Oct 19, 2023 10:00 PM;Oct 19, 2023 11:00 PM;52,713.00;53,627.75;914.75;28,379.00
Oct 19, 2023 11:00 PM;Oct 20, 2023 12:00 AM;48,336.00;49,301.50;965.50;24,238.25
Oct 20, 2023 12:00 AM;Oct 20, 2023 1:00 AM;46,006.00;48,094.50;2,088.50;21,178.75
Oct 20, 2023 1:00 AM;Oct 20, 2023 2:00 AM;44,973.25;48,892.25;3,919.00;21,038.25
Oct 20, 2023 2:00 AM;Oct 20, 2023 3:00 AM;43,745.50;47,996.00;4,250.50;18,817.50
Oct 20, 2023 3:00 AM;Oct 20, 2023 4:00 AM;43,784.00;48,714.75;4,930.75;18,001.25
Oct 20, 2023 4:00 AM;Oct 20, 2023 5:00 AM;45,732.00;50,625.50;4,893.50;18,937.25
Oct 20, 2023 5:00 AM;Oct 20, 2023 6:00 AM;49,375.00;53,836.25;4,461.25;21,548.25
Oct 20, 2023 6:00 AM;Oct 20, 2023 7:00 AM;56,436.25;58,807.25;2,371.00;25,767.75
Oct 20, 2023 7:00 AM;Oct 20, 2023 8:00 AM;62,280.25;62,497.75;217.50;28,816.25
Oct 20, 2023 8:00 AM;Oct 20, 2023 9:00 AM;65,139.75;65,293.75;154.00;29,363.75
Oct 20, 2023 9:00 AM;Oct 20, 2023 10:00 AM;66,634.75;66,650.50;15.75;29,539.00
Oct 20, 2023 10:00 AM;Oct 20, 2023 11:00 AM;67,566.00;67,585.25;19.25;28,644.00
Oct 20, 2023 11:00 AM;Oct 20, 2023 12:00 PM;68,280.00;69,018.00;738.00;28,236.00
Oct 20, 2023 12:00 PM;Oct 20, 2023 1:00 PM;66,690.50;67,151.75;461.25;25,814.50
Oct 20, 2023 1:00 PM;Oct 20, 2023 2:00 PM;65,041.00;66,780.75;1,739.75;23,400.25
Oct 20, 2023 2:00 PM;Oct 20, 2023 3:00 PM;62,581.00;65,080.25;2,499.25;20,635.75
Oct 20, 2023 3:00 PM;Oct 20, 2023 4:00 PM;60,962.50;63,220.75;2,258.25;19,470.50
Oct 20, 2023 4:00 PM;Oct 20, 2023 5:00 PM;60,224.50;61,557.50;1,333.00;21,598.75
Oct 20, 2023 5:00 PM;Oct 20, 2023 6:00 PM;62,095.50;62,156.75;61.25;28,207.50
Oct 20, 2023 6:00 PM;Oct 20, 2023 7:00 PM;63,620.75;63,621.75;1.00;32,376.75
Oct 20, 2023 7:00 PM;Oct 20, 2023 8:00 PM;62,557.25;62,558.75;1.50;33,126.25
Oct 20, 2023 8:00 PM;Oct 20, 2023 9:00 PM;57,842.00;57,947.75;105.75;29,866.00
Oct 20, 2023 9:00 PM;Oct 20, 2023 10:00 PM;53,578.00;53,842.00;264.00;26,944.75
Oct 20, 2023 10:00 PM;Oct 20, 2023 11:00 PM;50,009.75;50,531.75;522.00;24,804.75
Oct 20, 2023 11:00 PM;Oct 21, 2023 12:00 AM;46,491.75;47,578.00;1,086.25;20,723.75
Oct 21, 2023 12:00 AM;Oct 21, 2023 1:00 AM;44,320.75;46,425.50;2,104.75;18,644.25
Oct 21, 2023 1:00 AM;Oct 21, 2023 2:00 AM;42,820.75;46,908.25;4,087.50;17,347.25
Oct 21, 2023 2:00 AM;Oct 21, 2023 3:00 AM;41,998.25;46,012.75;4,014.50;16,972.00
Oct 21, 2023 3:00 AM;Oct 21, 2023 4:00 AM;41,636.00;46,157.25;4,521.25;17,022.75
Oct 21, 2023 4:00 AM;Oct 21, 2023 5:00 AM;41,814.50;46,712.50;4,898.00;17,836.50
Oct 21, 2023 5:00 AM;Oct 21, 2023 6:00 AM;42,887.75;47,835.25;4,947.50;19,431.00
Oct 21, 2023 6:00 AM;Oct 21, 2023 7:00 AM;44,192.25;47,426.25;3,234.00;20,432.25
Oct 21, 2023 7:00 AM;Oct 21, 2023 8:00 AM;46,012.25;47,340.25;1,328.00;22,250.75
Oct 21, 2023 8:00 AM;Oct 21, 2023 9:00 AM;48,447.25;49,036.50;589.25;22,699.50
Oct 21, 2023 9:00 AM;Oct 21, 2023 10:00 AM;51,011.50;51,870.00;858.50;21,432.25
Oct 21, 2023 10:00 AM;Oct 21, 2023 11:00 AM;52,939.00;55,680.00;2,741.00;17,836.75
Oct 21, 2023 11:00 AM;Oct 21, 2023 12:00 PM;54,116.50;58,779.75;4,663.25;16,139.75
Oct 21, 2023 12:00 PM;Oct 21, 2023 1:00 PM;53,481.25;57,868.25;4,387.00;13,311.75
Oct 21, 2023 1:00 PM;Oct 21, 2023 2:00 PM;51,935.50;56,574.25;4,638.75;11,581.50
Oct 21, 2023 2:00 PM;Oct 21, 2023 3:00 PM;50,119.25;54,824.00;4,704.75;12,873.00
Oct 21, 2023 3:00 PM;Oct 21, 2023 4:00 PM;48,380.50;52,126.25;3,745.75;16,829.75
Oct 21, 2023 4:00 PM;Oct 21, 2023 5:00 PM;47,899.50;49,212.25;1,312.75;23,318.00
Oct 21, 2023 5:00 PM;Oct 21, 2023 6:00 PM;49,083.50;49,271.25;187.75;31,591.25
Oct 21, 2023 6:00 PM;Oct 21, 2023 7:00 PM;52,070.50;52,076.25;5.75;34,792.25
Oct 21, 2023 7:00 PM;Oct 21, 2023 8:00 PM;52,050.50;52,076.50;26.00;31,883.50
Oct 21, 2023 8:00 PM;Oct 21, 2023 9:00 PM;48,675.75;48,861.50;185.75;26,443.75
Oct 21, 2023 9:00 PM;Oct 21, 2023 10:00 PM;46,266.75;46,561.75;295.00;23,462.75
Oct 21, 2023 10:00 PM;Oct 21, 2023 11:00 PM;44,215.25;44,354.50;139.25;20,924.50
Oct 21, 2023 11:00 PM;Oct 22, 2023 12:00 AM;41,310.50;41,909.25;598.75;17,219.25
Oct 22, 2023 12:00 AM;Oct 22, 2023 1:00 AM;39,079.25;39,950.50;871.25;13,099.00
Oct 22, 2023 1:00 AM;Oct 22, 2023 2:00 AM;37,096.00;38,676.25;1,580.25;10,309.50
Oct 22, 2023 2:00 AM;Oct 22, 2023 3:00 AM;36,981.25;41,217.25;4,236.00;9,591.00
Oct 22, 2023 3:00 AM;Oct 22, 2023 4:00 AM;36,914.50;41,740.25;4,825.75;9,599.50
Oct 22, 2023 4:00 AM;Oct 22, 2023 5:00 AM;37,179.50;41,823.25;4,643.75;9,314.00
Oct 22, 2023 5:00 AM;Oct 22, 2023 6:00 AM;37,433.75;42,049.50;4,615.75;9,314.25
Oct 22, 2023 6:00 AM;Oct 22, 2023 7:00 AM;38,202.25;41,645.00;3,442.75;9,830.75
Oct 22, 2023 7:00 AM;Oct 22, 2023 8:00 AM;40,182.75;42,716.00;2,533.25;11,475.75
Oct 22, 2023 8:00 AM;Oct 22, 2023 9:00 AM;43,296.75;44,108.75;812.00;14,346.75
Oct 22, 2023 9:00 AM;Oct 22, 2023 10:00 AM;46,234.50;47,160.00;925.50;13,063.00
Oct 22, 2023 10:00 AM;Oct 22, 2023 11:00 AM;48,577.50;51,282.00;2,704.50;9,987.50
Oct 22, 2023 11:00 AM;Oct 22, 2023 12:00 PM;50,641.25;53,896.00;3,254.75;9,021.00
Oct 22, 2023 12:00 PM;Oct 22, 2023 1:00 PM;50,956.50;55,780.50;4,824.00;7,618.75
Oct 22, 2023 1:00 PM;Oct 22, 2023 2:00 PM;48,802.50;54,034.00;5,231.50;7,008.75
Oct 22, 2023 2:00 PM;Oct 22, 2023 3:00 PM;47,135.25;51,828.25;4,693.00;8,438.25
Oct 22, 2023 3:00 PM;Oct 22, 2023 4:00 PM;46,052.00;49,109.25;3,057.25;14,459.00
Oct 22, 2023 4:00 PM;Oct 22, 2023 5:00 PM;46,357.25;47,706.50;1,349.25;22,709.00
Oct 22, 2023 5:00 PM;Oct 22, 2023 6:00 PM;48,405.25;48,971.50;566.25;32,139.25
Oct 22, 2023 6:00 PM;Oct 22, 2023 7:00 PM;52,292.00;52,445.25;153.25;37,735.50
Oct 22, 2023 7:00 PM;Oct 22, 2023 8:00 PM;52,282.50;52,426.50;144.00;37,416.25
Oct 22, 2023 8:00 PM;Oct 22, 2023 9:00 PM;49,442.00;49,452.25;10.25;34,938.50
Oct 22, 2023 9:00 PM;Oct 22, 2023 10:00 PM;47,706.50;47,741.75;35.25;33,584.00
Oct 22, 2023 10:00 PM;Oct 22, 2023 11:00 PM;46,856.00;47,009.25;153.25;33,032.75
Oct 22, 2023 11:00 PM;Oct 23, 2023 12:00 AM;44,605.25;46,498.00;1,892.75;31,426.00
Oct 23, 2023 12:00 AM;Oct 23, 2023 1:00 AM;43,040.25;44,424.50;1,384.25;30,627.25
Oct 23, 2023 1:00 AM;Oct 23, 2023 2:00 AM;41,690.25;45,117.25;3,427.00;30,277.25
Oct 23, 2023 2:00 AM;Oct 23, 2023 3:00 AM;40,722.75;44,256.25;3,533.50;30,243.25
Oct 23, 2023 3:00 AM;Oct 23, 2023 4:00 AM;41,278.25;45,107.00;3,828.75;32,073.75
Oct 23, 2023 4:00 AM;Oct 23, 2023 5:00 AM;42,784.00;46,486.50;3,702.50;34,757.75
Oct 23, 2023 5:00 AM;Oct 23, 2023 6:00 AM;46,549.00;47,458.25;909.25;39,553.50
Oct 23, 2023 6:00 AM;Oct 23, 2023 7:00 AM;54,894.00;55,075.00;181.00;49,029.25
Oct 23, 2023 7:00 AM;Oct 23, 2023 8:00 AM;60,412.50;60,413.25;0.75;55,450.25
Oct 23, 2023 8:00 AM;Oct 23, 2023 9:00 AM;62,484.00;62,486.25;2.25;56,037.50
Oct 23, 2023 9:00 AM;Oct 23, 2023 10:00 AM;62,902.00;62,965.00;63.00;50,752.75
Oct 23, 2023 10:00 AM;Oct 23, 2023 11:00 AM;63,496.75;63,596.25;99.50;45,820.00
Oct 23, 2023 11:00 AM;Oct 23, 2023 12:00 PM;64,555.00;64,595.25;40.25;43,831.00
Oct 23, 2023 12:00 PM;Oct 23, 2023 1:00 PM;63,410.50;63,683.75;273.25;42,571.25
Oct 23, 2023 1:00 PM;Oct 23, 2023 2:00 PM;62,054.25;62,278.50;224.25;42,719.25
Oct 23, 2023 2:00 PM;Oct 23, 2023 3:00 PM;61,325.50;62,024.75;699.25;44,268.75
Oct 23, 2023 3:00 PM;Oct 23, 2023 4:00 PM;60,272.75;60,406.50;133.75;47,213.50
Oct 23, 2023 4:00 PM;Oct 23, 2023 5:00 PM;59,638.00;59,694.25;56.25;50,234.25
Oct 23, 2023 5:00 PM;Oct 23, 2023 6:00 PM;61,569.25;61,572.75;3.50;54,670.25
Oct 23, 2023 6:00 PM;Oct 23, 2023 7:00 PM;63,657.25;63,659.25;2.00;55,304.25
Oct 23, 2023 7:00 PM;Oct 23, 2023 8:00 PM;62,388.25;62,422.00;33.75;50,808.25
Oct 23, 2023 8:00 PM;Oct 23, 2023 9:00 PM;59,164.00;59,684.00;520.00;45,153.25
Oct 23, 2023 9:00 PM;Oct 23, 2023 10:00 PM;55,946.50;56,687.25;740.75;40,182.50
Oct 23, 2023 10:00 PM;Oct 23, 2023 11:00 PM;52,345.50;52,894.25;548.75;36,009.50
Oct 23, 2023 11:00 PM;Oct 24, 2023 12:00 AM;48,718.50;51,251.25;2,532.75;31,147.50
Oct 24, 2023 12:00 AM;Oct 24, 2023 1:00 AM;46,036.00;49,358.25;3,322.25;27,586.25
Oct 24, 2023 1:00 AM;Oct 24, 2023 2:00 AM;44,833.25;49,145.25;4,312.00;25,375.75
Oct 24, 2023 2:00 AM;Oct 24, 2023 3:00 AM;43,980.50;48,441.00;4,460.50;24,087.50
Oct 24, 2023 3:00 AM;Oct 24, 2023 4:00 AM;44,713.25;49,091.75;4,378.50;24,347.25
Oct 24, 2023 4:00 AM;Oct 24, 2023 5:00 AM;46,328.50;50,585.00;4,256.50;25,600.75
Oct 24, 2023 5:00 AM;Oct 24, 2023 6:00 AM;49,689.50;52,733.00;3,043.50;29,043.25
Oct 24, 2023 6:00 AM;Oct 24, 2023 7:00 AM;57,345.50;58,395.50;1,050.00;36,863.75
Oct 24, 2023 7:00 AM;Oct 24, 2023 8:00 AM;62,915.50;63,004.75;89.25;43,105.25
Oct 24, 2023 8:00 AM;Oct 24, 2023 9:00 AM;64,924.50;64,940.50;16.00;45,069.25
Oct 24, 2023 9:00 AM;Oct 24, 2023 10:00 AM;66,079.25;66,094.25;15.00;46,251.00
Oct 24, 2023 10:00 AM;Oct 24, 2023 11:00 AM;66,782.50;66,794.75;12.25;48,241.00
Oct 24, 2023 11:00 AM;Oct 24, 2023 12:00 PM;67,105.25;67,111.00;5.75;49,971.50
Oct 24, 2023 12:00 PM;Oct 24, 2023 1:00 PM;65,380.75;65,471.75;91.00;49,042.75
Oct 24, 2023 1:00 PM;Oct 24, 2023 2:00 PM;65,393.00;65,862.75;469.75;50,072.25
Oct 24, 2023 2:00 PM;Oct 24, 2023 3:00 PM;64,595.50;65,131.50;536.00;50,430.25
Oct 24, 2023 3:00 PM;Oct 24, 2023 4:00 PM;62,782.50;63,187.75;405.25;49,393.50
Oct 24, 2023 4:00 PM;Oct 24, 2023 5:00 PM;61,827.75;62,430.00;602.25;49,726.00
Oct 24, 2023 5:00 PM;Oct 24, 2023 6:00 PM;62,169.75;62,251.50;81.75;50,931.25
Oct 24, 2023 6:00 PM;Oct 24, 2023 7:00 PM;63,751.75;63,757.50;5.75;52,918.50
Oct 24, 2023 7:00 PM;Oct 24, 2023 8:00 PM;62,867.50;62,899.50;32.00;50,775.25
Oct 24, 2023 8:00 PM;Oct 24, 2023 9:00 PM;59,594.50;59,978.25;383.75;46,261.50
Oct 24, 2023 9:00 PM;Oct 24, 2023 10:00 PM;56,968.25;57,552.00;583.75;42,744.00
Oct 24, 2023 10:00 PM;Oct 24, 2023 11:00 PM;53,138.00;54,706.75;1,568.75;38,571.75
Oct 24, 2023 11:00 PM;Oct 25, 2023 12:00 AM;49,480.75;53,009.25;3,528.50;34,530.00
Oct 25, 2023 12:00 AM;Oct 25, 2023 1:00 AM;47,116.75;51,154.00;4,037.25;31,425.75
Oct 25, 2023 1:00 AM;Oct 25, 2023 2:00 AM;45,658.50;50,600.25;4,941.75;28,988.25
Oct 25, 2023 2:00 AM;Oct 25, 2023 3:00 AM;45,177.50;50,237.00;5,059.50;28,121.25
Oct 25, 2023 3:00 AM;Oct 25, 2023 4:00 AM;45,733.25;50,507.75;4,774.50;28,626.00
Oct 25, 2023 4:00 AM;Oct 25, 2023 5:00 AM;46,337.50;50,658.25;4,320.75;29,493.75
Oct 25, 2023 5:00 AM;Oct 25, 2023 6:00 AM;49,359.25;52,326.25;2,967.00;33,145.25
Oct 25, 2023 6:00 AM;Oct 25, 2023 7:00 AM;56,114.25;57,070.25;956.00;39,792.25
Oct 25, 2023 7:00 AM;Oct 25, 2023 8:00 AM;61,895.00;62,368.50;473.50;45,619.00
Oct 25, 2023 8:00 AM;Oct 25, 2023 9:00 AM;63,477.25;63,562.25;85.00;46,538.25
Oct 25, 2023 9:00 AM;Oct 25, 2023 10:00 AM;63,544.50;64,106.25;561.75;43,347.00
Oct 25, 2023 10:00 AM;Oct 25, 2023 11:00 AM;64,011.75;64,442.25;430.50;40,533.75
Oct 25, 2023 11:00 AM;Oct 25, 2023 12:00 PM;63,865.00;64,273.25;408.25;37,640.75
Oct 25, 2023 12:00 PM;Oct 25, 2023 1:00 PM;63,666.25;64,336.75;670.50;37,130.50
Oct 25, 2023 1:00 PM;Oct 25, 2023 2:00 PM;62,168.00;62,751.00;583.00;36,940.50
Oct 25, 2023 2:00 PM;Oct 25, 2023 3:00 PM;60,767.50;62,010.75;1,243.25;37,578.50
Oct 25, 2023 3:00 PM;Oct 25, 2023 4:00 PM;61,789.50;62,448.25;658.75;41,851.50
Oct 25, 2023 4:00 PM;Oct 25, 2023 5:00 PM;61,491.00;61,793.25;302.25;45,300.25
Oct 25, 2023 5:00 PM;Oct 25, 2023 6:00 PM;62,890.75;62,983.50;92.75;48,699.25
Oct 25, 2023 6:00 PM;Oct 25, 2023 7:00 PM;64,943.00;64,949.50;6.50;49,490.75
Oct 25, 2023 7:00 PM;Oct 25, 2023 8:00 PM;64,030.25;64,094.75;64.50;46,854.25
Oct 25, 2023 8:00 PM;Oct 25, 2023 9:00 PM;60,754.25;61,308.75;554.50;41,934.00
Oct 25, 2023 9:00 PM;Oct 25, 2023 10:00 PM;56,989.00;58,418.75;1,429.75;37,376.00
Oct 25, 2023 10:00 PM;Oct 25, 2023 11:00 PM;53,960.75;55,701.50;1,740.75;34,075.00
Oct 25, 2023 11:00 PM;Oct 26, 2023 12:00 AM;50,320.00;53,086.50;2,766.50;30,293.00
Oct 26, 2023 12:00 AM;Oct 26, 2023 1:00 AM;47,541.50;51,655.00;4,113.50;27,400.00
Oct 26, 2023 1:00 AM;Oct 26, 2023 2:00 AM;45,489.50;50,185.50;4,696.00;25,406.25
Oct 26, 2023 2:00 AM;Oct 26, 2023 3:00 AM;44,403.00;49,400.75;4,997.75;24,645.50
Oct 26, 2023 3:00 AM;Oct 26, 2023 4:00 AM;44,628.50;49,616.50;4,988.00;25,938.50
Oct 26, 2023 4:00 AM;Oct 26, 2023 5:00 AM;45,915.50;50,287.75;4,372.25;28,697.50
Oct 26, 2023 5:00 AM;Oct 26, 2023 6:00 AM;49,440.50;52,557.75;3,117.25;33,712.75
Oct 26, 2023 6:00 AM;Oct 26, 2023 7:00 AM;56,816.75;57,125.75;309.00;42,720.75
Oct 26, 2023 7:00 AM;Oct 26, 2023 8:00 AM;62,979.50;63,193.25;213.75;50,290.75
Oct 26, 2023 8:00 AM;Oct 26, 2023 9:00 AM;65,169.00;65,181.00;12.00;52,854.50
Oct 26, 2023 9:00 AM;Oct 26, 2023 10:00 AM;65,618.25;65,682.75;64.50;52,467.00
Oct 26, 2023 10:00 AM;Oct 26, 2023 11:00 AM;66,356.25;66,367.50;11.25;52,101.00
Oct 26, 2023 11:00 AM;Oct 26, 2023 12:00 PM;67,265.25;67,274.00;8.75;51,901.50
Oct 26, 2023 12:00 PM;Oct 26, 2023 1:00 PM;66,627.25;66,763.75;136.50;50,809.00
Oct 26, 2023 1:00 PM;Oct 26, 2023 2:00 PM;65,729.00;66,047.75;318.75;50,027.25
Oct 26, 2023 2:00 PM;Oct 26, 2023 3:00 PM;64,061.75;64,239.75;178.00;49,003.25
Oct 26, 2023 3:00 PM;Oct 26, 2023 4:00 PM;62,319.00;62,412.00;93.00;49,093.75
Oct 26, 2023 4:00 PM;Oct 26, 2023 5:00 PM;61,955.00;62,048.75;93.75;51,003.75
Oct 26, 2023 5:00 PM;Oct 26, 2023 6:00 PM;62,370.00;62,377.25;7.25;52,799.75
Oct 26, 2023 6:00 PM;Oct 26, 2023 7:00 PM;64,375.25;64,378.25;3.00;54,627.25
Oct 26, 2023 7:00 PM;Oct 26, 2023 8:00 PM;63,922.75;63,925.50;2.75;53,563.00
Oct 26, 2023 8:00 PM;Oct 26, 2023 9:00 PM;60,883.75;60,915.25;31.50;50,599.75
Oct 26, 2023 9:00 PM;Oct 26, 2023 10:00 PM;57,608.25;57,761.00;152.75;47,544.75
Oct 26, 2023 10:00 PM;Oct 26, 2023 11:00 PM;53,603.75;53,895.50;291.75;44,172.50
Oct 26, 2023 11:00 PM;Oct 27, 2023 12:00 AM;50,066.50;51,199.50;1,133.00;41,155.25
Oct 27, 2023 12:00 AM;Oct 27, 2023 1:00 AM;47,174.25;48,646.00;1,471.75;38,642.25
Oct 27, 2023 1:00 AM;Oct 27, 2023 2:00 AM;45,622.50;48,725.00;3,102.50;37,304.00
Oct 27, 2023 2:00 AM;Oct 27, 2023 3:00 AM;44,511.50;48,422.25;3,910.75;36,048.00
Oct 27, 2023 3:00 AM;Oct 27, 2023 4:00 AM;44,736.50;49,416.25;4,679.75;35,869.25
Oct 27, 2023 4:00 AM;Oct 27, 2023 5:00 AM;46,239.75;49,782.75;3,543.00;37,150.50
Oct 27, 2023 5:00 AM;Oct 27, 2023 6:00 AM;49,504.50;52,389.50;2,885.00;40,255.25
Oct 27, 2023 6:00 AM;Oct 27, 2023 7:00 AM;56,617.75;57,086.50;468.75;47,696.75
Oct 27, 2023 7:00 AM;Oct 27, 2023 8:00 AM;61,996.00;62,025.50;29.50;52,807.75
Oct 27, 2023 8:00 AM;Oct 27, 2023 9:00 AM;64,448.75;64,449.00;0.25;54,027.75
Oct 27, 2023 9:00 AM;Oct 27, 2023 10:00 AM;65,369.00;65,370.75;1.75;52,118.75
Oct 27, 2023 10:00 AM;Oct 27, 2023 11:00 AM;66,201.25;66,235.25;34.00;49,546.50
Oct 27, 2023 11:00 AM;Oct 27, 2023 12:00 PM;66,132.25;66,159.25;27.00;46,060.50
Oct 27, 2023 12:00 PM;Oct 27, 2023 1:00 PM;65,036.75;65,237.00;200.25;43,031.00
Oct 27, 2023 1:00 PM;Oct 27, 2023 2:00 PM;63,231.50;64,232.25;1,000.75;40,587.50
Oct 27, 2023 2:00 PM;Oct 27, 2023 3:00 PM;60,882.75;62,147.00;1,264.25;39,231.50
Oct 27, 2023 3:00 PM;Oct 27, 2023 4:00 PM;59,664.50;60,386.25;721.75;39,692.00
Oct 27, 2023 4:00 PM;Oct 27, 2023 5:00 PM;59,388.50;60,569.00;1,180.50;41,971.75
Oct 27, 2023 5:00 PM;Oct 27, 2023 6:00 PM;60,774.75;61,060.50;285.75;46,099.00
Oct 27, 2023 6:00 PM;Oct 27, 2023 7:00 PM;62,597.50;62,670.00;72.50;48,318.50
Oct 27, 2023 7:00 PM;Oct 27, 2023 8:00 PM;61,531.75;61,800.25;268.50;46,646.75
Oct 27, 2023 8:00 PM;Oct 27, 2023 9:00 PM;58,095.00;58,620.75;525.75;42,473.25
Oct 27, 2023 9:00 PM;Oct 27, 2023 10:00 PM;53,923.25;54,451.50;528.25;37,982.25
Oct 27, 2023 10:00 PM;Oct 27, 2023 11:00 PM;50,864.00;51,109.75;245.75;35,095.75
Oct 27, 2023 11:00 PM;Oct 28, 2023 12:00 AM;46,973.50;47,214.25;240.75;31,113.00
Oct 28, 2023 12:00 AM;Oct 28, 2023 1:00 AM;43,393.25;44,284.75;891.50;27,293.50
Oct 28, 2023 1:00 AM;Oct 28, 2023 2:00 AM;41,455.50;42,744.75;1,289.25;24,855.00
Oct 28, 2023 2:00 AM;Oct 28, 2023 3:00 AM;39,783.25;42,189.25;2,406.00;23,338.25
Oct 28, 2023 3:00 AM;Oct 28, 2023 4:00 AM;40,137.50;43,429.25;3,291.75;22,872.50
Oct 28, 2023 4:00 AM;Oct 28, 2023 5:00 AM;40,698.75;44,967.00;4,268.25;23,750.50
Oct 28, 2023 5:00 AM;Oct 28, 2023 6:00 AM;41,411.00;44,273.50;2,862.50;24,363.75
Oct 28, 2023 6:00 AM;Oct 28, 2023 7:00 AM;43,409.00;44,624.50;1,215.50;26,787.25
Oct 28, 2023 7:00 AM;Oct 28, 2023 8:00 AM;45,823.50;46,098.00;274.50;30,051.25
Oct 28, 2023 8:00 AM;Oct 28, 2023 9:00 AM;48,720.00;48,825.50;105.50;32,311.00
Oct 28, 2023 9:00 AM;Oct 28, 2023 10:00 AM;51,332.50;51,655.00;322.50;31,000.50
Oct 28, 2023 10:00 AM;Oct 28, 2023 11:00 AM;52,659.75;53,606.75;947.00;27,654.75
Oct 28, 2023 11:00 AM;Oct 28, 2023 12:00 PM;53,850.50;56,335.75;2,485.25;25,136.50
Oct 28, 2023 12:00 PM;Oct 28, 2023 1:00 PM;54,079.00;57,944.25;3,865.25;23,441.75
Oct 28, 2023 1:00 PM;Oct 28, 2023 2:00 PM;52,584.25;56,949.00;4,364.75;23,771.50
Oct 28, 2023 2:00 PM;Oct 28, 2023 3:00 PM;51,136.50;55,255.00;4,118.50;24,736.50
Oct 28, 2023 3:00 PM;Oct 28, 2023 4:00 PM;50,169.25;51,802.25;1,633.00;28,179.00
Oct 28, 2023 4:00 PM;Oct 28, 2023 5:00 PM;49,900.25;49,936.75;36.50;31,816.25
Oct 28, 2023 5:00 PM;Oct 28, 2023 6:00 PM;51,550.75;51,552.75;2.00;35,432.75
Oct 28, 2023 6:00 PM;Oct 28, 2023 7:00 PM;53,607.25;53,608.50;1.25;36,535.00
Oct 28, 2023 7:00 PM;Oct 28, 2023 8:00 PM;52,775.00;52,953.75;178.75;33,737.25
Oct 28, 2023 8:00 PM;Oct 28, 2023 9:00 PM;49,914.50;50,569.75;655.25;28,817.75
Oct 28, 2023 9:00 PM;Oct 28, 2023 10:00 PM;47,808.00;48,722.25;914.25;24,475.00
Oct 28, 2023 10:00 PM;Oct 28, 2023 11:00 PM;45,777.25;47,264.75;1,487.50;21,284.25
Oct 28, 2023 11:00 PM;Oct 29, 2023 12:00 AM;42,701.75;44,528.25;1,826.50;17,966.50
Oct 29, 2023 12:00 AM;Oct 29, 2023 1:00 AM;40,445.50;41,617.25;1,171.75;14,742.25
Oct 29, 2023 1:00 AM;Oct 29, 2023 2:00 AM;38,378.25;40,614.50;2,236.25;10,988.75
Oct 29, 2023 2:00 AM;Oct 29, 2023 3:00 AM;37,379.25;40,578.25;3,199.00;8,666.25
Oct 29, 2023 2:00 AM;Oct 29, 2023 3:00 AM;37,440.50;41,114.75;3,674.25;8,899.50
Oct 29, 2023 3:00 AM;Oct 29, 2023 4:00 AM;37,403.00;41,181.50;3,778.50;9,124.25
Oct 29, 2023 4:00 AM;Oct 29, 2023 5:00 AM;38,141.75;42,441.00;4,299.25;7,444.25
Oct 29, 2023 5:00 AM;Oct 29, 2023 6:00 AM;39,123.75;43,542.25;4,418.50;7,078.50
Oct 29, 2023 6:00 AM;Oct 29, 2023 7:00 AM;41,179.50;45,475.00;4,295.50;7,727.25
Oct 29, 2023 7:00 AM;Oct 29, 2023 8:00 AM;44,225.75;48,365.00;4,139.25;6,800.50
Oct 29, 2023 8:00 AM;Oct 29, 2023 9:00 AM;47,983.00;52,096.75;4,113.75;5,271.75
Oct 29, 2023 9:00 AM;Oct 29, 2023 10:00 AM;50,366.75;54,817.50;4,450.75;4,541.75
Oct 29, 2023 10:00 AM;Oct 29, 2023 11:00 AM;51,955.00;56,052.75;4,097.75;5,761.75
Oct 29, 2023 11:00 AM;Oct 29, 2023 12:00 PM;53,538.75;56,949.50;3,410.75;6,371.50
Oct 29, 2023 12:00 PM;Oct 29, 2023 1:00 PM;53,449.50;56,641.75;3,192.25;7,807.75
Oct 29, 2023 1:00 PM;Oct 29, 2023 2:00 PM;51,537.75;54,574.75;3,037.00;7,356.50
Oct 29, 2023 2:00 PM;Oct 29, 2023 3:00 PM;49,695.75;52,833.00;3,137.25;9,353.25
Oct 29, 2023 3:00 PM;Oct 29, 2023 4:00 PM;49,173.25;51,180.75;2,007.50;14,111.00
Oct 29, 2023 4:00 PM;Oct 29, 2023 5:00 PM;49,631.25;50,245.75;614.50;16,596.00
Oct 29, 2023 5:00 PM;Oct 29, 2023 6:00 PM;52,949.50;53,238.75;289.25;19,113.75
Oct 29, 2023 6:00 PM;Oct 29, 2023 7:00 PM;54,130.25;54,592.00;461.75;17,916.75
Oct 29, 2023 7:00 PM;Oct 29, 2023 8:00 PM;52,785.25;53,553.00;767.75;14,553.75
Oct 29, 2023 8:00 PM;Oct 29, 2023 9:00 PM;50,604.50;51,279.25;674.75;11,638.00
Oct 29, 2023 9:00 PM;Oct 29, 2023 10:00 PM;48,718.50;49,483.50;765.00;10,065.00
Oct 29, 2023 10:00 PM;Oct 29, 2023 11:00 PM;47,338.25;48,260.50;922.25;9,355.00
Oct 29, 2023 11:00 PM;Oct 30, 2023 12:00 AM;44,951.75;46,986.75;2,035.00;7,061.25
Oct 30, 2023 12:00 AM;Oct 30, 2023 1:00 AM;43,178.25;46,518.25;3,340.00;5,996.75
Oct 30, 2023 1:00 AM;Oct 30, 2023 2:00 AM;42,094.00;46,403.25;4,309.25;5,608.25
Oct 30, 2023 2:00 AM;Oct 30, 2023 3:00 AM;40,719.25;44,941.50;4,222.25;6,796.75
Oct 30, 2023 3:00 AM;Oct 30, 2023 4:00 AM;41,360.75;45,578.25;4,217.50;8,456.75
Oct 30, 2023 4:00 AM;Oct 30, 2023 5:00 AM;42,513.50;46,072.00;3,558.50;10,859.75
Oct 30, 2023 5:00 AM;Oct 30, 2023 6:00 AM;45,966.75;48,370.50;2,403.75;15,771.50
Oct 30, 2023 6:00 AM;Oct 30, 2023 7:00 AM;53,250.50;54,455.25;1,204.75;23,934.00
Oct 30, 2023 7:00 AM;Oct 30, 2023 8:00 AM;58,165.00;58,447.25;282.25;29,211.00
Oct 30, 2023 8:00 AM;Oct 30, 2023 9:00 AM;61,217.00;61,575.50;358.50;30,059.75
Oct 30, 2023 9:00 AM;Oct 30, 2023 10:00 AM;61,353.50;62,291.75;938.25;26,033.00
Oct 30, 2023 10:00 AM;Oct 30, 2023 11:00 AM;61,931.25;63,471.25;1,540.00;25,594.00
Oct 30, 2023 11:00 AM;Oct 30, 2023 12:00 PM;63,035.00;63,788.00;753.00;28,518.00
Oct 30, 2023 12:00 PM;Oct 30, 2023 1:00 PM;61,877.25;61,978.75;101.50;30,418.50
Oct 30, 2023 1:00 PM;Oct 30, 2023 2:00 PM;61,269.50;61,582.00;312.50;35,297.50
Oct 30, 2023 2:00 PM;Oct 30, 2023 3:00 PM;59,807.50;59,812.50;5.00;41,108.25
Oct 30, 2023 3:00 PM;Oct 30, 2023 4:00 PM;59,208.75;59,266.00;57.25;45,695.50
Oct 30, 2023 4:00 PM;Oct 30, 2023 5:00 PM;59,336.25;59,339.25;3.00;47,414.75
Oct 30, 2023 5:00 PM;Oct 30, 2023 6:00 PM;61,949.50;61,954.25;4.75;49,421.00
Oct 30, 2023 6:00 PM;Oct 30, 2023 7:00 PM;62,352.50;62,353.50;1.00;48,676.00
Oct 30, 2023 7:00 PM;Oct 30, 2023 8:00 PM;60,770.00;60,806.25;36.25;47,160.25
Oct 30, 2023 8:00 PM;Oct 30, 2023 9:00 PM;57,218.75;57,238.75;20.00;44,416.75
Oct 30, 2023 9:00 PM;Oct 30, 2023 10:00 PM;53,557.25;53,600.75;43.50;42,338.75
Oct 30, 2023 10:00 PM;Oct 30, 2023 11:00 PM;49,935.25;49,952.00;16.75;39,575.00
Oct 30, 2023 11:00 PM;Oct 31, 2023 12:00 AM;45,540.00;45,851.25;311.25;35,107.75
Oct 31, 2023 12:00 AM;Oct 31, 2023 1:00 AM;43,600.00;45,632.00;2,032.00;32,461.00
Oct 31, 2023 1:00 AM;Oct 31, 2023 2:00 AM;41,776.00;45,048.00;3,272.00;29,280.50
Oct 31, 2023 2:00 AM;Oct 31, 2023 3:00 AM;40,888.50;45,079.00;4,190.50;26,256.50
Oct 31, 2023 3:00 AM;Oct 31, 2023 4:00 AM;41,123.50;46,009.50;4,886.00;24,027.75
Oct 31, 2023 4:00 AM;Oct 31, 2023 5:00 AM;42,461.00;47,182.75;4,721.75;22,781.00
Oct 31, 2023 5:00 AM;Oct 31, 2023 6:00 AM;45,340.50;49,500.00;4,159.50;22,460.25
Oct 31, 2023 6:00 AM;Oct 31, 2023 7:00 AM;52,311.75;54,078.75;1,767.00;24,935.25
Oct 31, 2023 7:00 AM;Oct 31, 2023 8:00 AM;56,813.75;56,983.50;169.75;26,669.50
Oct 31, 2023 8:00 AM;Oct 31, 2023 9:00 AM;60,018.25;60,608.00;589.75;25,687.00
Oct 31, 2023 9:00 AM;Oct 31, 2023 10:00 AM;61,022.75;62,808.25;1,785.50;24,045.25
Oct 31, 2023 10:00 AM;Oct 31, 2023 11:00 AM;62,221.75;64,227.25;2,005.50;23,097.25
Oct 31, 2023 11:00 AM;Oct 31, 2023 12:00 PM;62,791.75;64,283.00;1,491.25;23,440.00
Oct 31, 2023 12:00 PM;Oct 31, 2023 1:00 PM;62,285.00;63,539.75;1,254.75;23,960.50
Oct 31, 2023 1:00 PM;Oct 31, 2023 2:00 PM;60,833.25;61,749.00;915.75;24,751.25
Oct 31, 2023 2:00 PM;Oct 31, 2023 3:00 PM;60,398.25;62,231.25;1,833.00;28,760.25
Oct 31, 2023 3:00 PM;Oct 31, 2023 4:00 PM;59,456.00;59,747.00;291.00;34,685.25
Oct 31, 2023 4:00 PM;Oct 31, 2023 5:00 PM;59,675.50;59,930.00;254.50;40,091.25
Oct 31, 2023 5:00 PM;Oct 31, 2023 6:00 PM;61,267.25;61,345.25;78.00;43,132.75
Oct 31, 2023 6:00 PM;Oct 31, 2023 7:00 PM;61,706.00;61,932.75;226.75;43,366.25
Oct 31, 2023 7:00 PM;Oct 31, 2023 8:00 PM;60,074.75;60,191.50;116.75;42,527.50
Oct 31, 2023 8:00 PM;Oct 31, 2023 9:00 PM;56,938.00;57,241.00;303.00;39,964.75
Oct 31, 2023 9:00 PM;Oct 31, 2023 10:00 PM;53,175.75;53,610.25;434.50;36,967.50
Oct 31, 2023 10:00 PM;Oct 31, 2023 11:00 PM;49,879.75;50,284.00;404.25;34,715.50
Oct 31, 2023 11:00 PM;Nov 1, 2023 12:00 AM;46,106.00;46,712.50;606.50;31,668.00
Nov 1, 2023 12:00 AM;Nov 1, 2023 1:00 AM;43,044.75;44,238.00;1,193.25;28,444.75
Nov 1, 2023 1:00 AM;Nov 1, 2023 2:00 AM;41,081.00;42,050.00;969.00;27,151.50
Nov 1, 2023 2:00 AM;Nov 1, 2023 3:00 AM;40,491.50;42,565.75;2,074.25;26,465.00
Nov 1, 2023 3:00 AM;Nov 1, 2023 4:00 AM;40,025.75;42,854.00;2,828.25;25,233.25
Nov 1, 2023 4:00 AM;Nov 1, 2023 5:00 AM;40,413.25;44,343.50;3,930.25;24,609.00
Nov 1, 2023 5:00 AM;Nov 1, 2023 6:00 AM;41,881.50;44,296.50;2,415.00;25,583.50
Nov 1, 2023 6:00 AM;Nov 1, 2023 7:00 AM;45,378.25;46,274.50;896.25;28,454.00
Nov 1, 2023 7:00 AM;Nov 1, 2023 8:00 AM;48,344.00;48,568.00;224.00;30,175.25
Nov 1, 2023 8:00 AM;Nov 1, 2023 9:00 AM;50,591.50;50,684.50;93.00;27,846.75
Nov 1, 2023 9:00 AM;Nov 1, 2023 10:00 AM;52,249.50;52,885.25;635.75;24,414.25
Nov 1, 2023 10:00 AM;Nov 1, 2023 11:00 AM;53,992.25;55,030.25;1,038.00;21,896.25
Nov 1, 2023 11:00 AM;Nov 1, 2023 12:00 PM;54,818.00;56,252.00;1,434.00;20,156.75
Nov 1, 2023 12:00 PM;Nov 1, 2023 1:00 PM;54,408.50;55,757.75;1,349.25;19,624.50
Nov 1, 2023 1:00 PM;Nov 1, 2023 2:00 PM;52,828.75;54,828.75;2,000.00;19,883.00
Nov 1, 2023 2:00 PM;Nov 1, 2023 3:00 PM;52,042.25;53,492.25;1,450.00;22,508.75
Nov 1, 2023 3:00 PM;Nov 1, 2023 4:00 PM;52,186.75;52,475.50;288.75;25,763.00
Nov 1, 2023 4:00 PM;Nov 1, 2023 5:00 PM;53,684.00;53,794.50;110.50;26,920.50
Nov 1, 2023 5:00 PM;Nov 1, 2023 6:00 PM;57,561.75;57,772.75;211.00;27,010.25
Nov 1, 2023 6:00 PM;Nov 1, 2023 7:00 PM;58,314.25;58,645.00;330.75;24,115.25
Nov 1, 2023 7:00 PM;Nov 1, 2023 8:00 PM;57,196.50;57,445.50;249.00;21,313.50
Nov 1, 2023 8:00 PM;Nov 1, 2023 9:00 PM;54,851.25;56,673.50;1,822.25;18,902.25
Nov 1, 2023 9:00 PM;Nov 1, 2023 10:00 PM;52,402.75;54,339.50;1,936.75;16,823.00
Nov 1, 2023 10:00 PM;Nov 1, 2023 11:00 PM;50,423.25;53,380.50;2,957.25;15,909.00
Nov 1, 2023 11:00 PM;Nov 2, 2023 12:00 AM;47,060.00;50,699.25;3,639.25;13,910.25
Nov 2, 2023 12:00 AM;Nov 2, 2023 1:00 AM;44,226.00;48,773.75;4,547.75;13,294.00
Nov 2, 2023 1:00 AM;Nov 2, 2023 2:00 AM;42,718.50;47,271.00;4,552.50;13,094.75
Nov 2, 2023 2:00 AM;Nov 2, 2023 3:00 AM;42,411.75;47,118.00;4,706.25;13,137.25
Nov 2, 2023 3:00 AM;Nov 2, 2023 4:00 AM;42,418.25;47,300.50;4,882.25;12,930.75
Nov 2, 2023 4:00 AM;Nov 2, 2023 5:00 AM;43,870.50;48,549.50;4,679.00;12,728.50
Nov 2, 2023 5:00 AM;Nov 2, 2023 6:00 AM;48,456.50;52,421.00;3,964.50;14,598.75
Nov 2, 2023 6:00 AM;Nov 2, 2023 7:00 AM;56,314.50;58,354.25;2,039.75;17,999.75
Nov 2, 2023 7:00 AM;Nov 2, 2023 8:00 AM;61,777.75;62,983.00;1,205.25;19,536.75
Nov 2, 2023 8:00 AM;Nov 2, 2023 9:00 AM;64,268.75;64,342.50;73.75;20,345.75
Nov 2, 2023 9:00 AM;Nov 2, 2023 10:00 AM;64,581.25;64,591.00;9.75;20,399.75
Nov 2, 2023 10:00 AM;Nov 2, 2023 11:00 AM;64,914.00;65,171.75;257.75;19,133.25
Nov 2, 2023 11:00 AM;Nov 2, 2023 12:00 PM;66,618.00;67,596.25;978.25;20,245.25
Nov 2, 2023 12:00 PM;Nov 2, 2023 1:00 PM;66,522.50;67,878.75;1,356.25;19,594.00
Nov 2, 2023 1:00 PM;Nov 2, 2023 2:00 PM;65,852.50;67,655.00;1,802.50;20,251.50
Nov 2, 2023 2:00 PM;Nov 2, 2023 3:00 PM;64,743.50;65,933.25;1,189.75;20,462.75
Nov 2, 2023 3:00 PM;Nov 2, 2023 4:00 PM;64,000.50;64,919.50;919.00;22,004.25
Nov 2, 2023 4:00 PM;Nov 2, 2023 5:00 PM;64,344.75;65,042.00;697.25;23,149.75
Nov 2, 2023 5:00 PM;Nov 2, 2023 6:00 PM;66,113.00;66,594.75;481.75;25,136.00
Nov 2, 2023 6:00 PM;Nov 2, 2023 7:00 PM;66,060.25;66,194.25;134.00;25,585.00
Nov 2, 2023 7:00 PM;Nov 2, 2023 8:00 PM;63,505.25;63,587.00;81.75;24,996.75
Nov 2, 2023 8:00 PM;Nov 2, 2023 9:00 PM;59,988.75;60,327.00;338.25;23,905.00
Nov 2, 2023 9:00 PM;Nov 2, 2023 10:00 PM;56,077.50;57,186.00;1,108.50;21,472.25
Nov 2, 2023 10:00 PM;Nov 2, 2023 11:00 PM;52,541.25;53,553.00;1,011.75;19,930.00
Nov 2, 2023 11:00 PM;Nov 3, 2023 12:00 AM;49,173.00;53,076.00;3,903.00;17,975.25
Nov 3, 2023 12:00 AM;Nov 3, 2023 1:00 AM;46,342.75;50,497.25;4,154.50;14,436.75
Nov 3, 2023 1:00 AM;Nov 3, 2023 2:00 AM;44,781.75;49,274.25;4,492.50;14,293.25
Nov 3, 2023 2:00 AM;Nov 3, 2023 3:00 AM;44,213.50;48,925.25;4,711.75;14,627.25
Nov 3, 2023 3:00 AM;Nov 3, 2023 4:00 AM;44,653.25;49,234.00;4,580.75;15,543.25
Nov 3, 2023 4:00 AM;Nov 3, 2023 5:00 AM;46,110.50;50,195.00;4,084.50;16,205.25
Nov 3, 2023 5:00 AM;Nov 3, 2023 6:00 AM;49,567.00;51,975.00;2,408.00;19,829.50
Nov 3, 2023 6:00 AM;Nov 3, 2023 7:00 AM;56,469.00;57,207.00;738.00;26,077.50
Nov 3, 2023 7:00 AM;Nov 3, 2023 8:00 AM;61,812.50;61,903.50;91.00;31,062.00
Nov 3, 2023 8:00 AM;Nov 3, 2023 9:00 AM;64,317.75;64,324.75;7.00;32,875.25
Nov 3, 2023 9:00 AM;Nov 3, 2023 10:00 AM;64,941.00;64,974.75;33.75;31,424.00
Nov 3, 2023 10:00 AM;Nov 3, 2023 11:00 AM;64,931.25;64,934.00;2.75;29,087.50
Nov 3, 2023 11:00 AM;Nov 3, 2023 12:00 PM;64,898.25;64,941.75;43.50;27,435.50
Nov 3, 2023 12:00 PM;Nov 3, 2023 1:00 PM;63,671.00;63,681.25;10.25;27,248.50
Nov 3, 2023 1:00 PM;Nov 3, 2023 2:00 PM;62,374.75;62,440.50;65.75;27,860.25
Nov 3, 2023 2:00 PM;Nov 3, 2023 3:00 PM;60,809.25;60,936.00;126.75;30,223.00
Nov 3, 2023 3:00 PM;Nov 3, 2023 4:00 PM;60,232.25;60,239.00;6.75;34,756.75
Nov 3, 2023 4:00 PM;Nov 3, 2023 5:00 PM;61,022.50;61,029.75;7.25;38,356.75
Nov 3, 2023 5:00 PM;Nov 3, 2023 6:00 PM;63,186.25;63,189.75;3.50;39,119.25
Nov 3, 2023 6:00 PM;Nov 3, 2023 7:00 PM;62,777.25;62,780.25;3.00;37,081.25
Nov 3, 2023 7:00 PM;Nov 3, 2023 8:00 PM;60,878.00;60,885.50;7.50;33,621.75
Nov 3, 2023 8:00 PM;Nov 3, 2023 9:00 PM;57,762.00;58,448.25;686.25;28,583.25
Nov 3, 2023 9:00 PM;Nov 3, 2023 10:00 PM;54,360.50;54,758.75;398.25;24,303.00
Nov 3, 2023 10:00 PM;Nov 3, 2023 11:00 PM;50,436.75;50,471.50;34.75;21,954.25
Nov 3, 2023 11:00 PM;Nov 4, 2023 12:00 AM;47,138.00;47,533.25;395.25;18,692.50
Nov 4, 2023 12:00 AM;Nov 4, 2023 1:00 AM;44,341.25;45,192.75;851.50;15,257.00
Nov 4, 2023 1:00 AM;Nov 4, 2023 2:00 AM;43,166.50;44,605.75;1,439.25;13,644.25
Nov 4, 2023 2:00 AM;Nov 4, 2023 3:00 AM;42,615.75;45,494.25;2,878.50;12,586.00
Nov 4, 2023 3:00 AM;Nov 4, 2023 4:00 AM;42,610.50;45,582.75;2,972.25;12,418.25
Nov 4, 2023 4:00 AM;Nov 4, 2023 5:00 AM;43,345.50;47,752.50;4,407.00;13,216.50
Nov 4, 2023 5:00 AM;Nov 4, 2023 6:00 AM;43,876.00;48,276.25;4,400.25;13,334.00
Nov 4, 2023 6:00 AM;Nov 4, 2023 7:00 AM;45,361.75;47,769.00;2,407.25;14,445.75
Nov 4, 2023 7:00 AM;Nov 4, 2023 8:00 AM;47,539.50;48,010.50;471.00;16,044.25
Nov 4, 2023 8:00 AM;Nov 4, 2023 9:00 AM;50,372.25;51,364.25;992.00;15,212.00
Nov 4, 2023 9:00 AM;Nov 4, 2023 10:00 AM;53,193.75;56,086.75;2,893.00;12,883.50
Nov 4, 2023 10:00 AM;Nov 4, 2023 11:00 AM;54,601.75;58,708.75;4,107.00;10,007.00
Nov 4, 2023 11:00 AM;Nov 4, 2023 12:00 PM;56,080.00;59,670.75;3,590.75;9,308.25
Nov 4, 2023 12:00 PM;Nov 4, 2023 1:00 PM;55,508.00;56,934.00;1,426.00;10,918.75
Nov 4, 2023 1:00 PM;Nov 4, 2023 2:00 PM;52,502.00;53,612.50;1,110.50;12,203.00
Nov 4, 2023 2:00 PM;Nov 4, 2023 3:00 PM;51,800.00;52,428.00;628.00;14,941.50
Nov 4, 2023 3:00 PM;Nov 4, 2023 4:00 PM;52,818.75;53,454.75;636.00;17,564.50
Nov 4, 2023 4:00 PM;Nov 4, 2023 5:00 PM;54,174.75;54,597.25;422.50;17,823.25
Nov 4, 2023 5:00 PM;Nov 4, 2023 6:00 PM;58,024.00;58,037.00;13.00;18,621.50
Nov 4, 2023 6:00 PM;Nov 4, 2023 7:00 PM;57,865.75;58,348.50;482.75;15,348.25
Nov 4, 2023 7:00 PM;Nov 4, 2023 8:00 PM;55,614.75;56,151.00;536.25;12,341.75
Nov 4, 2023 8:00 PM;Nov 4, 2023 9:00 PM;52,208.50;53,420.75;1,212.25;9,121.75
Nov 4, 2023 9:00 PM;Nov 4, 2023 10:00 PM;50,056.25;52,263.00;2,206.75;8,260.50
Nov 4, 2023 10:00 PM;Nov 4, 2023 11:00 PM;48,138.75;50,611.25;2,472.50;9,436.00
Nov 4, 2023 11:00 PM;Nov 5, 2023 12:00 AM;45,267.50;48,494.25;3,226.75;8,891.00
Nov 5, 2023 12:00 AM;Nov 5, 2023 1:00 AM;42,637.00;47,754.25;5,117.25;8,897.25
Nov 5, 2023 1:00 AM;Nov 5, 2023 2:00 AM;40,840.00;46,333.00;5,493.00;8,567.75
Nov 5, 2023 2:00 AM;Nov 5, 2023 3:00 AM;39,416.50;44,973.00;5,556.50;8,990.75
Nov 5, 2023 3:00 AM;Nov 5, 2023 4:00 AM;39,516.00;44,759.75;5,243.75;10,109.25
Nov 5, 2023 4:00 AM;Nov 5, 2023 5:00 AM;39,989.00;45,050.75;5,061.75;11,767.25
Nov 5, 2023 5:00 AM;Nov 5, 2023 6:00 AM;40,290.25;45,054.50;4,764.25;12,227.00
Nov 5, 2023 6:00 AM;Nov 5, 2023 7:00 AM;40,545.75;43,906.75;3,361.00;13,074.75
Nov 5, 2023 7:00 AM;Nov 5, 2023 8:00 AM;41,973.50;44,376.75;2,403.25;14,971.00
Nov 5, 2023 8:00 AM;Nov 5, 2023 9:00 AM;44,781.75;45,941.00;1,159.25;16,645.50
Nov 5, 2023 9:00 AM;Nov 5, 2023 10:00 AM;46,975.75;47,880.00;904.25;17,917.75
Nov 5, 2023 10:00 AM;Nov 5, 2023 11:00 AM;49,155.00;50,138.25;983.25;19,232.25
Nov 5, 2023 11:00 AM;Nov 5, 2023 12:00 PM;51,703.25;52,459.25;756.00;20,528.75
Nov 5, 2023 12:00 PM;Nov 5, 2023 1:00 PM;51,714.25;52,751.25;1,037.00;19,679.50
Nov 5, 2023 1:00 PM;Nov 5, 2023 2:00 PM;50,311.25;52,297.00;1,985.75;19,271.00
Nov 5, 2023 2:00 PM;Nov 5, 2023 3:00 PM;49,099.00;50,049.75;950.75;19,719.75
Nov 5, 2023 3:00 PM;Nov 5, 2023 4:00 PM;48,764.00;49,077.25;313.25;21,345.75
Nov 5, 2023 4:00 PM;Nov 5, 2023 5:00 PM;49,657.25;49,666.00;8.75;22,528.50
Nov 5, 2023 5:00 PM;Nov 5, 2023 6:00 PM;52,929.00;52,932.75;3.75;23,884.25
Nov 5, 2023 6:00 PM;Nov 5, 2023 7:00 PM;53,849.25;53,853.00;3.75;22,432.50
Nov 5, 2023 7:00 PM;Nov 5, 2023 8:00 PM;52,665.00;52,938.50;273.50;17,778.25
Nov 5, 2023 8:00 PM;Nov 5, 2023 9:00 PM;50,246.25;50,674.50;428.25;12,847.75
Nov 5, 2023 9:00 PM;Nov 5, 2023 10:00 PM;48,752.75;49,660.50;907.75;8,700.00
Nov 5, 2023 10:00 PM;Nov 5, 2023 11:00 PM;48,150.00;50,340.75;2,190.75;7,129.25
Nov 5, 2023 11:00 PM;Nov 6, 2023 12:00 AM;46,403.00;51,397.00;4,994.00;4,726.25
Nov 6, 2023 12:00 AM;Nov 6, 2023 1:00 AM;44,795.75;50,203.50;5,407.75;1,972.50
Nov 6, 2023 1:00 AM;Nov 6, 2023 2:00 AM;43,350.75;48,691.75;5,341.00;1,515.25
Nov 6, 2023 2:00 AM;Nov 6, 2023 3:00 AM;42,702.00;48,195.25;5,493.25;1,688.75
Nov 6, 2023 3:00 AM;Nov 6, 2023 4:00 AM;43,371.75;48,765.00;5,393.25;1,755.25
Nov 6, 2023 4:00 AM;Nov 6, 2023 5:00 AM;44,599.00;49,381.25;4,782.25;3,583.00
Nov 6, 2023 5:00 AM;Nov 6, 2023 6:00 AM;48,510.25;52,090.25;3,580.00;8,069.25
Nov 6, 2023 6:00 AM;Nov 6, 2023 7:00 AM;56,907.00;57,716.50;809.50;16,656.25
Nov 6, 2023 7:00 AM;Nov 6, 2023 8:00 AM;62,082.75;62,170.00;87.25;22,135.50
Nov 6, 2023 8:00 AM;Nov 6, 2023 9:00 AM;64,604.25;64,763.25;159.00;22,299.50
Nov 6, 2023 9:00 AM;Nov 6, 2023 10:00 AM;65,236.50;66,218.75;982.25;17,642.25
Nov 6, 2023 10:00 AM;Nov 6, 2023 11:00 AM;65,786.75;67,737.75;1,951.00;13,761.75
Nov 6, 2023 11:00 AM;Nov 6, 2023 12:00 PM;66,595.25;68,963.25;2,368.00;13,500.50
Nov 6, 2023 12:00 PM;Nov 6, 2023 1:00 PM;66,470.75;67,651.25;1,180.50;14,832.00
Nov 6, 2023 1:00 PM;Nov 6, 2023 2:00 PM;65,394.25;67,120.75;1,726.50;17,699.25
Nov 6, 2023 2:00 PM;Nov 6, 2023 3:00 PM;63,573.00;63,957.00;384.00;21,922.50
Nov 6, 2023 3:00 PM;Nov 6, 2023 4:00 PM;63,889.00;64,041.25;152.25;28,396.75
Nov 6, 2023 4:00 PM;Nov 6, 2023 5:00 PM;64,810.75;64,815.25;4.50;32,997.75
Nov 6, 2023 5:00 PM;Nov 6, 2023 6:00 PM;67,767.50;67,771.50;4.00;35,585.75
Nov 6, 2023 6:00 PM;Nov 6, 2023 7:00 PM;67,699.75;67,707.75;8.00;33,476.00
Nov 6, 2023 7:00 PM;Nov 6, 2023 8:00 PM;65,953.25;65,962.25;9.00;30,482.25
Nov 6, 2023 8:00 PM;Nov 6, 2023 9:00 PM;62,398.25;62,433.75;35.50;26,126.25
Nov 6, 2023 9:00 PM;Nov 6, 2023 10:00 PM;58,786.50;59,275.75;489.25;21,690.75
Nov 6, 2023 10:00 PM;Nov 6, 2023 11:00 PM;55,591.75;57,201.50;1,609.75;19,027.00
Nov 6, 2023 11:00 PM;Nov 7, 2023 12:00 AM;52,063.00;54,264.25;2,201.25;16,934.25
Nov 7, 2023 12:00 AM;Nov 7, 2023 1:00 AM;48,243.75;51,493.50;3,249.75;14,116.75
Nov 7, 2023 1:00 AM;Nov 7, 2023 2:00 AM;46,614.50;50,597.00;3,982.50;13,650.00
Nov 7, 2023 2:00 AM;Nov 7, 2023 3:00 AM;46,079.75;51,350.50;5,270.75;13,441.50
Nov 7, 2023 3:00 AM;Nov 7, 2023 4:00 AM;46,700.50;52,307.00;5,606.50;14,971.50
Nov 7, 2023 4:00 AM;Nov 7, 2023 5:00 AM;48,201.75;53,221.25;5,019.50;17,227.75
Nov 7, 2023 5:00 AM;Nov 7, 2023 6:00 AM;51,314.25;54,327.75;3,013.50;20,632.00
Nov 7, 2023 6:00 AM;Nov 7, 2023 7:00 AM;59,379.25;59,807.25;428.00;28,996.25
Nov 7, 2023 7:00 AM;Nov 7, 2023 8:00 AM;64,311.00;64,317.00;6.00;34,237.25
Nov 7, 2023 8:00 AM;Nov 7, 2023 9:00 AM;66,571.50;66,702.25;130.75;33,690.50
Nov 7, 2023 9:00 AM;Nov 7, 2023 10:00 AM;67,145.75;67,465.25;319.50;30,422.50
Nov 7, 2023 10:00 AM;Nov 7, 2023 11:00 AM;67,377.75;68,718.75;1,341.00;28,118.25
Nov 7, 2023 11:00 AM;Nov 7, 2023 12:00 PM;67,224.00;69,011.00;1,787.00;26,820.00
Nov 7, 2023 12:00 PM;Nov 7, 2023 1:00 PM;67,355.00;68,969.00;1,614.00;27,868.00
Nov 7, 2023 1:00 PM;Nov 7, 2023 2:00 PM;65,959.00;66,258.25;299.25;29,493.50
Nov 7, 2023 2:00 PM;Nov 7, 2023 3:00 PM;64,406.00;64,932.00;526.00;31,813.75
Nov 7, 2023 3:00 PM;Nov 7, 2023 4:00 PM;64,479.25;64,493.25;14.00;36,527.75
Nov 7, 2023 4:00 PM;Nov 7, 2023 5:00 PM;65,002.25;65,007.25;5.00;39,411.00
Nov 7, 2023 5:00 PM;Nov 7, 2023 6:00 PM;67,384.50;67,389.25;4.75;40,268.50
Nov 7, 2023 6:00 PM;Nov 7, 2023 7:00 PM;67,249.25;67,255.00;5.75;37,998.75
Nov 7, 2023 7:00 PM;Nov 7, 2023 8:00 PM;65,224.50;65,229.50;5.00;34,342.50
Nov 7, 2023 8:00 PM;Nov 7, 2023 9:00 PM;62,157.00;62,163.75;6.75;29,646.75
Nov 7, 2023 9:00 PM;Nov 7, 2023 10:00 PM;58,241.25;58,487.75;246.50;25,960.75
Nov 7, 2023 10:00 PM;Nov 7, 2023 11:00 PM;54,604.75;54,831.25;226.50;21,965.25
Nov 7, 2023 11:00 PM;Nov 8, 2023 12:00 AM;51,103.75;52,342.00;1,238.25;18,312.75
Nov 8, 2023 12:00 AM;Nov 8, 2023 1:00 AM;48,501.25;52,806.75;4,305.50;15,532.00
Nov 8, 2023 1:00 AM;Nov 8, 2023 2:00 AM;47,478.00;52,398.50;4,920.50;14,028.75
Nov 8, 2023 2:00 AM;Nov 8, 2023 3:00 AM;46,901.50;52,547.00;5,645.50;13,111.00
Nov 8, 2023 3:00 AM;Nov 8, 2023 4:00 AM;47,066.75;52,238.50;5,171.75;13,097.25
Nov 8, 2023 4:00 AM;Nov 8, 2023 5:00 AM;48,525.50;53,297.75;4,772.25;14,209.50
Nov 8, 2023 5:00 AM;Nov 8, 2023 6:00 AM;52,282.00;56,012.50;3,730.50;18,039.00
Nov 8, 2023 6:00 AM;Nov 8, 2023 7:00 AM;59,524.00;60,879.50;1,355.50;25,413.75
Nov 8, 2023 7:00 AM;Nov 8, 2023 8:00 AM;65,202.50;65,232.00;29.50;31,325.75
Nov 8, 2023 8:00 AM;Nov 8, 2023 9:00 AM;67,570.50;67,592.50;22.00;31,591.25
Nov 8, 2023 9:00 AM;Nov 8, 2023 10:00 AM;67,388.25;67,540.25;152.00;27,652.50
Nov 8, 2023 10:00 AM;Nov 8, 2023 11:00 AM;67,585.75;68,892.00;1,306.25;24,105.25
Nov 8, 2023 11:00 AM;Nov 8, 2023 12:00 PM;67,679.75;70,608.25;2,928.50;20,818.75
Nov 8, 2023 12:00 PM;Nov 8, 2023 1:00 PM;67,611.50;70,923.25;3,311.75;20,365.25
Nov 8, 2023 1:00 PM;Nov 8, 2023 2:00 PM;66,365.50;68,431.25;2,065.75;21,898.50
Nov 8, 2023 2:00 PM;Nov 8, 2023 3:00 PM;65,075.25;66,794.75;1,719.50;25,667.50
Nov 8, 2023 3:00 PM;Nov 8, 2023 4:00 PM;65,099.25;65,388.00;288.75;32,391.50
Nov 8, 2023 4:00 PM;Nov 8, 2023 5:00 PM;65,315.50;65,318.75;3.25;35,943.00
Nov 8, 2023 5:00 PM;Nov 8, 2023 6:00 PM;68,372.25;68,383.00;10.75;36,606.25
Nov 8, 2023 6:00 PM;Nov 8, 2023 7:00 PM;68,217.00;68,217.50;0.50;33,816.50
Nov 8, 2023 7:00 PM;Nov 8, 2023 8:00 PM;67,107.75;67,188.75;81.00;30,919.25
Nov 8, 2023 8:00 PM;Nov 8, 2023 9:00 PM;63,594.75;63,821.00;226.25;26,687.00
Nov 8, 2023 9:00 PM;Nov 8, 2023 10:00 PM;59,372.75;59,913.00;540.25;22,091.75
Nov 8, 2023 10:00 PM;Nov 8, 2023 11:00 PM;55,822.25;56,671.00;848.75;19,844.50
Nov 8, 2023 11:00 PM;Nov 9, 2023 12:00 AM;52,346.50;55,377.25;3,030.75;17,155.00
Nov 9, 2023 12:00 AM;Nov 9, 2023 1:00 AM;49,489.25;54,119.00;4,629.75;16,132.75
Nov 9, 2023 1:00 AM;Nov 9, 2023 2:00 AM;47,800.00;52,390.00;4,590.00;16,280.00
Nov 9, 2023 2:00 AM;Nov 9, 2023 3:00 AM;47,190.00;51,737.00;4,547.00;16,839.50
Nov 9, 2023 3:00 AM;Nov 9, 2023 4:00 AM;47,448.75;52,045.00;4,596.25;17,482.50
Nov 9, 2023 4:00 AM;Nov 9, 2023 5:00 AM;48,589.50;52,727.00;4,137.50;19,052.00
Nov 9, 2023 5:00 AM;Nov 9, 2023 6:00 AM;52,021.25;54,920.25;2,899.00;22,884.00
Nov 9, 2023 6:00 AM;Nov 9, 2023 7:00 AM;59,444.75;59,974.75;530.00;29,853.25
Nov 9, 2023 7:00 AM;Nov 9, 2023 8:00 AM;64,816.25;65,036.75;220.50;34,581.50
Nov 9, 2023 8:00 AM;Nov 9, 2023 9:00 AM;67,292.50;67,483.00;190.50;35,256.25
Nov 9, 2023 9:00 AM;Nov 9, 2023 10:00 AM;67,535.00;67,779.75;244.75;34,069.50
Nov 9, 2023 10:00 AM;Nov 9, 2023 11:00 AM;68,909.50;69,359.25;449.75;34,811.75
Nov 9, 2023 11:00 AM;Nov 9, 2023 12:00 PM;69,117.75;69,635.50;517.75;36,037.50
Nov 9, 2023 12:00 PM;Nov 9, 2023 1:00 PM;68,288.75;68,669.00;380.25;35,870.00
Nov 9, 2023 1:00 PM;Nov 9, 2023 2:00 PM;66,996.25;67,786.25;790.00;35,847.00
Nov 9, 2023 2:00 PM;Nov 9, 2023 3:00 PM;65,578.00;66,076.75;498.75;37,337.75
Nov 9, 2023 3:00 PM;Nov 9, 2023 4:00 PM;65,585.75;65,720.00;134.25;40,955.25
Nov 9, 2023 4:00 PM;Nov 9, 2023 5:00 PM;66,344.25;66,360.50;16.25;42,050.00
Nov 9, 2023 5:00 PM;Nov 9, 2023 6:00 PM;68,483.75;68,492.50;8.75;42,527.75
Nov 9, 2023 6:00 PM;Nov 9, 2023 7:00 PM;67,701.00;67,845.50;144.50;39,574.25
Nov 9, 2023 7:00 PM;Nov 9, 2023 8:00 PM;66,180.75;66,610.75;430.00;35,427.50
Nov 9, 2023 8:00 PM;Nov 9, 2023 9:00 PM;62,575.25;62,805.00;229.75;31,385.00
Nov 9, 2023 9:00 PM;Nov 9, 2023 10:00 PM;58,540.00;59,020.25;480.25;26,972.25
Nov 9, 2023 10:00 PM;Nov 9, 2023 11:00 PM;54,817.25;56,359.25;1,542.00;23,525.50
Nov 9, 2023 11:00 PM;Nov 10, 2023 12:00 AM;50,998.00;53,794.75;2,796.75;20,860.00
Nov 10, 2023 12:00 AM;Nov 10, 2023 1:00 AM;48,819.25;53,008.25;4,189.00;20,222.50
Nov 10, 2023 1:00 AM;Nov 10, 2023 2:00 AM;46,808.25;51,626.50;4,818.25;18,984.75
Nov 10, 2023 2:00 AM;Nov 10, 2023 3:00 AM;46,353.25;51,377.50;5,024.25;18,711.00
Nov 10, 2023 3:00 AM;Nov 10, 2023 4:00 AM;46,633.00;51,874.25;5,241.25;18,943.75
Nov 10, 2023 4:00 AM;Nov 10, 2023 5:00 AM;47,626.00;52,329.00;4,703.00;20,563.00
Nov 10, 2023 5:00 AM;Nov 10, 2023 6:00 AM;51,008.50;53,340.50;2,332.00;23,530.75
Nov 10, 2023 6:00 AM;Nov 10, 2023 7:00 AM;58,865.75;59,819.75;954.00;31,139.25
Nov 10, 2023 7:00 AM;Nov 10, 2023 8:00 AM;65,082.75;65,177.75;95.00;37,870.00
Nov 10, 2023 8:00 AM;Nov 10, 2023 9:00 AM;67,270.50;67,276.50;6.00;39,757.75
Nov 10, 2023 9:00 AM;Nov 10, 2023 10:00 AM;67,200.75;67,408.50;207.75;37,065.50
Nov 10, 2023 10:00 AM;Nov 10, 2023 11:00 AM;67,431.00;67,809.50;378.50;33,714.75
Nov 10, 2023 11:00 AM;Nov 10, 2023 12:00 PM;68,171.25;68,987.25;816.00;31,390.75
Nov 10, 2023 12:00 PM;Nov 10, 2023 1:00 PM;67,115.00;68,194.00;1,079.00;29,424.75
Nov 10, 2023 1:00 PM;Nov 10, 2023 2:00 PM;65,222.00;65,880.50;658.50;30,101.00
Nov 10, 2023 2:00 PM;Nov 10, 2023 3:00 PM;63,574.50;64,107.00;532.50;34,011.25
Nov 10, 2023 3:00 PM;Nov 10, 2023 4:00 PM;62,990.75;63,226.25;235.50;39,965.00
Nov 10, 2023 4:00 PM;Nov 10, 2023 5:00 PM;63,592.00;63,596.50;4.50;44,958.25
Nov 10, 2023 5:00 PM;Nov 10, 2023 6:00 PM;65,182.25;65,185.25;3.00;46,834.25
Nov 10, 2023 6:00 PM;Nov 10, 2023 7:00 PM;64,490.00;64,495.25;5.25;45,771.50
Nov 10, 2023 7:00 PM;Nov 10, 2023 8:00 PM;62,784.75;62,840.25;55.50;45,104.25
Nov 10, 2023 8:00 PM;Nov 10, 2023 9:00 PM;58,958.00;58,978.75;20.75;42,308.00
Nov 10, 2023 9:00 PM;Nov 10, 2023 10:00 PM;55,548.50;55,685.50;137.00;40,044.25
Nov 10, 2023 10:00 PM;Nov 10, 2023 11:00 PM;52,443.50;52,521.75;78.25;38,207.00
Nov 10, 2023 11:00 PM;Nov 11, 2023 12:00 AM;48,665.00;49,122.25;457.25;34,902.50
Nov 11, 2023 12:00 AM;Nov 11, 2023 1:00 AM;45,906.25;47,259.25;1,353.00;32,575.00
Nov 11, 2023 1:00 AM;Nov 11, 2023 2:00 AM;43,757.00;46,668.75;2,911.75;29,933.50
Nov 11, 2023 2:00 AM;Nov 11, 2023 3:00 AM;42,550.25;46,609.50;4,059.25;28,841.25
Nov 11, 2023 3:00 AM;Nov 11, 2023 4:00 AM;42,532.50;46,921.00;4,388.50;28,600.75
Nov 11, 2023 4:00 AM;Nov 11, 2023 5:00 AM;42,666.00;47,625.50;4,959.50;28,559.50
Nov 11, 2023 5:00 AM;Nov 11, 2023 6:00 AM;42,672.50;47,118.25;4,445.75;27,811.75
Nov 11, 2023 6:00 AM;Nov 11, 2023 7:00 AM;44,219.25;46,226.50;2,007.25;28,416.50
Nov 11, 2023 7:00 AM;Nov 11, 2023 8:00 AM;47,530.25;47,965.00;434.75;31,642.75
Nov 11, 2023 8:00 AM;Nov 11, 2023 9:00 AM;50,788.25;50,804.25;16.00;33,058.75
Nov 11, 2023 9:00 AM;Nov 11, 2023 10:00 AM;53,725.25;54,066.75;341.50;32,553.50
Nov 11, 2023 10:00 AM;Nov 11, 2023 11:00 AM;54,958.00;55,475.25;517.25;31,785.50
Nov 11, 2023 11:00 AM;Nov 11, 2023 12:00 PM;55,814.25;57,024.75;1,210.50;31,486.25
Nov 11, 2023 12:00 PM;Nov 11, 2023 1:00 PM;55,046.50;56,305.50;1,259.00;29,643.25
Nov 11, 2023 1:00 PM;Nov 11, 2023 2:00 PM;54,090.50;56,501.00;2,410.50;29,516.25
Nov 11, 2023 2:00 PM;Nov 11, 2023 3:00 PM;52,540.00;53,377.75;837.75;31,565.25
Nov 11, 2023 3:00 PM;Nov 11, 2023 4:00 PM;52,318.00;52,517.50;199.50;36,177.50
Nov 11, 2023 4:00 PM;Nov 11, 2023 5:00 PM;53,678.25;53,692.25;14.00;39,990.00
Nov 11, 2023 5:00 PM;Nov 11, 2023 6:00 PM;56,535.25;56,547.50;12.25;42,571.25
Nov 11, 2023 6:00 PM;Nov 11, 2023 7:00 PM;56,520.50;56,531.00;10.50;42,194.00
Nov 11, 2023 7:00 PM;Nov 11, 2023 8:00 PM;54,645.25;54,803.50;158.25;40,133.00
Nov 11, 2023 8:00 PM;Nov 11, 2023 9:00 PM;51,373.75;51,832.25;458.50;37,002.75
Nov 11, 2023 9:00 PM;Nov 11, 2023 10:00 PM;49,281.25;49,418.50;137.25;36,125.50
Nov 11, 2023 10:00 PM;Nov 11, 2023 11:00 PM;47,379.50;47,442.50;63.00;35,904.00
Nov 11, 2023 11:00 PM;Nov 12, 2023 12:00 AM;44,160.25;44,386.25;226.00;33,875.25
Nov 12, 2023 12:00 AM;Nov 12, 2023 1:00 AM;41,707.75;43,038.50;1,330.75;32,186.75
Nov 12, 2023 1:00 AM;Nov 12, 2023 2:00 AM;39,942.25;43,218.75;3,276.50;30,796.75
Nov 12, 2023 2:00 AM;Nov 12, 2023 3:00 AM;39,178.00;43,694.00;4,516.00;30,399.50
Nov 12, 2023 3:00 AM;Nov 12, 2023 4:00 AM;38,993.00;43,305.50;4,312.50;30,753.25
Nov 12, 2023 4:00 AM;Nov 12, 2023 5:00 AM;39,532.50;43,494.25;3,961.75;31,852.25
Nov 12, 2023 5:00 AM;Nov 12, 2023 6:00 AM;39,897.00;43,182.50;3,285.50;32,584.50
Nov 12, 2023 6:00 AM;Nov 12, 2023 7:00 AM;40,408.75;42,801.75;2,393.00;33,261.00
Nov 12, 2023 7:00 AM;Nov 12, 2023 8:00 AM;41,961.00;42,739.00;778.00;35,389.25
Nov 12, 2023 8:00 AM;Nov 12, 2023 9:00 AM;45,297.50;45,804.75;507.25;37,099.75
Nov 12, 2023 9:00 AM;Nov 12, 2023 10:00 AM;48,482.25;48,807.75;325.50;37,022.25
Nov 12, 2023 10:00 AM;Nov 12, 2023 11:00 AM;51,326.25;52,263.75;937.50;37,054.50
Nov 12, 2023 11:00 AM;Nov 12, 2023 12:00 PM;52,845.50;53,235.25;389.75;36,685.75
Nov 12, 2023 12:00 PM;Nov 12, 2023 1:00 PM;52,705.50;53,197.75;492.25;37,246.25
Nov 12, 2023 1:00 PM;Nov 12, 2023 2:00 PM;50,478.75;51,414.75;936.00;37,728.25
Nov 12, 2023 2:00 PM;Nov 12, 2023 3:00 PM;49,775.75;50,036.25;260.50;40,317.75
Nov 12, 2023 3:00 PM;Nov 12, 2023 4:00 PM;49,804.50;49,864.00;59.50;43,405.00
Nov 12, 2023 4:00 PM;Nov 12, 2023 5:00 PM;51,533.00;51,642.25;109.25;45,640.25
Nov 12, 2023 5:00 PM;Nov 12, 2023 6:00 PM;54,933.00;54,941.25;8.25;47,907.25
Nov 12, 2023 6:00 PM;Nov 12, 2023 7:00 PM;55,193.50;55,203.50;10.00;47,433.25
Nov 12, 2023 7:00 PM;Nov 12, 2023 8:00 PM;53,687.00;53,720.50;33.50;45,210.00
Nov 12, 2023 8:00 PM;Nov 12, 2023 9:00 PM;51,038.75;51,050.25;11.50;41,856.00
Nov 12, 2023 9:00 PM;Nov 12, 2023 10:00 PM;49,537.25;49,728.50;191.25;40,357.25
Nov 12, 2023 10:00 PM;Nov 12, 2023 11:00 PM;48,373.25;48,559.75;186.50;38,893.75
Nov 12, 2023 11:00 PM;Nov 13, 2023 12:00 AM;45,233.00;45,754.00;521.00;35,784.00
Nov 13, 2023 12:00 AM;Nov 13, 2023 1:00 AM;43,235.00;45,156.75;1,921.75;33,985.00
Nov 13, 2023 1:00 AM;Nov 13, 2023 2:00 AM;41,405.75;44,046.75;2,641.00;32,587.00
Nov 13, 2023 2:00 AM;Nov 13, 2023 3:00 AM;40,849.75;43,661.50;2,811.75;32,821.50
Nov 13, 2023 3:00 AM;Nov 13, 2023 4:00 AM;41,490.25;44,900.75;3,410.50;33,220.25
Nov 13, 2023 4:00 AM;Nov 13, 2023 5:00 AM;42,925.00;46,054.50;3,129.50;33,747.50
Nov 13, 2023 5:00 AM;Nov 13, 2023 6:00 AM;46,768.00;47,450.00;682.00;36,693.75
Nov 13, 2023 6:00 AM;Nov 13, 2023 7:00 AM;55,679.50;55,727.50;48.00;44,209.00
Nov 13, 2023 7:00 AM;Nov 13, 2023 8:00 AM;62,142.50;62,142.50;0.00;50,201.00
Nov 13, 2023 8:00 AM;Nov 13, 2023 9:00 AM;65,247.75;65,250.50;2.75;51,679.25
Nov 13, 2023 9:00 AM;Nov 13, 2023 10:00 AM;66,186.75;66,190.00;3.25;49,775.25
Nov 13, 2023 10:00 AM;Nov 13, 2023 11:00 AM;67,145.25;67,151.25;6.00;47,376.50
Nov 13, 2023 11:00 AM;Nov 13, 2023 12:00 PM;68,332.50;68,343.75;11.25;46,449.50
Nov 13, 2023 12:00 PM;Nov 13, 2023 1:00 PM;68,389.50;68,451.25;61.75;43,641.75
Nov 13, 2023 1:00 PM;Nov 13, 2023 2:00 PM;68,065.00;68,221.50;156.50;39,435.75
Nov 13, 2023 2:00 PM;Nov 13, 2023 3:00 PM;67,384.00;68,017.25;633.25;34,897.00
Nov 13, 2023 3:00 PM;Nov 13, 2023 4:00 PM;66,716.00;67,105.25;389.25;31,764.75
Nov 13, 2023 4:00 PM;Nov 13, 2023 5:00 PM;66,953.25;67,096.50;143.25;30,001.50
Nov 13, 2023 5:00 PM;Nov 13, 2023 6:00 PM;68,831.50;69,038.50;207.00;29,190.50
Nov 13, 2023 6:00 PM;Nov 13, 2023 7:00 PM;67,889.00;67,955.50;66.50;28,688.00
Nov 13, 2023 7:00 PM;Nov 13, 2023 8:00 PM;66,304.00;66,557.75;253.75;26,741.00
Nov 13, 2023 8:00 PM;Nov 13, 2023 9:00 PM;62,318.00;63,261.75;943.75;21,870.25
Nov 13, 2023 9:00 PM;Nov 13, 2023 10:00 PM;59,184.00;60,958.50;1,774.50;17,404.75
Nov 13, 2023 10:00 PM;Nov 13, 2023 11:00 PM;55,870.50;57,405.00;1,534.50;14,172.50
Nov 13, 2023 11:00 PM;Nov 14, 2023 12:00 AM;52,139.00;55,638.50;3,499.50;9,639.25
Nov 14, 2023 12:00 AM;Nov 14, 2023 1:00 AM;48,607.25;52,991.50;4,384.25;6,066.75
Nov 14, 2023 1:00 AM;Nov 14, 2023 2:00 AM;46,630.00;51,279.25;4,649.25;4,891.25
Nov 14, 2023 2:00 AM;Nov 14, 2023 3:00 AM;45,805.75;51,224.25;5,418.50;5,771.75
Nov 14, 2023 3:00 AM;Nov 14, 2023 4:00 AM;46,140.75;51,501.50;5,360.75;7,015.50
Nov 14, 2023 4:00 AM;Nov 14, 2023 5:00 AM;47,542.00;52,633.50;5,091.50;8,056.00
Nov 14, 2023 5:00 AM;Nov 14, 2023 6:00 AM;52,161.75;56,837.50;4,675.75;7,493.00
Nov 14, 2023 6:00 AM;Nov 14, 2023 7:00 AM;59,604.00;61,239.75;1,635.75;12,267.50
Nov 14, 2023 7:00 AM;Nov 14, 2023 8:00 AM;64,177.50;64,499.50;322.00;18,617.50
Nov 14, 2023 8:00 AM;Nov 14, 2023 9:00 AM;66,730.25;66,847.00;116.75;20,168.00
Nov 14, 2023 9:00 AM;Nov 14, 2023 10:00 AM;67,412.00;67,721.00;309.00;18,999.75
Nov 14, 2023 10:00 AM;Nov 14, 2023 11:00 AM;67,960.25;69,664.50;1,704.25;17,962.00
Nov 14, 2023 11:00 AM;Nov 14, 2023 12:00 PM;68,773.00;70,331.25;1,558.25;18,614.25
Nov 14, 2023 12:00 PM;Nov 14, 2023 1:00 PM;68,332.50;69,763.75;1,431.25;18,506.00
Nov 14, 2023 1:00 PM;Nov 14, 2023 2:00 PM;67,368.25;68,514.75;1,146.50;20,203.25
Nov 14, 2023 2:00 PM;Nov 14, 2023 3:00 PM;66,642.00;67,393.00;751.00;23,938.50
Nov 14, 2023 3:00 PM;Nov 14, 2023 4:00 PM;65,693.25;66,075.75;382.50;27,875.75
Nov 14, 2023 4:00 PM;Nov 14, 2023 5:00 PM;66,630.75;66,761.50;130.75;32,836.50
Nov 14, 2023 5:00 PM;Nov 14, 2023 6:00 PM;68,605.75;68,609.25;3.50;38,462.00
Nov 14, 2023 6:00 PM;Nov 14, 2023 7:00 PM;67,071.50;67,159.25;87.75;39,222.75
Nov 14, 2023 7:00 PM;Nov 14, 2023 8:00 PM;65,611.50;65,688.25;76.75;39,687.00
Nov 14, 2023 8:00 PM;Nov 14, 2023 9:00 PM;61,918.75;61,927.00;8.25;36,998.50
Nov 14, 2023 9:00 PM;Nov 14, 2023 10:00 PM;57,782.50;57,927.75;145.25;32,826.50
Nov 14, 2023 10:00 PM;Nov 14, 2023 11:00 PM;54,240.50;54,774.25;533.75;29,302.50
Nov 14, 2023 11:00 PM;Nov 15, 2023 12:00 AM;50,435.00;52,154.00;1,719.00;25,605.00
Nov 15, 2023 12:00 AM;Nov 15, 2023 1:00 AM;47,649.75;51,087.75;3,438.00;23,236.75
Nov 15, 2023 1:00 AM;Nov 15, 2023 2:00 AM;46,449.00;51,507.75;5,058.75;21,686.75
Nov 15, 2023 2:00 AM;Nov 15, 2023 3:00 AM;46,396.25;51,327.25;4,931.00;21,428.25
Nov 15, 2023 3:00 AM;Nov 15, 2023 4:00 AM;46,987.00;51,900.75;4,913.75;21,588.25
Nov 15, 2023 4:00 AM;Nov 15, 2023 5:00 AM;48,414.50;52,778.25;4,363.75;23,138.25
Nov 15, 2023 5:00 AM;Nov 15, 2023 6:00 AM;52,123.25;55,871.50;3,748.25;27,696.50
Nov 15, 2023 6:00 AM;Nov 15, 2023 7:00 AM;59,939.75;60,901.75;962.00;36,439.00
Nov 15, 2023 7:00 AM;Nov 15, 2023 8:00 AM;65,099.75;65,123.50;23.75;43,591.75
Nov 15, 2023 8:00 AM;Nov 15, 2023 9:00 AM;66,960.75;66,971.25;10.50;46,634.00
Nov 15, 2023 9:00 AM;Nov 15, 2023 10:00 AM;67,279.50;67,291.50;12.00;45,584.50
Nov 15, 2023 10:00 AM;Nov 15, 2023 11:00 AM;67,713.25;67,771.25;58.00;43,749.25
Nov 15, 2023 11:00 AM;Nov 15, 2023 12:00 PM;68,517.25;68,889.00;371.75;42,963.00
Nov 15, 2023 12:00 PM;Nov 15, 2023 1:00 PM;67,566.75;67,676.75;110.00;41,717.00
Nov 15, 2023 1:00 PM;Nov 15, 2023 2:00 PM;66,162.25;66,302.00;139.75;40,779.75
Nov 15, 2023 2:00 PM;Nov 15, 2023 3:00 PM;64,679.50;64,956.50;277.00;40,897.75
Nov 15, 2023 3:00 PM;Nov 15, 2023 4:00 PM;64,411.25;64,534.75;123.50;43,919.75
Nov 15, 2023 4:00 PM;Nov 15, 2023 5:00 PM;65,021.75;65,062.25;40.50;45,097.50
Nov 15, 2023 5:00 PM;Nov 15, 2023 6:00 PM;67,362.25;67,376.50;14.25;45,205.25
Nov 15, 2023 6:00 PM;Nov 15, 2023 7:00 PM;66,912.25;66,924.75;12.50;42,438.50
Nov 15, 2023 7:00 PM;Nov 15, 2023 8:00 PM;65,585.75;65,712.00;126.25;38,677.50
Nov 15, 2023 8:00 PM;Nov 15, 2023 9:00 PM;62,372.75;62,625.00;252.25;33,951.50
Nov 15, 2023 9:00 PM;Nov 15, 2023 10:00 PM;59,206.25;59,998.50;792.25;29,821.25
Nov 15, 2023 10:00 PM;Nov 15, 2023 11:00 PM;55,769.50;56,824.25;1,054.75;26,567.00
Nov 15, 2023 11:00 PM;Nov 16, 2023 12:00 AM;52,121.00;56,016.50;3,895.50;22,340.00
Nov 16, 2023 12:00 AM;Nov 16, 2023 1:00 AM;49,764.00;54,435.25;4,671.25;18,201.50
Nov 16, 2023 1:00 AM;Nov 16, 2023 2:00 AM;48,641.00;54,006.00;5,365.00;16,055.75
Nov 16, 2023 2:00 AM;Nov 16, 2023 3:00 AM;47,741.75;53,701.50;5,959.75;14,711.75
Nov 16, 2023 3:00 AM;Nov 16, 2023 4:00 AM;48,781.50;54,489.00;5,707.50;16,001.00
Nov 16, 2023 4:00 AM;Nov 16, 2023 5:00 AM;49,893.25;54,627.50;4,734.25;18,718.25
Nov 16, 2023 5:00 AM;Nov 16, 2023 6:00 AM;52,217.25;54,895.50;2,678.25;23,327.50
Nov 16, 2023 6:00 AM;Nov 16, 2023 7:00 AM;60,317.25;61,120.75;803.50;33,458.25
Nov 16, 2023 7:00 AM;Nov 16, 2023 8:00 AM;65,852.00;65,968.75;116.75;41,721.25
Nov 16, 2023 8:00 AM;Nov 16, 2023 9:00 AM;68,103.75;68,160.50;56.75;44,670.50
Nov 16, 2023 9:00 AM;Nov 16, 2023 10:00 AM;68,111.00;68,286.50;175.50;44,290.00
Nov 16, 2023 10:00 AM;Nov 16, 2023 11:00 AM;69,060.25;69,353.25;293.00;45,497.00
Nov 16, 2023 11:00 AM;Nov 16, 2023 12:00 PM;68,564.75;68,577.50;12.75;46,861.00
Nov 16, 2023 12:00 PM;Nov 16, 2023 1:00 PM;68,264.75;68,554.00;289.25;48,945.50
Nov 16, 2023 1:00 PM;Nov 16, 2023 2:00 PM;67,517.00;67,695.00;178.00;51,771.50
Nov 16, 2023 2:00 PM;Nov 16, 2023 3:00 PM;66,621.50;66,695.50;74.00;54,290.75
Nov 16, 2023 3:00 PM;Nov 16, 2023 4:00 PM;65,892.75;65,898.75;6.00;56,240.50
Nov 16, 2023 4:00 PM;Nov 16, 2023 5:00 PM;66,480.25;66,484.00;3.75;57,624.25
Nov 16, 2023 5:00 PM;Nov 16, 2023 6:00 PM;67,821.25;67,824.25;3.00;58,596.25
Nov 16, 2023 6:00 PM;Nov 16, 2023 7:00 PM;66,838.00;66,844.50;6.50;56,886.00
Nov 16, 2023 7:00 PM;Nov 16, 2023 8:00 PM;65,014.50;65,023.00;8.50;54,575.75
Nov 16, 2023 8:00 PM;Nov 16, 2023 9:00 PM;61,505.00;61,608.50;103.50;50,850.25
Nov 16, 2023 9:00 PM;Nov 16, 2023 10:00 PM;58,001.25;58,154.75;153.50;47,155.75
Nov 16, 2023 10:00 PM;Nov 16, 2023 11:00 PM;54,987.75;55,697.75;710.00;44,380.25
Nov 16, 2023 11:00 PM;Nov 17, 2023 12:00 AM;51,538.25;53,659.25;2,121.00;40,937.75
Nov 17, 2023 12:00 AM;Nov 17, 2023 1:00 AM;48,829.00;50,787.25;1,958.25;37,941.75
Nov 17, 2023 1:00 AM;Nov 17, 2023 2:00 AM;47,412.50;50,389.25;2,976.75;36,172.50
Nov 17, 2023 2:00 AM;Nov 17, 2023 3:00 AM;47,002.25;52,213.25;5,211.00;34,383.00
Nov 17, 2023 3:00 AM;Nov 17, 2023 4:00 AM;47,592.75;53,176.75;5,584.00;34,070.25
Nov 17, 2023 4:00 AM;Nov 17, 2023 5:00 AM;48,815.00;54,265.25;5,450.25;34,739.75
Nov 17, 2023 5:00 AM;Nov 17, 2023 6:00 AM;52,067.25;55,945.25;3,878.00;38,214.00
Nov 17, 2023 6:00 AM;Nov 17, 2023 7:00 AM;59,184.25;59,910.75;726.50;45,142.00
Nov 17, 2023 7:00 AM;Nov 17, 2023 8:00 AM;64,680.75;64,914.25;233.50;51,125.25
Nov 17, 2023 8:00 AM;Nov 17, 2023 9:00 AM;67,245.00;67,255.00;10.00;53,162.50
Nov 17, 2023 9:00 AM;Nov 17, 2023 10:00 AM;67,390.25;67,438.50;48.25;51,900.00
Nov 17, 2023 10:00 AM;Nov 17, 2023 11:00 AM;67,815.75;67,913.50;97.75;50,570.00
Nov 17, 2023 11:00 AM;Nov 17, 2023 12:00 PM;67,719.50;68,117.00;397.50;49,133.75
Nov 17, 2023 12:00 PM;Nov 17, 2023 1:00 PM;67,191.50;67,406.50;215.00;48,612.75
Nov 17, 2023 1:00 PM;Nov 17, 2023 2:00 PM;65,923.50;66,112.00;188.50;49,024.75
Nov 17, 2023 2:00 PM;Nov 17, 2023 3:00 PM;64,390.00;64,498.50;108.50;50,392.50
Nov 17, 2023 3:00 PM;Nov 17, 2023 4:00 PM;63,780.00;63,956.00;176.00;53,448.50
Nov 17, 2023 4:00 PM;Nov 17, 2023 5:00 PM;64,610.25;64,617.50;7.25;56,130.75
Nov 17, 2023 5:00 PM;Nov 17, 2023 6:00 PM;66,794.25;66,798.00;3.75;57,896.50
Nov 17, 2023 6:00 PM;Nov 17, 2023 7:00 PM;66,314.25;66,319.25;5.00;57,480.75
Nov 17, 2023 7:00 PM;Nov 17, 2023 8:00 PM;64,115.75;64,120.75;5.00;55,819.50
Nov 17, 2023 8:00 PM;Nov 17, 2023 9:00 PM;60,473.75;60,522.25;48.50;52,761.00
Nov 17, 2023 9:00 PM;Nov 17, 2023 10:00 PM;56,705.75;56,976.00;270.25;49,717.75
Nov 17, 2023 10:00 PM;Nov 17, 2023 11:00 PM;53,313.50;53,387.50;74.00;47,084.50
Nov 17, 2023 11:00 PM;Nov 18, 2023 12:00 AM;50,092.00;50,176.50;84.50;43,914.25
Nov 18, 2023 12:00 AM;Nov 18, 2023 1:00 AM;47,549.50;47,745.25;195.75;41,513.50
Nov 18, 2023 1:00 AM;Nov 18, 2023 2:00 AM;45,314.75;45,489.00;174.25;39,815.00
Nov 18, 2023 2:00 AM;Nov 18, 2023 3:00 AM;43,631.25;44,029.75;398.50;38,661.25
Nov 18, 2023 3:00 AM;Nov 18, 2023 4:00 AM;43,031.25;44,139.50;1,108.25;37,671.50
Nov 18, 2023 4:00 AM;Nov 18, 2023 5:00 AM;43,236.50;44,784.00;1,547.50;37,513.25
Nov 18, 2023 5:00 AM;Nov 18, 2023 6:00 AM;43,624.75;45,000.75;1,376.00;37,409.50
Nov 18, 2023 6:00 AM;Nov 18, 2023 7:00 AM;45,007.75;45,631.75;624.00;38,173.50
Nov 18, 2023 7:00 AM;Nov 18, 2023 8:00 AM;47,742.00;47,848.50;106.50;40,416.50
Nov 18, 2023 8:00 AM;Nov 18, 2023 9:00 AM;51,102.75;51,470.75;368.00;40,943.00
Nov 18, 2023 9:00 AM;Nov 18, 2023 10:00 AM;54,014.50;54,523.00;508.50;39,833.75
Nov 18, 2023 10:00 AM;Nov 18, 2023 11:00 AM;55,483.75;55,921.25;437.50;38,035.25
Nov 18, 2023 11:00 AM;Nov 18, 2023 12:00 PM;55,938.25;56,550.00;611.75;35,238.50
Nov 18, 2023 12:00 PM;Nov 18, 2023 1:00 PM;56,251.75;57,268.25;1,016.50;35,050.75
Nov 18, 2023 1:00 PM;Nov 18, 2023 2:00 PM;54,570.00;54,708.25;138.25;34,496.25
Nov 18, 2023 2:00 PM;Nov 18, 2023 3:00 PM;53,593.00;53,825.75;232.75;33,649.50
Nov 18, 2023 3:00 PM;Nov 18, 2023 4:00 PM;54,110.25;54,306.50;196.25;34,085.00
Nov 18, 2023 4:00 PM;Nov 18, 2023 5:00 PM;56,109.50;56,592.75;483.25;32,816.75
Nov 18, 2023 5:00 PM;Nov 18, 2023 6:00 PM;58,782.75;59,644.50;861.75;31,643.75
Nov 18, 2023 6:00 PM;Nov 18, 2023 7:00 PM;58,466.50;58,962.00;495.50;28,681.00
Nov 18, 2023 7:00 PM;Nov 18, 2023 8:00 PM;56,487.75;56,843.25;355.50;24,976.75
Nov 18, 2023 8:00 PM;Nov 18, 2023 9:00 PM;53,615.50;54,491.00;875.50;21,405.25
Nov 18, 2023 9:00 PM;Nov 18, 2023 10:00 PM;51,430.25;51,976.50;546.25;18,894.50
Nov 18, 2023 10:00 PM;Nov 18, 2023 11:00 PM;49,576.25;50,150.75;574.50;17,316.50
Nov 18, 2023 11:00 PM;Nov 19, 2023 12:00 AM;46,607.50;47,442.25;834.75;14,218.50
Nov 19, 2023 12:00 AM;Nov 19, 2023 1:00 AM;44,209.75;45,866.25;1,656.50;11,370.25
Nov 19, 2023 1:00 AM;Nov 19, 2023 2:00 AM;42,632.75;45,142.50;2,509.75;9,342.75
Nov 19, 2023 2:00 AM;Nov 19, 2023 3:00 AM;41,811.00;46,089.25;4,278.25;8,722.25
Nov 19, 2023 3:00 AM;Nov 19, 2023 4:00 AM;41,902.50;46,518.50;4,616.00;9,133.75
Nov 19, 2023 4:00 AM;Nov 19, 2023 5:00 AM;42,054.25;47,743.75;5,689.50;9,256.00
Nov 19, 2023 5:00 AM;Nov 19, 2023 6:00 AM;42,161.25;47,518.75;5,357.50;8,978.50
Nov 19, 2023 6:00 AM;Nov 19, 2023 7:00 AM;42,447.50;47,688.50;5,241.00;7,298.25
Nov 19, 2023 7:00 AM;Nov 19, 2023 8:00 AM;43,945.00;47,821.75;3,876.75;7,358.00
Nov 19, 2023 8:00 AM;Nov 19, 2023 9:00 AM;46,847.25;48,991.50;2,144.25;7,121.75
Nov 19, 2023 9:00 AM;Nov 19, 2023 10:00 AM;49,894.75;51,826.00;1,931.25;7,381.25
Nov 19, 2023 10:00 AM;Nov 19, 2023 11:00 AM;52,331.00;55,401.50;3,070.50;7,578.75
Nov 19, 2023 11:00 AM;Nov 19, 2023 12:00 PM;54,455.00;57,769.75;3,314.75;7,949.50
Nov 19, 2023 12:00 PM;Nov 19, 2023 1:00 PM;54,488.50;58,402.00;3,913.50;7,356.75
Nov 19, 2023 1:00 PM;Nov 19, 2023 2:00 PM;52,335.25;56,450.75;4,115.50;7,941.50
Nov 19, 2023 2:00 PM;Nov 19, 2023 3:00 PM;51,012.50;54,170.50;3,158.00;8,571.75
Nov 19, 2023 3:00 PM;Nov 19, 2023 4:00 PM;49,889.25;50,846.00;956.75;11,329.25
Nov 19, 2023 4:00 PM;Nov 19, 2023 5:00 PM;51,740.50;52,047.75;307.25;16,977.00
Nov 19, 2023 5:00 PM;Nov 19, 2023 6:00 PM;55,086.75;55,126.00;39.25;22,099.00
Nov 19, 2023 6:00 PM;Nov 19, 2023 7:00 PM;55,772.75;55,779.75;7.00;23,386.75
Nov 19, 2023 7:00 PM;Nov 19, 2023 8:00 PM;53,814.50;53,825.00;10.50;23,098.25
Nov 19, 2023 8:00 PM;Nov 19, 2023 9:00 PM;51,359.25;51,408.75;49.50;22,246.25
Nov 19, 2023 9:00 PM;Nov 19, 2023 10:00 PM;49,200.00;49,309.75;109.75;20,998.25
Nov 19, 2023 10:00 PM;Nov 19, 2023 11:00 PM;47,660.25;47,976.50;316.25;20,916.75
Nov 19, 2023 11:00 PM;Nov 20, 2023 12:00 AM;44,711.50;45,426.50;715.00;18,618.25
Nov 20, 2023 12:00 AM;Nov 20, 2023 1:00 AM;43,286.75;45,711.75;2,425.00;18,019.25
Nov 20, 2023 1:00 AM;Nov 20, 2023 2:00 AM;41,702.00;45,848.50;4,146.50;17,068.50
Nov 20, 2023 2:00 AM;Nov 20, 2023 3:00 AM;40,900.50;45,570.75;4,670.25;16,565.25
Nov 20, 2023 3:00 AM;Nov 20, 2023 4:00 AM;41,441.25;46,243.00;4,801.75;17,523.00
Nov 20, 2023 4:00 AM;Nov 20, 2023 5:00 AM;43,367.25;47,419.50;4,052.25;20,205.00
Nov 20, 2023 5:00 AM;Nov 20, 2023 6:00 AM;47,521.00;50,985.50;3,464.50;24,399.00
Nov 20, 2023 6:00 AM;Nov 20, 2023 7:00 AM;55,973.75;56,891.25;917.50;32,569.75
Nov 20, 2023 7:00 AM;Nov 20, 2023 8:00 AM;62,648.00;62,658.75;10.75;39,675.25
Nov 20, 2023 8:00 AM;Nov 20, 2023 9:00 AM;65,298.75;65,303.25;4.50;41,905.50
Nov 20, 2023 9:00 AM;Nov 20, 2023 10:00 AM;65,678.00;65,685.25;7.25;40,414.75
Nov 20, 2023 10:00 AM;Nov 20, 2023 11:00 AM;66,472.00;66,733.75;261.75;38,544.00
Nov 20, 2023 11:00 AM;Nov 20, 2023 12:00 PM;67,168.75;67,658.25;489.50;37,453.25
Nov 20, 2023 12:00 PM;Nov 20, 2023 1:00 PM;66,421.25;67,730.75;1,309.50;36,960.50
Nov 20, 2023 1:00 PM;Nov 20, 2023 2:00 PM;65,495.25;65,949.75;454.50;38,557.50
Nov 20, 2023 2:00 PM;Nov 20, 2023 3:00 PM;64,021.00;64,342.00;321.00;41,537.75
Nov 20, 2023 3:00 PM;Nov 20, 2023 4:00 PM;64,126.25;64,257.50;131.25;46,846.00
Nov 20, 2023 4:00 PM;Nov 20, 2023 5:00 PM;64,850.50;64,964.25;113.75;50,867.50
Nov 20, 2023 5:00 PM;Nov 20, 2023 6:00 PM;66,536.25;66,538.25;2.00;53,246.00
Nov 20, 2023 6:00 PM;Nov 20, 2023 7:00 PM;66,291.25;66,292.75;1.50;52,858.50
Nov 20, 2023 7:00 PM;Nov 20, 2023 8:00 PM;64,732.75;65,170.00;437.25;51,803.50
Nov 20, 2023 8:00 PM;Nov 20, 2023 9:00 PM;61,270.50;61,284.75;14.25;49,561.00
Nov 20, 2023 9:00 PM;Nov 20, 2023 10:00 PM;57,442.25;57,518.00;75.75;46,795.50
Nov 20, 2023 10:00 PM;Nov 20, 2023 11:00 PM;54,563.50;54,893.50;330.00;44,465.50
Nov 20, 2023 11:00 PM;Nov 21, 2023 12:00 AM;51,279.25;53,211.50;1,932.25;40,783.50
Nov 21, 2023 12:00 AM;Nov 21, 2023 1:00 AM;48,420.75;51,451.75;3,031.00;37,526.50
Nov 21, 2023 1:00 AM;Nov 21, 2023 2:00 AM;46,331.25;49,799.00;3,467.75;36,259.75
Nov 21, 2023 2:00 AM;Nov 21, 2023 3:00 AM;45,550.50;48,508.75;2,958.25;36,111.75
Nov 21, 2023 3:00 AM;Nov 21, 2023 4:00 AM;46,421.25;50,078.50;3,657.25;37,348.75
Nov 21, 2023 4:00 AM;Nov 21, 2023 5:00 AM;47,944.00;51,526.25;3,582.25;39,218.50
Nov 21, 2023 5:00 AM;Nov 21, 2023 6:00 AM;51,443.50;53,777.75;2,334.25;42,643.00
Nov 21, 2023 6:00 AM;Nov 21, 2023 7:00 AM;59,410.00;59,982.75;572.75;50,015.75
Nov 21, 2023 7:00 AM;Nov 21, 2023 8:00 AM;65,124.50;65,171.50;47.00;55,301.75
Nov 21, 2023 8:00 AM;Nov 21, 2023 9:00 AM;67,212.75;67,219.00;6.25;56,354.25
Nov 21, 2023 9:00 AM;Nov 21, 2023 10:00 AM;67,427.50;67,442.00;14.50;55,116.00
Nov 21, 2023 10:00 AM;Nov 21, 2023 11:00 AM;68,332.50;68,357.75;25.25;54,039.25
Nov 21, 2023 11:00 AM;Nov 21, 2023 12:00 PM;68,426.25;68,452.25;26.00;53,741.75
Nov 21, 2023 12:00 PM;Nov 21, 2023 1:00 PM;68,063.00;68,086.75;23.75;53,294.75
Nov 21, 2023 1:00 PM;Nov 21, 2023 2:00 PM;67,288.75;67,308.50;19.75;53,320.50
Nov 21, 2023 2:00 PM;Nov 21, 2023 3:00 PM;66,412.75;66,421.25;8.50;53,102.00
Nov 21, 2023 3:00 PM;Nov 21, 2023 4:00 PM;66,637.00;66,654.25;17.25;54,736.00
Nov 21, 2023 4:00 PM;Nov 21, 2023 5:00 PM;67,230.50;67,250.50;20.00;55,894.50
Nov 21, 2023 5:00 PM;Nov 21, 2023 6:00 PM;68,759.00;68,761.75;2.75;57,144.00
Nov 21, 2023 6:00 PM;Nov 21, 2023 7:00 PM;68,009.50;68,011.50;2.00;56,126.75
Nov 21, 2023 7:00 PM;Nov 21, 2023 8:00 PM;66,009.25;66,028.00;18.75;53,709.75
Nov 21, 2023 8:00 PM;Nov 21, 2023 9:00 PM;62,465.00;62,485.50;20.50;50,507.25
Nov 21, 2023 9:00 PM;Nov 21, 2023 10:00 PM;59,206.25;59,510.75;304.50;47,542.00
Nov 21, 2023 10:00 PM;Nov 21, 2023 11:00 PM;55,899.00;56,414.50;515.50;44,450.50
Nov 21, 2023 11:00 PM;Nov 22, 2023 12:00 AM;51,839.00;53,592.00;1,753.00;40,875.75
Nov 22, 2023 12:00 AM;Nov 22, 2023 1:00 AM;48,441.50;50,173.75;1,732.25;38,456.75
Nov 22, 2023 1:00 AM;Nov 22, 2023 2:00 AM;46,969.75;49,331.50;2,361.75;37,707.75
Nov 22, 2023 2:00 AM;Nov 22, 2023 3:00 AM;46,148.00;50,682.50;4,534.50;37,422.50
Nov 22, 2023 3:00 AM;Nov 22, 2023 4:00 AM;46,783.75;51,123.50;4,339.75;38,566.75
Nov 22, 2023 4:00 AM;Nov 22, 2023 5:00 AM;48,474.00;52,679.00;4,205.00;40,424.25
Nov 22, 2023 5:00 AM;Nov 22, 2023 6:00 AM;51,449.50;53,620.75;2,171.25;43,331.25
Nov 22, 2023 6:00 AM;Nov 22, 2023 7:00 AM;58,842.00;59,140.00;298.00;50,559.00
Nov 22, 2023 7:00 AM;Nov 22, 2023 8:00 AM;64,136.75;64,473.25;336.50;55,083.75
Nov 22, 2023 8:00 AM;Nov 22, 2023 9:00 AM;66,056.25;66,076.00;19.75;55,300.25
Nov 22, 2023 9:00 AM;Nov 22, 2023 10:00 AM;67,045.00;67,092.50;47.50;52,294.25
Nov 22, 2023 10:00 AM;Nov 22, 2023 11:00 AM;67,484.25;67,497.00;12.75;49,518.25
Nov 22, 2023 11:00 AM;Nov 22, 2023 12:00 PM;68,766.50;68,836.00;69.50;47,876.25
Nov 22, 2023 12:00 PM;Nov 22, 2023 1:00 PM;68,820.00;69,357.75;537.75;45,826.25
Nov 22, 2023 1:00 PM;Nov 22, 2023 2:00 PM;67,969.50;68,347.00;377.50;46,741.00
Nov 22, 2023 2:00 PM;Nov 22, 2023 3:00 PM;67,163.50;67,178.50;15.00;48,627.00
Nov 22, 2023 3:00 PM;Nov 22, 2023 4:00 PM;67,391.00;67,400.00;9.00;50,420.00
Nov 22, 2023 4:00 PM;Nov 22, 2023 5:00 PM;68,516.00;68,562.25;46.25;52,084.50
Nov 22, 2023 5:00 PM;Nov 22, 2023 6:00 PM;70,153.25;70,236.50;83.25;51,471.75
Nov 22, 2023 6:00 PM;Nov 22, 2023 7:00 PM;69,922.75;70,018.50;95.75;48,192.50
Nov 22, 2023 7:00 PM;Nov 22, 2023 8:00 PM;68,474.75;68,743.00;268.25;44,219.50
Nov 22, 2023 8:00 PM;Nov 22, 2023 9:00 PM;64,841.50;65,278.75;437.25;38,143.75
Nov 22, 2023 9:00 PM;Nov 22, 2023 10:00 PM;60,686.50;61,473.75;787.25;32,418.00
Nov 22, 2023 10:00 PM;Nov 22, 2023 11:00 PM;57,688.50;59,153.75;1,465.25;29,070.00
Nov 22, 2023 11:00 PM;Nov 23, 2023 12:00 AM;53,901.00;56,875.25;2,974.25;23,677.75
Nov 23, 2023 12:00 AM;Nov 23, 2023 1:00 AM;50,160.50;53,128.25;2,967.75;17,416.50
Nov 23, 2023 1:00 AM;Nov 23, 2023 2:00 AM;49,001.50;53,332.75;4,331.25;14,558.50
Nov 23, 2023 2:00 AM;Nov 23, 2023 3:00 AM;48,720.00;53,431.25;4,711.25;13,096.00
Nov 23, 2023 3:00 AM;Nov 23, 2023 4:00 AM;48,837.75;53,351.50;4,513.75;11,998.25
Nov 23, 2023 4:00 AM;Nov 23, 2023 5:00 AM;50,053.25;54,256.00;4,202.75;12,730.75
Nov 23, 2023 5:00 AM;Nov 23, 2023 6:00 AM;53,129.25;55,998.25;2,869.00;15,728.00
Nov 23, 2023 6:00 AM;Nov 23, 2023 7:00 AM;60,237.75;61,364.50;1,126.75;21,085.75
Nov 23, 2023 7:00 AM;Nov 23, 2023 8:00 AM;66,211.00;66,321.25;110.25;26,751.50
Nov 23, 2023 8:00 AM;Nov 23, 2023 9:00 AM;68,282.00;68,295.25;13.25;27,902.50
Nov 23, 2023 9:00 AM;Nov 23, 2023 10:00 AM;68,378.00;68,497.50;119.50;24,988.25
Nov 23, 2023 10:00 AM;Nov 23, 2023 11:00 AM;69,339.75;69,841.25;501.50;22,920.75
Nov 23, 2023 11:00 AM;Nov 23, 2023 12:00 PM;69,824.50;70,550.25;725.75;21,179.25
Nov 23, 2023 12:00 PM;Nov 23, 2023 1:00 PM;69,668.75;70,541.75;873.00;20,220.75
Nov 23, 2023 1:00 PM;Nov 23, 2023 2:00 PM;68,875.00;69,431.25;556.25;20,121.75
Nov 23, 2023 2:00 PM;Nov 23, 2023 3:00 PM;67,599.75;68,321.25;721.50;20,395.50
Nov 23, 2023 3:00 PM;Nov 23, 2023 4:00 PM;67,467.50;67,627.75;160.25;21,970.00
Nov 23, 2023 4:00 PM;Nov 23, 2023 5:00 PM;68,513.00;68,745.25;232.25;22,899.50
Nov 23, 2023 5:00 PM;Nov 23, 2023 6:00 PM;70,465.25;70,474.75;9.50;24,029.00
Nov 23, 2023 6:00 PM;Nov 23, 2023 7:00 PM;68,970.50;69,193.50;223.00;22,368.75
Nov 23, 2023 7:00 PM;Nov 23, 2023 8:00 PM;67,078.50;67,414.25;335.75;19,788.00
Nov 23, 2023 8:00 PM;Nov 23, 2023 9:00 PM;63,479.25;64,305.00;825.75;16,615.75
Nov 23, 2023 9:00 PM;Nov 23, 2023 10:00 PM;60,240.25;62,547.75;2,307.50;13,464.25
Nov 23, 2023 10:00 PM;Nov 23, 2023 11:00 PM;56,440.00;59,227.50;2,787.50;11,322.50
Nov 23, 2023 11:00 PM;Nov 24, 2023 12:00 AM;53,039.25;56,942.75;3,903.50;8,184.25
Nov 24, 2023 12:00 AM;Nov 24, 2023 1:00 AM;49,975.25;53,627.00;3,651.75;6,064.25
Nov 24, 2023 1:00 AM;Nov 24, 2023 2:00 AM;48,225.25;52,195.75;3,970.50;5,013.50
Nov 24, 2023 2:00 AM;Nov 24, 2023 3:00 AM;46,958.25;50,599.50;3,641.25;6,424.25
Nov 24, 2023 3:00 AM;Nov 24, 2023 4:00 AM;47,209.75;50,565.25;3,355.50;8,351.75
Nov 24, 2023 4:00 AM;Nov 24, 2023 5:00 AM;48,776.25;51,696.00;2,919.75;9,574.25
Nov 24, 2023 5:00 AM;Nov 24, 2023 6:00 AM;52,791.00;55,468.75;2,677.75;14,453.00
Nov 24, 2023 6:00 AM;Nov 24, 2023 7:00 AM;59,504.00;60,956.75;1,452.75;20,403.25
Nov 24, 2023 7:00 AM;Nov 24, 2023 8:00 AM;64,859.25;64,919.75;60.50;26,281.75
Nov 24, 2023 8:00 AM;Nov 24, 2023 9:00 AM;66,810.25;66,810.50;0.25;28,051.00
Nov 24, 2023 9:00 AM;Nov 24, 2023 10:00 AM;68,139.50;68,196.50;57.00;27,319.25
Nov 24, 2023 10:00 AM;Nov 24, 2023 11:00 AM;69,345.25;69,357.50;12.25;25,772.50
Nov 24, 2023 11:00 AM;Nov 24, 2023 12:00 PM;70,099.50;70,359.00;259.50;24,007.50
Nov 24, 2023 12:00 PM;Nov 24, 2023 1:00 PM;68,782.00;69,546.50;764.50;21,581.75
Nov 24, 2023 1:00 PM;Nov 24, 2023 2:00 PM;67,949.25;69,823.00;1,873.75;21,474.50
Nov 24, 2023 2:00 PM;Nov 24, 2023 3:00 PM;66,474.50;67,422.00;947.50;21,870.50
Nov 24, 2023 3:00 PM;Nov 24, 2023 4:00 PM;65,612.75;66,325.00;712.25;24,769.50
Nov 24, 2023 4:00 PM;Nov 24, 2023 5:00 PM;66,651.00;66,775.50;124.50;27,630.75
Nov 24, 2023 5:00 PM;Nov 24, 2023 6:00 PM;68,690.50;68,701.25;10.75;28,845.00
Nov 24, 2023 6:00 PM;Nov 24, 2023 7:00 PM;68,132.50;68,172.50;40.00;27,600.50
Nov 24, 2023 7:00 PM;Nov 24, 2023 8:00 PM;66,451.75;66,605.00;153.25;26,078.25
Nov 24, 2023 8:00 PM;Nov 24, 2023 9:00 PM;62,542.75;62,902.25;359.50;22,376.50
Nov 24, 2023 9:00 PM;Nov 24, 2023 10:00 PM;59,052.00;59,899.75;847.75;20,934.75
Nov 24, 2023 10:00 PM;Nov 24, 2023 11:00 PM;55,786.25;56,533.25;747.00;19,974.50
Nov 24, 2023 11:00 PM;Nov 25, 2023 12:00 AM;53,075.75;55,145.00;2,069.25;19,188.50
Nov 25, 2023 12:00 AM;Nov 25, 2023 1:00 AM;51,341.50;55,222.50;3,881.00;19,095.00
Nov 25, 2023 1:00 AM;Nov 25, 2023 2:00 AM;49,598.00;53,768.75;4,170.75;18,923.75
Nov 25, 2023 2:00 AM;Nov 25, 2023 3:00 AM;47,886.00;52,347.50;4,461.50;18,750.00
Nov 25, 2023 3:00 AM;Nov 25, 2023 4:00 AM;46,192.25;50,994.25;4,802.00;16,740.50
Nov 25, 2023 4:00 AM;Nov 25, 2023 5:00 AM;46,213.00;50,642.50;4,429.50;17,807.25
Nov 25, 2023 5:00 AM;Nov 25, 2023 6:00 AM;46,007.00;49,928.75;3,921.75;18,659.25
Nov 25, 2023 6:00 AM;Nov 25, 2023 7:00 AM;46,278.50;49,887.50;3,609.00;19,552.50
Nov 25, 2023 7:00 AM;Nov 25, 2023 8:00 AM;49,152.25;50,838.50;1,686.25;22,570.75
Nov 25, 2023 8:00 AM;Nov 25, 2023 9:00 AM;53,087.00;53,604.50;517.50;25,198.75
Nov 25, 2023 9:00 AM;Nov 25, 2023 10:00 AM;55,903.75;56,172.25;268.50;27,497.25
Nov 25, 2023 10:00 AM;Nov 25, 2023 11:00 AM;56,736.50;57,126.50;390.00;27,581.50
Nov 25, 2023 11:00 AM;Nov 25, 2023 12:00 PM;57,779.25;58,580.75;801.50;29,216.00
Nov 25, 2023 12:00 PM;Nov 25, 2023 1:00 PM;57,905.75;59,268.50;1,362.75;29,937.50
Nov 25, 2023 1:00 PM;Nov 25, 2023 2:00 PM;56,973.00;58,733.50;1,760.50;30,590.75
Nov 25, 2023 2:00 PM;Nov 25, 2023 3:00 PM;55,912.50;56,989.75;1,077.25;31,940.50
Nov 25, 2023 3:00 PM;Nov 25, 2023 4:00 PM;55,919.50;56,785.25;865.75;33,989.00
Nov 25, 2023 4:00 PM;Nov 25, 2023 5:00 PM;58,085.25;58,399.50;314.25;35,983.75
Nov 25, 2023 5:00 PM;Nov 25, 2023 6:00 PM;60,311.50;60,452.75;141.25;38,560.50
Nov 25, 2023 6:00 PM;Nov 25, 2023 7:00 PM;60,004.50;60,036.25;31.75;38,727.75
Nov 25, 2023 7:00 PM;Nov 25, 2023 8:00 PM;57,728.25;57,733.25;5.00;38,880.00
Nov 25, 2023 8:00 PM;Nov 25, 2023 9:00 PM;55,080.75;55,090.75;10.00;37,954.25
Nov 25, 2023 9:00 PM;Nov 25, 2023 10:00 PM;52,761.00;52,824.50;63.50;38,552.00
Nov 25, 2023 10:00 PM;Nov 25, 2023 11:00 PM;50,545.75;50,569.50;23.75;38,672.50
Nov 25, 2023 11:00 PM;Nov 26, 2023 12:00 AM;47,389.00;47,447.50;58.50;36,866.25
Nov 26, 2023 12:00 AM;Nov 26, 2023 1:00 AM;45,219.25;46,247.25;1,028.00;35,726.50
Nov 26, 2023 1:00 AM;Nov 26, 2023 2:00 AM;42,920.25;43,530.00;609.75;33,605.50
Nov 26, 2023 2:00 AM;Nov 26, 2023 3:00 AM;41,855.75;43,998.50;2,142.75;32,885.75
Nov 26, 2023 3:00 AM;Nov 26, 2023 4:00 AM;41,565.25;44,085.00;2,519.75;32,626.00
Nov 26, 2023 4:00 AM;Nov 26, 2023 5:00 AM;41,911.25;45,493.25;3,582.00;32,906.50
Nov 26, 2023 5:00 AM;Nov 26, 2023 6:00 AM;42,117.25;44,969.50;2,852.25;32,630.50
Nov 26, 2023 6:00 AM;Nov 26, 2023 7:00 AM;42,538.25;45,087.00;2,548.75;32,850.50
Nov 26, 2023 7:00 AM;Nov 26, 2023 8:00 AM;43,899.50;45,020.75;1,121.25;34,570.75
Nov 26, 2023 8:00 AM;Nov 26, 2023 9:00 AM;46,952.00;47,736.25;784.25;36,766.00
Nov 26, 2023 9:00 AM;Nov 26, 2023 10:00 AM;49,893.25;50,046.25;153.00;38,446.00
Nov 26, 2023 10:00 AM;Nov 26, 2023 11:00 AM;51,866.25;51,932.25;66.00;38,693.75
Nov 26, 2023 11:00 AM;Nov 26, 2023 12:00 PM;53,915.75;54,562.25;646.50;39,349.00
Nov 26, 2023 12:00 PM;Nov 26, 2023 1:00 PM;54,108.00;54,197.00;89.00;39,741.25
Nov 26, 2023 1:00 PM;Nov 26, 2023 2:00 PM;53,156.00;53,240.00;84.00;40,185.25
Nov 26, 2023 2:00 PM;Nov 26, 2023 3:00 PM;52,597.25;53,095.00;497.75;41,265.75
Nov 26, 2023 3:00 PM;Nov 26, 2023 4:00 PM;52,973.25;53,363.25;390.00;43,428.50
Nov 26, 2023 4:00 PM;Nov 26, 2023 5:00 PM;54,655.25;54,897.75;242.50;44,101.25
Nov 26, 2023 5:00 PM;Nov 26, 2023 6:00 PM;57,126.00;57,133.75;7.75;45,808.00
Nov 26, 2023 6:00 PM;Nov 26, 2023 7:00 PM;57,422.25;57,570.00;147.75;46,297.75
Nov 26, 2023 7:00 PM;Nov 26, 2023 8:00 PM;55,850.75;55,946.00;95.25;45,119.25
Nov 26, 2023 8:00 PM;Nov 26, 2023 9:00 PM;53,463.75;53,631.50;167.75;43,510.50
Nov 26, 2023 9:00 PM;Nov 26, 2023 10:00 PM;51,418.25;51,645.00;226.75;41,765.00
Nov 26, 2023 10:00 PM;Nov 26, 2023 11:00 PM;50,284.00;50,703.75;419.75;41,013.25
Nov 26, 2023 11:00 PM;Nov 27, 2023 12:00 AM;46,905.75;47,869.50;963.75;38,129.75
Nov 27, 2023 12:00 AM;Nov 27, 2023 1:00 AM;44,881.00;46,035.25;1,154.25;36,310.50
Nov 27, 2023 1:00 AM;Nov 27, 2023 2:00 AM;43,380.50;46,122.00;2,741.50;35,229.00
Nov 27, 2023 2:00 AM;Nov 27, 2023 3:00 AM;43,186.00;46,102.75;2,916.75;35,387.25
Nov 27, 2023 3:00 AM;Nov 27, 2023 4:00 AM;43,769.50;47,195.00;3,425.50;36,108.00
Nov 27, 2023 4:00 AM;Nov 27, 2023 5:00 AM;45,616.00;49,167.75;3,551.75;37,787.00
Nov 27, 2023 5:00 AM;Nov 27, 2023 6:00 AM;49,230.25;51,232.00;2,001.75;40,620.75
Nov 27, 2023 6:00 AM;Nov 27, 2023 7:00 AM;57,828.50;58,279.50;451.00;47,615.50
Nov 27, 2023 7:00 AM;Nov 27, 2023 8:00 AM;64,125.50;64,288.75;163.25;52,353.50
Nov 27, 2023 8:00 AM;Nov 27, 2023 9:00 AM;67,007.00;67,028.75;21.75;53,179.25
Nov 27, 2023 9:00 AM;Nov 27, 2023 10:00 AM;68,029.25;68,116.75;87.50;51,608.75
Nov 27, 2023 10:00 AM;Nov 27, 2023 11:00 AM;69,316.00;69,342.00;26.00;50,218.75
Nov 27, 2023 11:00 AM;Nov 27, 2023 12:00 PM;70,232.00;70,234.25;2.25;48,943.00
Nov 27, 2023 12:00 PM;Nov 27, 2023 1:00 PM;70,353.75;70,370.50;16.75;47,471.50
Nov 27, 2023 1:00 PM;Nov 27, 2023 2:00 PM;70,516.00;70,550.75;34.75;46,986.50
Nov 27, 2023 2:00 PM;Nov 27, 2023 3:00 PM;69,670.75;69,677.50;6.75;46,707.50
Nov 27, 2023 3:00 PM;Nov 27, 2023 4:00 PM;69,892.00;69,897.25;5.25;46,482.75
Nov 27, 2023 4:00 PM;Nov 27, 2023 5:00 PM;71,303.00;71,343.00;40.00;46,052.00
Nov 27, 2023 5:00 PM;Nov 27, 2023 6:00 PM;72,274.25;72,316.50;42.25;46,383.50
Nov 27, 2023 6:00 PM;Nov 27, 2023 7:00 PM;71,683.00;71,694.25;11.25;45,373.75
Nov 27, 2023 7:00 PM;Nov 27, 2023 8:00 PM;69,693.50;69,702.00;8.50;43,596.75
Nov 27, 2023 8:00 PM;Nov 27, 2023 9:00 PM;65,914.00;66,027.75;113.75;40,429.75
Nov 27, 2023 9:00 PM;Nov 27, 2023 10:00 PM;62,302.75;63,483.25;1,180.50;36,935.25
Nov 27, 2023 10:00 PM;Nov 27, 2023 11:00 PM;59,005.00;61,496.00;2,491.00;33,930.25
Nov 27, 2023 11:00 PM;Nov 28, 2023 12:00 AM;55,222.25;58,637.75;3,415.50;29,586.75
Nov 28, 2023 12:00 AM;Nov 28, 2023 1:00 AM;52,812.00;56,989.75;4,177.75;27,773.75
Nov 28, 2023 1:00 AM;Nov 28, 2023 2:00 AM;50,949.50;54,658.75;3,709.25;26,336.25
Nov 28, 2023 2:00 AM;Nov 28, 2023 3:00 AM;49,938.50;53,865.75;3,927.25;25,339.25
Nov 28, 2023 3:00 AM;Nov 28, 2023 4:00 AM;50,161.00;54,298.00;4,137.00;25,879.75
Nov 28, 2023 4:00 AM;Nov 28, 2023 5:00 AM;51,325.50;55,303.00;3,977.50;26,347.50
Nov 28, 2023 5:00 AM;Nov 28, 2023 6:00 AM;55,057.75;58,523.50;3,465.75;29,674.50
Nov 28, 2023 6:00 AM;Nov 28, 2023 7:00 AM;63,164.50;64,359.25;1,194.75;38,304.25
Nov 28, 2023 7:00 AM;Nov 28, 2023 8:00 AM;69,461.75;69,605.50;143.75;46,099.50
Nov 28, 2023 8:00 AM;Nov 28, 2023 9:00 AM;71,447.00;71,457.25;10.25;50,719.75
Nov 28, 2023 9:00 AM;Nov 28, 2023 10:00 AM;71,464.75;71,468.00;3.25;54,006.25
Nov 28, 2023 10:00 AM;Nov 28, 2023 11:00 AM;71,878.25;71,881.00;2.75;56,774.25
Nov 28, 2023 11:00 AM;Nov 28, 2023 12:00 PM;72,066.50;72,135.25;68.75;58,872.25
Nov 28, 2023 12:00 PM;Nov 28, 2023 1:00 PM;71,924.25;72,339.75;415.50;60,076.50
Nov 28, 2023 1:00 PM;Nov 28, 2023 2:00 PM;71,375.75;71,598.75;223.00;60,755.25
Nov 28, 2023 2:00 PM;Nov 28, 2023 3:00 PM;70,685.25;71,388.50;703.25;60,839.00
Nov 28, 2023 3:00 PM;Nov 28, 2023 4:00 PM;70,365.25;70,992.25;627.00;61,080.75
Nov 28, 2023 4:00 PM;Nov 28, 2023 5:00 PM;70,908.00;71,283.00;375.00;61,163.25
Nov 28, 2023 5:00 PM;Nov 28, 2023 6:00 PM;71,637.50;71,649.50;12.00;61,757.75
Nov 28, 2023 6:00 PM;Nov 28, 2023 7:00 PM;70,616.00;70,682.25;66.25;60,424.00
Nov 28, 2023 7:00 PM;Nov 28, 2023 8:00 PM;68,749.00;68,843.75;94.75;57,502.50
Nov 28, 2023 8:00 PM;Nov 28, 2023 9:00 PM;65,060.50;65,306.75;246.25;53,103.50
Nov 28, 2023 9:00 PM;Nov 28, 2023 10:00 PM;61,910.00;62,720.25;810.25;47,892.50
Nov 28, 2023 10:00 PM;Nov 28, 2023 11:00 PM;59,137.50;60,223.25;1,085.75;43,577.25
Nov 28, 2023 11:00 PM;Nov 29, 2023 12:00 AM;56,068.00;59,110.50;3,042.50;38,162.75
Nov 29, 2023 12:00 AM;Nov 29, 2023 1:00 AM;53,582.75;58,268.75;4,686.00;34,125.75
Nov 29, 2023 1:00 AM;Nov 29, 2023 2:00 AM;51,701.75;56,475.75;4,774.00;29,868.75
Nov 29, 2023 2:00 AM;Nov 29, 2023 3:00 AM;50,982.75;56,021.25;5,038.50;27,099.25
Nov 29, 2023 3:00 AM;Nov 29, 2023 4:00 AM;51,165.50;56,508.75;5,343.25;25,401.25
Nov 29, 2023 4:00 AM;Nov 29, 2023 5:00 AM;52,985.00;57,904.00;4,919.00;25,499.75
Nov 29, 2023 5:00 AM;Nov 29, 2023 6:00 AM;56,024.75;60,124.75;4,100.00;28,009.75
Nov 29, 2023 6:00 AM;Nov 29, 2023 7:00 AM;63,073.25;64,918.00;1,844.75;34,805.00
Nov 29, 2023 7:00 AM;Nov 29, 2023 8:00 AM;68,529.75;69,414.75;885.00;40,746.75
Nov 29, 2023 8:00 AM;Nov 29, 2023 9:00 AM;71,249.75;71,607.50;357.75;44,727.00
Nov 29, 2023 9:00 AM;Nov 29, 2023 10:00 AM;71,861.75;72,008.00;146.25;46,383.00
Nov 29, 2023 10:00 AM;Nov 29, 2023 11:00 AM;72,157.75;72,166.75;9.00;47,022.00
Nov 29, 2023 11:00 AM;Nov 29, 2023 12:00 PM;72,447.00;73,850.25;1,403.25;47,441.50
Nov 29, 2023 12:00 PM;Nov 29, 2023 1:00 PM;71,943.25;73,397.00;1,453.75;47,423.75
Nov 29, 2023 1:00 PM;Nov 29, 2023 2:00 PM;71,142.25;71,954.50;812.25;48,313.50
Nov 29, 2023 2:00 PM;Nov 29, 2023 3:00 PM;70,270.00;70,502.25;232.25;50,208.50
Nov 29, 2023 3:00 PM;Nov 29, 2023 4:00 PM;69,891.75;69,961.75;70.00;52,728.50
Nov 29, 2023 4:00 PM;Nov 29, 2023 5:00 PM;70,823.00;70,825.00;2.00;55,428.50
Nov 29, 2023 5:00 PM;Nov 29, 2023 6:00 PM;72,084.25;72,085.75;1.50;57,475.75
Nov 29, 2023 6:00 PM;Nov 29, 2023 7:00 PM;71,034.00;71,035.25;1.25;57,377.00
Nov 29, 2023 7:00 PM;Nov 29, 2023 8:00 PM;69,305.75;69,307.25;1.50;56,841.25
Nov 29, 2023 8:00 PM;Nov 29, 2023 9:00 PM;65,576.25;65,582.00;5.75;55,020.75
Nov 29, 2023 9:00 PM;Nov 29, 2023 10:00 PM;61,962.50;62,131.25;168.75;53,369.75
Nov 29, 2023 10:00 PM;Nov 29, 2023 11:00 PM;58,771.50;59,114.50;343.00;51,797.00
Nov 29, 2023 11:00 PM;Nov 30, 2023 12:00 AM;55,551.75;57,996.50;2,444.75;49,503.25
Nov 30, 2023 12:00 AM;Nov 30, 2023 1:00 AM;53,191.75;57,368.00;4,176.25;47,555.75
Nov 30, 2023 1:00 AM;Nov 30, 2023 2:00 AM;51,356.25;55,945.25;4,589.00;46,744.75
Nov 30, 2023 2:00 AM;Nov 30, 2023 3:00 AM;50,530.75;55,187.00;4,656.25;46,678.00
Nov 30, 2023 3:00 AM;Nov 30, 2023 4:00 AM;50,325.00;55,027.50;4,702.50;47,315.25
Nov 30, 2023 4:00 AM;Nov 30, 2023 5:00 AM;51,474.75;55,767.25;4,292.50;48,724.50
Nov 30, 2023 5:00 AM;Nov 30, 2023 6:00 AM;54,501.50;58,719.75;4,218.25;51,952.50
Nov 30, 2023 6:00 AM;Nov 30, 2023 7:00 AM;61,326.50;63,173.75;1,847.25;59,003.25
Nov 30, 2023 7:00 AM;Nov 30, 2023 8:00 AM;67,110.25;67,231.75;121.50;64,699.00
Nov 30, 2023 8:00 AM;Nov 30, 2023 9:00 AM;70,045.00;70,047.25;2.25;67,395.00
Nov 30, 2023 9:00 AM;Nov 30, 2023 10:00 AM;70,791.75;70,796.75;5.00;67,201.25
Nov 30, 2023 10:00 AM;Nov 30, 2023 11:00 AM;71,055.25;71,105.00;49.75;66,730.00
Nov 30, 2023 11:00 AM;Nov 30, 2023 12:00 PM;71,154.25;71,156.50;2.25;66,456.00
Nov 30, 2023 12:00 PM;Nov 30, 2023 1:00 PM;70,592.50;70,608.75;16.25;66,249.75
Nov 30, 2023 1:00 PM;Nov 30, 2023 2:00 PM;70,433.00;70,572.50;139.50;66,384.50
Nov 30, 2023 2:00 PM;Nov 30, 2023 3:00 PM;69,551.50;69,744.25;192.75;66,105.00
Nov 30, 2023 3:00 PM;Nov 30, 2023 4:00 PM;69,152.25;69,203.00;50.75;66,509.50
Nov 30, 2023 4:00 PM;Nov 30, 2023 5:00 PM;69,892.25;70,090.00;197.75;67,353.50
Nov 30, 2023 5:00 PM;Nov 30, 2023 6:00 PM;71,101.00;71,103.00;2.00;67,957.75
Nov 30, 2023 6:00 PM;Nov 30, 2023 7:00 PM;70,465.00;70,471.75;6.75;67,218.50
Nov 30, 2023 7:00 PM;Nov 30, 2023 8:00 PM;68,958.50;69,026.00;67.50;65,995.50
Nov 30, 2023 8:00 PM;Nov 30, 2023 9:00 PM;65,413.00;65,581.50;168.50;62,681.75
Nov 30, 2023 9:00 PM;Nov 30, 2023 10:00 PM;62,143.25;62,593.50;450.25;59,678.50
Nov 30, 2023 10:00 PM;Nov 30, 2023 11:00 PM;58,869.00;60,084.75;1,215.75;56,479.00
Nov 30, 2023 11:00 PM;Dec 1, 2023 12:00 AM;55,461.50;58,700.50;3,239.00;53,126.00
Dec 1, 2023 12:00 AM;Dec 1, 2023 1:00 AM;52,728.50;56,246.00;3,517.50;50,253.00
Dec 1, 2023 1:00 AM;Dec 1, 2023 2:00 AM;50,960.25;54,846.25;3,886.00;48,462.00
Dec 1, 2023 2:00 AM;Dec 1, 2023 3:00 AM;50,290.75;54,689.75;4,399.00;47,245.00
Dec 1, 2023 3:00 AM;Dec 1, 2023 4:00 AM;50,326.25;54,717.75;4,391.50;47,311.75
Dec 1, 2023 4:00 AM;Dec 1, 2023 5:00 AM;51,434.25;55,781.50;4,347.25;48,020.25
Dec 1, 2023 5:00 AM;Dec 1, 2023 6:00 AM;54,261.50;57,930.00;3,668.50;50,490.00
Dec 1, 2023 6:00 AM;Dec 1, 2023 7:00 AM;61,151.25;63,878.25;2,727.00;57,670.50
Dec 1, 2023 7:00 AM;Dec 1, 2023 8:00 AM;66,647.25;67,315.75;668.50;62,887.25
Dec 1, 2023 8:00 AM;Dec 1, 2023 9:00 AM;69,752.75;69,758.75;6.00;65,989.50
Dec 1, 2023 9:00 AM;Dec 1, 2023 10:00 AM;71,026.25;71,027.50;1.25;67,331.75
Dec 1, 2023 10:00 AM;Dec 1, 2023 11:00 AM;71,507.25;71,508.25;1.00;67,530.25
Dec 1, 2023 11:00 AM;Dec 1, 2023 12:00 PM;71,573.50;71,574.50;1.00;67,677.75
Dec 1, 2023 12:00 PM;Dec 1, 2023 1:00 PM;70,998.75;71,059.50;60.75;66,984.50
Dec 1, 2023 1:00 PM;Dec 1, 2023 2:00 PM;69,909.75;69,917.25;7.50;66,006.00
Dec 1, 2023 2:00 PM;Dec 1, 2023 3:00 PM;68,505.25;68,620.50;115.25;64,916.00
Dec 1, 2023 3:00 PM;Dec 1, 2023 4:00 PM;67,935.25;67,948.00;12.75;64,124.25
Dec 1, 2023 4:00 PM;Dec 1, 2023 5:00 PM;68,778.75;68,901.25;122.50;64,228.00
Dec 1, 2023 5:00 PM;Dec 1, 2023 6:00 PM;69,726.25;69,735.50;9.25;64,325.75
Dec 1, 2023 6:00 PM;Dec 1, 2023 7:00 PM;68,478.75;68,503.50;24.75;62,755.75
Dec 1, 2023 7:00 PM;Dec 1, 2023 8:00 PM;66,429.00;66,498.75;69.75;61,039.00
Dec 1, 2023 8:00 PM;Dec 1, 2023 9:00 PM;62,935.75;63,315.00;379.25;57,841.00
Dec 1, 2023 9:00 PM;Dec 1, 2023 10:00 PM;59,754.75;60,315.75;561.00;54,899.00
Dec 1, 2023 10:00 PM;Dec 1, 2023 11:00 PM;57,189.25;57,460.25;271.00;52,564.75
Dec 1, 2023 11:00 PM;Dec 2, 2023 12:00 AM;53,734.25;54,899.00;1,164.75;49,413.00
Dec 2, 2023 12:00 AM;Dec 2, 2023 1:00 AM;50,951.00;52,351.50;1,400.50;46,834.75
Dec 2, 2023 1:00 AM;Dec 2, 2023 2:00 AM;49,284.75;52,074.25;2,789.50;45,131.00
Dec 2, 2023 2:00 AM;Dec 2, 2023 3:00 AM;48,071.25;51,305.75;3,234.50;43,986.25
Dec 2, 2023 3:00 AM;Dec 2, 2023 4:00 AM;47,471.00;51,177.25;3,706.25;43,269.75
Dec 2, 2023 4:00 AM;Dec 2, 2023 5:00 AM;47,284.25;51,236.75;3,952.50;43,220.50
Dec 2, 2023 5:00 AM;Dec 2, 2023 6:00 AM;47,510.25;50,842.75;3,332.50;43,796.25
Dec 2, 2023 6:00 AM;Dec 2, 2023 7:00 AM;48,072.75;49,612.75;1,540.00;45,027.00
Dec 2, 2023 7:00 AM;Dec 2, 2023 8:00 AM;50,826.50;51,158.75;332.25;48,247.00
Dec 2, 2023 8:00 AM;Dec 2, 2023 9:00 AM;54,426.75;54,622.00;195.25;51,988.75
Dec 2, 2023 9:00 AM;Dec 2, 2023 10:00 AM;57,869.50;57,879.75;10.25;55,270.75
Dec 2, 2023 10:00 AM;Dec 2, 2023 11:00 AM;59,535.50;59,541.00;5.50;56,620.25
Dec 2, 2023 11:00 AM;Dec 2, 2023 12:00 PM;60,819.25;60,824.50;5.25;57,555.50
Dec 2, 2023 12:00 PM;Dec 2, 2023 1:00 PM;60,861.25;60,873.75;12.50;57,523.75
Dec 2, 2023 1:00 PM;Dec 2, 2023 2:00 PM;59,769.00;59,823.25;54.25;56,637.00
Dec 2, 2023 2:00 PM;Dec 2, 2023 3:00 PM;58,933.75;59,189.75;256.00;56,030.25
Dec 2, 2023 3:00 PM;Dec 2, 2023 4:00 PM;58,748.75;58,923.50;174.75;56,129.00
Dec 2, 2023 4:00 PM;Dec 2, 2023 5:00 PM;60,026.25;60,035.50;9.25;57,098.00
Dec 2, 2023 5:00 PM;Dec 2, 2023 6:00 PM;61,702.25;61,750.50;48.25;57,937.00
Dec 2, 2023 6:00 PM;Dec 2, 2023 7:00 PM;60,994.75;61,038.75;44.00;56,288.25
Dec 2, 2023 7:00 PM;Dec 2, 2023 8:00 PM;59,059.75;59,066.00;6.25;53,594.25
Dec 2, 2023 8:00 PM;Dec 2, 2023 9:00 PM;56,194.25;56,242.00;47.75;50,617.50
Dec 2, 2023 9:00 PM;Dec 2, 2023 10:00 PM;53,921.25;53,933.00;11.75;48,215.00
Dec 2, 2023 10:00 PM;Dec 2, 2023 11:00 PM;52,643.00;53,050.75;407.75;46,942.00
Dec 2, 2023 11:00 PM;Dec 3, 2023 12:00 AM;50,178.50;50,566.50;388.00;44,259.75
Dec 3, 2023 12:00 AM;Dec 3, 2023 1:00 AM;48,174.00;49,258.50;1,084.50;41,792.25
Dec 3, 2023 1:00 AM;Dec 3, 2023 2:00 AM;46,706.00;48,517.00;1,811.00;39,846.75
Dec 3, 2023 2:00 AM;Dec 3, 2023 3:00 AM;44,840.00;46,888.50;2,048.50;37,817.25
Dec 3, 2023 3:00 AM;Dec 3, 2023 4:00 AM;44,708.75;48,330.75;3,622.00;37,203.75
Dec 3, 2023 4:00 AM;Dec 3, 2023 5:00 AM;45,097.00;49,432.75;4,335.75;37,588.50
Dec 3, 2023 5:00 AM;Dec 3, 2023 6:00 AM;44,878.00;48,820.75;3,942.75;37,431.00
Dec 3, 2023 6:00 AM;Dec 3, 2023 7:00 AM;44,776.00;48,108.75;3,332.75;36,861.75
Dec 3, 2023 7:00 AM;Dec 3, 2023 8:00 AM;46,625.00;48,712.00;2,087.00;38,108.00
Dec 3, 2023 8:00 AM;Dec 3, 2023 9:00 AM;50,219.25;51,450.25;1,231.00;41,565.25
Dec 3, 2023 9:00 AM;Dec 3, 2023 10:00 AM;53,572.25;53,862.50;290.25;44,719.25
Dec 3, 2023 10:00 AM;Dec 3, 2023 11:00 AM;55,574.75;56,106.75;532.00;45,251.75
Dec 3, 2023 11:00 AM;Dec 3, 2023 12:00 PM;57,445.50;58,042.50;597.00;46,242.00
Dec 3, 2023 12:00 PM;Dec 3, 2023 1:00 PM;56,960.25;57,291.25;331.00;45,751.50
Dec 3, 2023 1:00 PM;Dec 3, 2023 2:00 PM;55,111.25;55,602.00;490.75;45,134.75
Dec 3, 2023 2:00 PM;Dec 3, 2023 3:00 PM;54,308.25;54,533.25;225.00;45,429.25
Dec 3, 2023 3:00 PM;Dec 3, 2023 4:00 PM;54,594.25;54,750.75;156.50;47,067.50
Dec 3, 2023 4:00 PM;Dec 3, 2023 5:00 PM;56,215.75;56,221.00;5.25;48,425.50
Dec 3, 2023 5:00 PM;Dec 3, 2023 6:00 PM;58,733.00;58,736.50;3.50;49,060.00
Dec 3, 2023 6:00 PM;Dec 3, 2023 7:00 PM;59,344.25;59,346.00;1.75;48,293.50
Dec 3, 2023 7:00 PM;Dec 3, 2023 8:00 PM;58,241.25;58,245.75;4.50;45,882.50
Dec 3, 2023 8:00 PM;Dec 3, 2023 9:00 PM;56,251.00;56,269.50;18.50;42,484.00
Dec 3, 2023 9:00 PM;Dec 3, 2023 10:00 PM;54,465.75;54,794.00;328.25;39,947.50
Dec 3, 2023 10:00 PM;Dec 3, 2023 11:00 PM;53,736.00;54,791.50;1,055.50;39,000.75
Dec 3, 2023 11:00 PM;Dec 4, 2023 12:00 AM;51,389.50;53,088.25;1,698.75;36,105.50
Dec 4, 2023 12:00 AM;Dec 4, 2023 1:00 AM;49,797.50;52,666.25;2,868.75;33,716.75
Dec 4, 2023 1:00 AM;Dec 4, 2023 2:00 AM;48,673.00;52,673.50;4,000.50;31,996.25
Dec 4, 2023 2:00 AM;Dec 4, 2023 3:00 AM;47,909.50;52,334.75;4,425.25;30,985.25
Dec 4, 2023 3:00 AM;Dec 4, 2023 4:00 AM;48,262.50;52,735.25;4,472.75;30,754.75
Dec 4, 2023 4:00 AM;Dec 4, 2023 5:00 AM;49,627.25;54,098.75;4,471.50;31,542.75
Dec 4, 2023 5:00 AM;Dec 4, 2023 6:00 AM;52,730.75;56,088.50;3,357.75;34,221.75
Dec 4, 2023 6:00 AM;Dec 4, 2023 7:00 AM;60,637.75;61,403.00;765.25;41,219.75
Dec 4, 2023 7:00 AM;Dec 4, 2023 8:00 AM;67,092.25;67,103.00;10.75;47,492.00
Dec 4, 2023 8:00 AM;Dec 4, 2023 9:00 AM;70,457.00;70,460.50;3.50;50,059.00
Dec 4, 2023 9:00 AM;Dec 4, 2023 10:00 AM;71,657.75;71,659.50;1.75;51,447.00
Dec 4, 2023 10:00 AM;Dec 4, 2023 11:00 AM;72,382.25;72,384.00;1.75;52,682.50
Dec 4, 2023 11:00 AM;Dec 4, 2023 12:00 PM;73,193.00;73,196.00;3.00;54,372.00
Dec 4, 2023 12:00 PM;Dec 4, 2023 1:00 PM;73,052.50;73,060.00;7.50;54,681.00
Dec 4, 2023 1:00 PM;Dec 4, 2023 2:00 PM;72,498.00;72,504.75;6.75;54,396.75
Dec 4, 2023 2:00 PM;Dec 4, 2023 3:00 PM;71,286.75;71,335.50;48.75;53,116.00
Dec 4, 2023 3:00 PM;Dec 4, 2023 4:00 PM;71,282.75;71,375.25;92.50;51,852.50
Dec 4, 2023 4:00 PM;Dec 4, 2023 5:00 PM;72,129.00;72,184.50;55.50;50,995.25
Dec 4, 2023 5:00 PM;Dec 4, 2023 6:00 PM;73,747.50;73,748.75;1.25;51,710.25
Dec 4, 2023 6:00 PM;Dec 4, 2023 7:00 PM;73,051.75;73,052.75;1.00;50,572.75
Dec 4, 2023 7:00 PM;Dec 4, 2023 8:00 PM;71,428.75;71,453.25;24.50;48,334.00
Dec 4, 2023 8:00 PM;Dec 4, 2023 9:00 PM;67,890.50;67,982.25;91.75;44,098.50
Dec 4, 2023 9:00 PM;Dec 4, 2023 10:00 PM;64,561.75;65,370.00;808.25;40,472.25
Dec 4, 2023 10:00 PM;Dec 4, 2023 11:00 PM;61,500.75;63,677.75;2,177.00;37,640.75
Dec 4, 2023 11:00 PM;Dec 5, 2023 12:00 AM;57,874.00;60,979.00;3,105.00;33,328.00
Dec 5, 2023 12:00 AM;Dec 5, 2023 1:00 AM;55,222.25;59,339.50;4,117.25;30,118.00
Dec 5, 2023 1:00 AM;Dec 5, 2023 2:00 AM;52,632.00;57,390.25;4,758.25;27,287.00
Dec 5, 2023 2:00 AM;Dec 5, 2023 3:00 AM;51,875.25;56,997.25;5,122.00;25,962.50
Dec 5, 2023 3:00 AM;Dec 5, 2023 4:00 AM;51,997.00;56,930.75;4,933.75;26,326.50
Dec 5, 2023 4:00 AM;Dec 5, 2023 5:00 AM;53,018.50;57,533.50;4,515.00;27,287.25
Dec 5, 2023 5:00 AM;Dec 5, 2023 6:00 AM;56,545.00;60,612.25;4,067.25;30,603.25
Dec 5, 2023 6:00 AM;Dec 5, 2023 7:00 AM;63,825.25;65,538.75;1,713.50;37,652.00
Dec 5, 2023 7:00 AM;Dec 5, 2023 8:00 AM;69,611.00;69,932.50;321.50;43,219.25
Dec 5, 2023 8:00 AM;Dec 5, 2023 9:00 AM;72,263.00;72,272.00;9.00;45,900.25
Dec 5, 2023 9:00 AM;Dec 5, 2023 10:00 AM;72,580.50;72,589.00;8.50;46,377.50
Dec 5, 2023 10:00 AM;Dec 5, 2023 11:00 AM;72,845.00;72,855.50;10.50;46,973.75
Dec 5, 2023 11:00 AM;Dec 5, 2023 12:00 PM;73,001.50;73,014.75;13.25;47,942.25
Dec 5, 2023 12:00 PM;Dec 5, 2023 1:00 PM;72,608.00;72,624.25;16.25;48,468.00
Dec 5, 2023 1:00 PM;Dec 5, 2023 2:00 PM;72,025.50;72,036.75;11.25;49,054.50
Dec 5, 2023 2:00 PM;Dec 5, 2023 3:00 PM;71,006.00;71,015.50;9.50;49,442.00
Dec 5, 2023 3:00 PM;Dec 5, 2023 4:00 PM;70,847.00;70,854.00;7.00;50,158.50
Dec 5, 2023 4:00 PM;Dec 5, 2023 5:00 PM;71,626.75;71,632.25;5.50;50,806.25
Dec 5, 2023 5:00 PM;Dec 5, 2023 6:00 PM;72,676.50;72,681.50;5.00;51,468.75
Dec 5, 2023 6:00 PM;Dec 5, 2023 7:00 PM;71,718.25;71,723.75;5.50;51,614.25
Dec 5, 2023 7:00 PM;Dec 5, 2023 8:00 PM;69,877.50;69,881.75;4.25;51,098.75
Dec 5, 2023 8:00 PM;Dec 5, 2023 9:00 PM;66,629.50;66,668.50;39.00;48,615.75
Dec 5, 2023 9:00 PM;Dec 5, 2023 10:00 PM;63,830.50;64,067.25;236.75;46,700.25
Dec 5, 2023 10:00 PM;Dec 5, 2023 11:00 PM;60,300.00;60,936.75;636.75;44,741.75
Dec 5, 2023 11:00 PM;Dec 6, 2023 12:00 AM;56,872.25;58,738.25;1,866.00;42,585.00
Dec 6, 2023 12:00 AM;Dec 6, 2023 1:00 AM;54,137.00;56,962.75;2,825.75;40,715.75
Dec 6, 2023 1:00 AM;Dec 6, 2023 2:00 AM;52,288.25;55,893.25;3,605.00;39,515.75
Dec 6, 2023 2:00 AM;Dec 6, 2023 3:00 AM;51,472.75;55,815.50;4,342.75;39,170.25
Dec 6, 2023 3:00 AM;Dec 6, 2023 4:00 AM;51,883.75;56,626.75;4,743.00;39,693.25
Dec 6, 2023 4:00 AM;Dec 6, 2023 5:00 AM;52,761.50;57,319.00;4,557.50;40,771.75
Dec 6, 2023 5:00 AM;Dec 6, 2023 6:00 AM;56,018.25;59,320.25;3,302.00;44,282.50
Dec 6, 2023 6:00 AM;Dec 6, 2023 7:00 AM;62,820.50;64,182.00;1,361.50;51,172.00
Dec 6, 2023 7:00 AM;Dec 6, 2023 8:00 AM;68,221.25;68,480.00;258.75;56,845.75
Dec 6, 2023 8:00 AM;Dec 6, 2023 9:00 AM;70,688.50;70,695.50;7.00;59,701.75
Dec 6, 2023 9:00 AM;Dec 6, 2023 10:00 AM;71,808.75;71,812.25;3.50;61,019.00
Dec 6, 2023 10:00 AM;Dec 6, 2023 11:00 AM;72,590.00;72,593.00;3.00;61,743.75
Dec 6, 2023 11:00 AM;Dec 6, 2023 12:00 PM;73,197.75;73,208.75;11.00;62,558.00
Dec 6, 2023 12:00 PM;Dec 6, 2023 1:00 PM;72,803.25;72,967.25;164.00;62,388.00
Dec 6, 2023 1:00 PM;Dec 6, 2023 2:00 PM;71,844.75;71,858.00;13.25;61,955.00
Dec 6, 2023 2:00 PM;Dec 6, 2023 3:00 PM;70,487.00;70,508.50;21.50;61,432.25
Dec 6, 2023 3:00 PM;Dec 6, 2023 4:00 PM;70,164.00;70,187.00;23.00;61,736.75
Dec 6, 2023 4:00 PM;Dec 6, 2023 5:00 PM;70,491.25;70,501.50;10.25;61,913.00
Dec 6, 2023 5:00 PM;Dec 6, 2023 6:00 PM;71,443.25;71,453.00;9.75;62,627.50
Dec 6, 2023 6:00 PM;Dec 6, 2023 7:00 PM;70,552.00;70,559.00;7.00;62,158.25
Dec 6, 2023 7:00 PM;Dec 6, 2023 8:00 PM;68,845.25;68,851.00;5.75;61,032.25
Dec 6, 2023 8:00 PM;Dec 6, 2023 9:00 PM;64,776.25;65,100.50;324.25;57,639.00
Dec 6, 2023 9:00 PM;Dec 6, 2023 10:00 PM;61,533.50;62,010.75;477.25;55,110.25
Dec 6, 2023 10:00 PM;Dec 6, 2023 11:00 PM;58,348.75;59,029.00;680.25;52,597.25
Dec 6, 2023 11:00 PM;Dec 7, 2023 12:00 AM;55,265.50;58,447.75;3,182.25;50,078.25
Dec 7, 2023 12:00 AM;Dec 7, 2023 1:00 AM;52,926.25;56,510.50;3,584.25;48,020.75
Dec 7, 2023 1:00 AM;Dec 7, 2023 2:00 AM;50,873.25;55,101.50;4,228.25;46,240.50
Dec 7, 2023 2:00 AM;Dec 7, 2023 3:00 AM;49,855.50;54,824.00;4,968.50;45,579.00
Dec 7, 2023 3:00 AM;Dec 7, 2023 4:00 AM;50,141.50;55,245.50;5,104.00;46,221.00
Dec 7, 2023 4:00 AM;Dec 7, 2023 5:00 AM;51,584.00;56,303.75;4,719.75;48,234.00
Dec 7, 2023 5:00 AM;Dec 7, 2023 6:00 AM;54,391.50;57,897.75;3,506.25;51,726.50
Dec 7, 2023 6:00 AM;Dec 7, 2023 7:00 AM;61,191.00;61,670.75;479.75;58,986.50
Dec 7, 2023 7:00 AM;Dec 7, 2023 8:00 AM;66,882.25;66,892.25;10.00;64,863.00
Dec 7, 2023 8:00 AM;Dec 7, 2023 9:00 AM;69,439.75;69,445.25;5.50;66,863.50
Dec 7, 2023 9:00 AM;Dec 7, 2023 10:00 AM;70,043.00;70,049.00;6.00;65,765.75
Dec 7, 2023 10:00 AM;Dec 7, 2023 11:00 AM;70,310.00;70,327.50;17.50;64,140.75
Dec 7, 2023 11:00 AM;Dec 7, 2023 12:00 PM;70,113.25;70,129.75;16.50;62,264.25
Dec 7, 2023 12:00 PM;Dec 7, 2023 1:00 PM;69,625.00;69,658.00;33.00;60,910.50
Dec 7, 2023 1:00 PM;Dec 7, 2023 2:00 PM;69,081.25;69,161.00;79.75;60,915.25
Dec 7, 2023 2:00 PM;Dec 7, 2023 3:00 PM;67,995.50;68,028.25;32.75;61,626.25
Dec 7, 2023 3:00 PM;Dec 7, 2023 4:00 PM;67,891.75;67,907.25;15.50;63,113.50
Dec 7, 2023 4:00 PM;Dec 7, 2023 5:00 PM;69,067.25;69,071.50;4.25;63,463.50
Dec 7, 2023 5:00 PM;Dec 7, 2023 6:00 PM;70,564.00;70,567.75;3.75;62,442.75
Dec 7, 2023 6:00 PM;Dec 7, 2023 7:00 PM;70,134.00;70,391.25;257.25;59,024.25
Dec 7, 2023 7:00 PM;Dec 7, 2023 8:00 PM;69,143.50;69,543.50;400.00;55,534.25
Dec 7, 2023 8:00 PM;Dec 7, 2023 9:00 PM;65,673.75;65,948.50;274.75;50,114.25
Dec 7, 2023 9:00 PM;Dec 7, 2023 10:00 PM;62,088.50;62,829.00;740.50;44,488.25
Dec 7, 2023 10:00 PM;Dec 7, 2023 11:00 PM;58,755.00;59,871.75;1,116.75;39,745.75
Dec 7, 2023 11:00 PM;Dec 8, 2023 12:00 AM;55,089.50;57,807.75;2,718.25;35,027.50
Dec 8, 2023 12:00 AM;Dec 8, 2023 1:00 AM;50,956.75;53,289.25;2,332.50;30,022.75
Dec 8, 2023 1:00 AM;Dec 8, 2023 2:00 AM;50,143.50;53,455.00;3,311.50;28,732.50
Dec 8, 2023 2:00 AM;Dec 8, 2023 3:00 AM;49,849.00;54,384.00;4,535.00;27,651.00
Dec 8, 2023 3:00 AM;Dec 8, 2023 4:00 AM;49,935.75;54,918.00;4,982.25;27,049.00
Dec 8, 2023 4:00 AM;Dec 8, 2023 5:00 AM;50,665.25;55,287.50;4,622.25;28,207.75
Dec 8, 2023 5:00 AM;Dec 8, 2023 6:00 AM;53,087.25;56,058.50;2,971.25;31,315.00
Dec 8, 2023 6:00 AM;Dec 8, 2023 7:00 AM;60,345.75;61,463.50;1,117.75;38,749.00
Dec 8, 2023 7:00 AM;Dec 8, 2023 8:00 AM;66,559.50;66,727.50;168.00;45,628.75
Dec 8, 2023 8:00 AM;Dec 8, 2023 9:00 AM;70,040.00;70,121.50;81.50;48,723.50
Dec 8, 2023 9:00 AM;Dec 8, 2023 10:00 AM;71,133.75;71,141.00;7.25;49,038.50
Dec 8, 2023 10:00 AM;Dec 8, 2023 11:00 AM;71,838.75;72,164.25;325.50;50,477.00
Dec 8, 2023 11:00 AM;Dec 8, 2023 12:00 PM;71,695.75;71,703.00;7.25;52,744.00
Dec 8, 2023 12:00 PM;Dec 8, 2023 1:00 PM;71,345.25;71,355.50;10.25;54,045.00
Dec 8, 2023 1:00 PM;Dec 8, 2023 2:00 PM;69,956.25;69,994.50;38.25;54,978.75
Dec 8, 2023 2:00 PM;Dec 8, 2023 3:00 PM;68,534.00;68,551.50;17.50;55,424.25
Dec 8, 2023 3:00 PM;Dec 8, 2023 4:00 PM;68,110.50;68,128.00;17.50;56,104.75
Dec 8, 2023 4:00 PM;Dec 8, 2023 5:00 PM;68,753.50;68,775.00;21.50;57,467.50
Dec 8, 2023 5:00 PM;Dec 8, 2023 6:00 PM;69,154.50;69,165.00;10.50;58,698.75
Dec 8, 2023 6:00 PM;Dec 8, 2023 7:00 PM;67,546.00;67,614.50;68.50;57,441.75
Dec 8, 2023 7:00 PM;Dec 8, 2023 8:00 PM;65,497.75;65,648.25;150.50;55,679.25
Dec 8, 2023 8:00 PM;Dec 8, 2023 9:00 PM;61,522.75;61,707.75;185.00;51,592.00
Dec 8, 2023 9:00 PM;Dec 8, 2023 10:00 PM;57,934.50;58,274.00;339.50;47,791.25
Dec 8, 2023 10:00 PM;Dec 8, 2023 11:00 PM;55,004.75;55,568.50;563.75;44,034.75
Dec 8, 2023 11:00 PM;Dec 9, 2023 12:00 AM;51,477.50;51,931.50;454.00;39,248.00
Dec 9, 2023 12:00 AM;Dec 9, 2023 1:00 AM;48,143.75;48,642.50;498.75;33,984.75
Dec 9, 2023 1:00 AM;Dec 9, 2023 2:00 AM;45,746.50;46,252.75;506.25;30,790.25
Dec 9, 2023 2:00 AM;Dec 9, 2023 3:00 AM;44,378.00;44,758.50;380.50;28,499.50
Dec 9, 2023 3:00 AM;Dec 9, 2023 4:00 AM;44,087.25;45,062.75;975.50;27,128.25
Dec 9, 2023 4:00 AM;Dec 9, 2023 5:00 AM;43,860.75;44,994.75;1,134.00;27,046.00
Dec 9, 2023 5:00 AM;Dec 9, 2023 6:00 AM;44,182.75;45,080.50;897.75;27,042.75
Dec 9, 2023 6:00 AM;Dec 9, 2023 7:00 AM;45,623.50;46,621.00;997.50;27,026.50
Dec 9, 2023 7:00 AM;Dec 9, 2023 8:00 AM;49,164.75;49,838.00;673.25;29,197.75
Dec 9, 2023 8:00 AM;Dec 9, 2023 9:00 AM;52,230.75;52,407.00;176.25;30,870.25
Dec 9, 2023 9:00 AM;Dec 9, 2023 10:00 AM;55,364.00;55,582.75;218.75;31,822.75
Dec 9, 2023 10:00 AM;Dec 9, 2023 11:00 AM;56,727.75;57,176.25;448.50;30,576.25
Dec 9, 2023 11:00 AM;Dec 9, 2023 12:00 PM;57,979.75;58,727.00;747.25;29,415.75
Dec 9, 2023 12:00 PM;Dec 9, 2023 1:00 PM;57,862.00;58,161.75;299.75;28,226.50
Dec 9, 2023 1:00 PM;Dec 9, 2023 2:00 PM;56,355.75;56,887.50;531.75;26,836.25
Dec 9, 2023 2:00 PM;Dec 9, 2023 3:00 PM;55,465.00;55,653.00;188.00;26,006.50
Dec 9, 2023 3:00 PM;Dec 9, 2023 4:00 PM;56,468.00;56,588.75;120.75;25,192.00
Dec 9, 2023 4:00 PM;Dec 9, 2023 5:00 PM;58,551.25;58,796.25;245.00;22,972.25
Dec 9, 2023 5:00 PM;Dec 9, 2023 6:00 PM;61,096.25;61,835.50;739.25;21,941.25
Dec 9, 2023 6:00 PM;Dec 9, 2023 7:00 PM;60,998.75;61,532.75;534.00;20,515.25
Dec 9, 2023 7:00 PM;Dec 9, 2023 8:00 PM;59,545.00;59,935.75;390.75;17,494.50
Dec 9, 2023 8:00 PM;Dec 9, 2023 9:00 PM;55,958.25;56,437.00;478.75;14,302.50
Dec 9, 2023 9:00 PM;Dec 9, 2023 10:00 PM;53,203.25;53,964.25;761.00;12,237.50
Dec 9, 2023 10:00 PM;Dec 9, 2023 11:00 PM;51,628.50;52,991.50;1,363.00;11,460.75
Dec 9, 2023 11:00 PM;Dec 10, 2023 12:00 AM;49,360.25;51,708.00;2,347.75;8,319.00
Dec 10, 2023 12:00 AM;Dec 10, 2023 1:00 AM;46,932.00;51,023.25;4,091.25;6,412.50
Dec 10, 2023 1:00 AM;Dec 10, 2023 2:00 AM;44,587.75;49,057.50;4,469.75;5,653.00
Dec 10, 2023 2:00 AM;Dec 10, 2023 3:00 AM;43,061.00;47,642.50;4,581.50;4,994.25
Dec 10, 2023 3:00 AM;Dec 10, 2023 4:00 AM;42,615.50;47,447.25;4,831.75;6,249.00
Dec 10, 2023 4:00 AM;Dec 10, 2023 5:00 AM;42,379.25;46,745.75;4,366.50;7,167.25
Dec 10, 2023 5:00 AM;Dec 10, 2023 6:00 AM;42,607.25;46,931.75;4,324.50;8,588.25
Dec 10, 2023 6:00 AM;Dec 10, 2023 7:00 AM;42,944.50;46,840.75;3,896.25;9,410.75
Dec 10, 2023 7:00 AM;Dec 10, 2023 8:00 AM;44,491.00;47,123.75;2,632.75;10,145.25
Dec 10, 2023 8:00 AM;Dec 10, 2023 9:00 AM;47,602.25;50,178.75;2,576.50;11,839.75
Dec 10, 2023 9:00 AM;Dec 10, 2023 10:00 AM;50,807.50;51,812.25;1,004.75;12,946.00
Dec 10, 2023 10:00 AM;Dec 10, 2023 11:00 AM;53,050.00;53,840.50;790.50;13,260.75
Dec 10, 2023 11:00 AM;Dec 10, 2023 12:00 PM;55,262.25;55,925.50;663.25;13,208.75
Dec 10, 2023 12:00 PM;Dec 10, 2023 1:00 PM;55,613.00;56,946.75;1,333.75;12,367.25
Dec 10, 2023 1:00 PM;Dec 10, 2023 2:00 PM;54,228.25;55,501.00;1,272.75;11,541.25
Dec 10, 2023 2:00 PM;Dec 10, 2023 3:00 PM;53,308.50;54,509.50;1,201.00;12,739.75
Dec 10, 2023 3:00 PM;Dec 10, 2023 4:00 PM;53,064.75;53,599.25;534.50;15,247.00
Dec 10, 2023 4:00 PM;Dec 10, 2023 5:00 PM;54,685.00;54,786.75;101.75;18,290.25
Dec 10, 2023 5:00 PM;Dec 10, 2023 6:00 PM;56,323.75;56,366.25;42.50;21,056.00
Dec 10, 2023 6:00 PM;Dec 10, 2023 7:00 PM;56,466.25;56,692.50;226.25;22,987.25
Dec 10, 2023 7:00 PM;Dec 10, 2023 8:00 PM;54,777.50;54,792.50;15.00;22,438.50
Dec 10, 2023 8:00 PM;Dec 10, 2023 9:00 PM;51,947.25;52,005.25;58.00;21,205.25
Dec 10, 2023 9:00 PM;Dec 10, 2023 10:00 PM;50,167.25;50,406.00;238.75;19,369.75
Dec 10, 2023 10:00 PM;Dec 10, 2023 11:00 PM;49,353.50;49,797.25;443.75;19,837.75
Dec 10, 2023 11:00 PM;Dec 11, 2023 12:00 AM;46,502.50;47,816.50;1,314.00;17,012.50
Dec 11, 2023 12:00 AM;Dec 11, 2023 1:00 AM;44,567.50;46,738.50;2,171.00;13,048.75
Dec 11, 2023 1:00 AM;Dec 11, 2023 2:00 AM;43,230.75;46,177.25;2,946.50;10,118.00
Dec 11, 2023 2:00 AM;Dec 11, 2023 3:00 AM;43,043.00;47,009.25;3,966.25;10,062.25
Dec 11, 2023 3:00 AM;Dec 11, 2023 4:00 AM;43,651.25;47,217.50;3,566.25;10,539.75
Dec 11, 2023 4:00 AM;Dec 11, 2023 5:00 AM;44,952.50;48,027.75;3,075.25;12,906.00
Dec 11, 2023 5:00 AM;Dec 11, 2023 6:00 AM;48,085.75;50,157.75;2,072.00;17,459.75
Dec 11, 2023 6:00 AM;Dec 11, 2023 7:00 AM;56,178.75;57,013.00;834.25;26,864.25
Dec 11, 2023 7:00 AM;Dec 11, 2023 8:00 AM;62,740.00;62,758.00;18.00;34,187.75
Dec 11, 2023 8:00 AM;Dec 11, 2023 9:00 AM;65,838.25;65,855.75;17.50;37,250.75
Dec 11, 2023 9:00 AM;Dec 11, 2023 10:00 AM;66,981.00;67,048.00;67.00;37,582.75
Dec 11, 2023 10:00 AM;Dec 11, 2023 11:00 AM;67,588.50;67,663.50;75.00;36,955.00
Dec 11, 2023 11:00 AM;Dec 11, 2023 12:00 PM;68,156.00;68,231.75;75.75;36,193.75
Dec 11, 2023 12:00 PM;Dec 11, 2023 1:00 PM;67,832.25;67,906.50;74.25;35,757.75
Dec 11, 2023 1:00 PM;Dec 11, 2023 2:00 PM;67,635.75;67,871.00;235.25;35,347.25
Dec 11, 2023 2:00 PM;Dec 11, 2023 3:00 PM;66,483.00;66,656.00;173.00;34,940.50
Dec 11, 2023 3:00 PM;Dec 11, 2023 4:00 PM;66,631.25;66,693.75;62.50;36,540.25
Dec 11, 2023 4:00 PM;Dec 11, 2023 5:00 PM;67,691.50;67,786.25;94.75;38,687.50
Dec 11, 2023 5:00 PM;Dec 11, 2023 6:00 PM;68,890.25;69,012.75;122.50;40,598.25
Dec 11, 2023 6:00 PM;Dec 11, 2023 7:00 PM;67,966.75;68,092.00;125.25;40,878.25
Dec 11, 2023 7:00 PM;Dec 11, 2023 8:00 PM;66,466.00;66,848.00;382.00;40,119.00
Dec 11, 2023 8:00 PM;Dec 11, 2023 9:00 PM;62,776.75;63,114.50;337.75;37,440.00
Dec 11, 2023 9:00 PM;Dec 11, 2023 10:00 PM;59,306.50;59,831.50;525.00;35,079.75
Dec 11, 2023 10:00 PM;Dec 11, 2023 11:00 PM;55,924.50;56,874.25;949.75;33,818.50
Dec 11, 2023 11:00 PM;Dec 12, 2023 12:00 AM;52,189.50;53,697.00;1,507.50;32,322.00
Dec 12, 2023 12:00 AM;Dec 12, 2023 1:00 AM;48,860.00;51,611.50;2,751.50;31,768.00
Dec 12, 2023 1:00 AM;Dec 12, 2023 2:00 AM;47,257.00;50,864.50;3,607.50;32,874.00
Dec 12, 2023 2:00 AM;Dec 12, 2023 3:00 AM;46,554.50;50,957.75;4,403.25;34,799.00
Dec 12, 2023 3:00 AM;Dec 12, 2023 4:00 AM;46,510.50;50,685.75;4,175.25;36,646.50
Dec 12, 2023 4:00 AM;Dec 12, 2023 5:00 AM;47,564.25;50,855.75;3,291.50;39,042.25
Dec 12, 2023 5:00 AM;Dec 12, 2023 6:00 AM;50,796.00;53,321.50;2,525.50;43,146.50
Dec 12, 2023 6:00 AM;Dec 12, 2023 7:00 AM;57,922.75;58,489.00;566.25;50,864.50
Dec 12, 2023 7:00 AM;Dec 12, 2023 8:00 AM;64,374.25;64,377.25;3.00;58,068.75
Dec 12, 2023 8:00 AM;Dec 12, 2023 9:00 AM;66,967.75;66,971.25;3.50;60,833.00
Dec 12, 2023 9:00 AM;Dec 12, 2023 10:00 AM;67,144.25;67,162.75;18.50;59,498.25
Dec 12, 2023 10:00 AM;Dec 12, 2023 11:00 AM;67,323.25;67,334.50;11.25;58,254.75
Dec 12, 2023 11:00 AM;Dec 12, 2023 12:00 PM;67,324.75;67,335.00;10.25;57,955.25
Dec 12, 2023 12:00 PM;Dec 12, 2023 1:00 PM;66,978.75;66,987.50;8.75;57,833.50
Dec 12, 2023 1:00 PM;Dec 12, 2023 2:00 PM;66,588.25;66,596.75;8.50;57,761.50
Dec 12, 2023 2:00 PM;Dec 12, 2023 3:00 PM;65,960.00;65,967.25;7.25;57,131.50
Dec 12, 2023 3:00 PM;Dec 12, 2023 4:00 PM;66,028.00;66,156.00;128.00;55,851.25
Dec 12, 2023 4:00 PM;Dec 12, 2023 5:00 PM;67,126.25;67,130.75;4.50;54,567.75
Dec 12, 2023 5:00 PM;Dec 12, 2023 6:00 PM;68,119.25;68,123.50;4.25;52,907.75
Dec 12, 2023 6:00 PM;Dec 12, 2023 7:00 PM;67,565.75;67,681.00;115.25;50,489.75
Dec 12, 2023 7:00 PM;Dec 12, 2023 8:00 PM;65,873.25;66,127.00;253.75;47,514.50
Dec 12, 2023 8:00 PM;Dec 12, 2023 9:00 PM;62,745.00;63,726.00;981.00;43,098.00
Dec 12, 2023 9:00 PM;Dec 12, 2023 10:00 PM;59,846.50;61,716.00;1,869.50;39,167.25
Dec 12, 2023 10:00 PM;Dec 12, 2023 11:00 PM;56,214.25;58,943.50;2,729.25;34,853.25
Dec 12, 2023 11:00 PM;Dec 13, 2023 12:00 AM;52,219.00;55,637.50;3,418.50;30,407.50
Dec 13, 2023 12:00 AM;Dec 13, 2023 1:00 AM;48,241.25;51,828.50;3,587.25;25,825.50
Dec 13, 2023 1:00 AM;Dec 13, 2023 2:00 AM;46,476.50;50,420.50;3,944.00;24,321.00
Dec 13, 2023 2:00 AM;Dec 13, 2023 3:00 AM;46,140.50;50,244.25;4,103.75;24,290.75
Dec 13, 2023 3:00 AM;Dec 13, 2023 4:00 AM;46,914.00;51,600.75;4,686.75;25,378.50
Dec 13, 2023 4:00 AM;Dec 13, 2023 5:00 AM;48,190.00;52,101.75;3,911.75;27,203.25
Dec 13, 2023 5:00 AM;Dec 13, 2023 6:00 AM;51,359.25;54,425.50;3,066.25;30,500.25
Dec 13, 2023 6:00 AM;Dec 13, 2023 7:00 AM;59,225.50;60,442.25;1,216.75;38,915.25
Dec 13, 2023 7:00 AM;Dec 13, 2023 8:00 AM;65,780.00;66,167.25;387.25;46,169.25
Dec 13, 2023 8:00 AM;Dec 13, 2023 9:00 AM;68,473.75;68,665.25;191.50;49,194.00
Dec 13, 2023 9:00 AM;Dec 13, 2023 10:00 AM;68,281.00;68,362.25;81.25;48,277.00
Dec 13, 2023 10:00 AM;Dec 13, 2023 11:00 AM;68,598.00;68,614.75;16.75;47,312.75
Dec 13, 2023 11:00 AM;Dec 13, 2023 12:00 PM;69,273.75;69,334.75;61.00;47,550.25
Dec 13, 2023 12:00 PM;Dec 13, 2023 1:00 PM;68,755.50;69,134.00;378.50;47,503.25
Dec 13, 2023 1:00 PM;Dec 13, 2023 2:00 PM;68,235.50;68,518.00;282.50;47,952.75
Dec 13, 2023 2:00 PM;Dec 13, 2023 3:00 PM;67,260.25;67,445.75;185.50;49,057.75
Dec 13, 2023 3:00 PM;Dec 13, 2023 4:00 PM;67,095.50;67,106.50;11.00;50,421.75
Dec 13, 2023 4:00 PM;Dec 13, 2023 5:00 PM;68,660.25;68,764.50;104.25;52,131.00
Dec 13, 2023 5:00 PM;Dec 13, 2023 6:00 PM;69,741.50;69,766.50;25.00;52,494.50
Dec 13, 2023 6:00 PM;Dec 13, 2023 7:00 PM;69,518.00;69,666.25;148.25;51,647.00
Dec 13, 2023 7:00 PM;Dec 13, 2023 8:00 PM;67,861.50;68,242.00;380.50;49,894.00
Dec 13, 2023 8:00 PM;Dec 13, 2023 9:00 PM;64,156.75;64,396.00;239.25;46,672.25
Dec 13, 2023 9:00 PM;Dec 13, 2023 10:00 PM;59,946.00;60,619.25;673.25;43,149.75
Dec 13, 2023 10:00 PM;Dec 13, 2023 11:00 PM;56,888.50;58,424.00;1,535.50;41,305.25
Dec 13, 2023 11:00 PM;Dec 14, 2023 12:00 AM;52,704.50;55,313.50;2,609.00;38,183.25
Dec 14, 2023 12:00 AM;Dec 14, 2023 1:00 AM;49,606.75;53,363.75;3,757.00;36,734.25
Dec 14, 2023 1:00 AM;Dec 14, 2023 2:00 AM;47,600.50;51,748.00;4,147.50;36,409.75
Dec 14, 2023 2:00 AM;Dec 14, 2023 3:00 AM;46,396.00;50,727.50;4,331.50;36,429.00
Dec 14, 2023 3:00 AM;Dec 14, 2023 4:00 AM;46,609.75;50,667.50;4,057.75;37,652.50
Dec 14, 2023 4:00 AM;Dec 14, 2023 5:00 AM;48,161.75;51,132.00;2,970.25;40,220.25
Dec 14, 2023 5:00 AM;Dec 14, 2023 6:00 AM;51,385.00;53,868.25;2,483.25;44,698.25
Dec 14, 2023 6:00 AM;Dec 14, 2023 7:00 AM;58,209.75;58,741.50;531.75;52,428.25
Dec 14, 2023 7:00 AM;Dec 14, 2023 8:00 AM;64,171.50;64,230.50;59.00;59,147.75
Dec 14, 2023 8:00 AM;Dec 14, 2023 9:00 AM;66,708.50;66,712.25;3.75;62,246.75
Dec 14, 2023 9:00 AM;Dec 14, 2023 10:00 AM;67,028.75;67,033.75;5.00;62,096.25
Dec 14, 2023 10:00 AM;Dec 14, 2023 11:00 AM;67,965.75;67,982.50;16.75;62,072.00
Dec 14, 2023 11:00 AM;Dec 14, 2023 12:00 PM;68,013.25;68,034.25;21.00;61,641.25
Dec 14, 2023 12:00 PM;Dec 14, 2023 1:00 PM;67,784.25;67,798.00;13.75;61,078.00
Dec 14, 2023 1:00 PM;Dec 14, 2023 2:00 PM;67,127.00;67,140.00;13.00;60,699.75
Dec 14, 2023 2:00 PM;Dec 14, 2023 3:00 PM;65,909.50;65,923.75;14.25;60,313.25
Dec 14, 2023 3:00 PM;Dec 14, 2023 4:00 PM;65,297.50;65,314.25;16.75;60,571.00
Dec 14, 2023 4:00 PM;Dec 14, 2023 5:00 PM;66,039.50;66,044.75;5.25;61,326.50
Dec 14, 2023 5:00 PM;Dec 14, 2023 6:00 PM;67,171.25;67,175.00;3.75;62,219.00
Dec 14, 2023 6:00 PM;Dec 14, 2023 7:00 PM;66,322.50;66,330.00;7.50;61,151.25
Dec 14, 2023 7:00 PM;Dec 14, 2023 8:00 PM;64,448.50;64,480.00;31.50;58,690.25
Dec 14, 2023 8:00 PM;Dec 14, 2023 9:00 PM;60,639.75;60,797.75;158.00;54,174.00
Dec 14, 2023 9:00 PM;Dec 14, 2023 10:00 PM;57,506.00;57,837.00;331.00;50,324.50
Dec 14, 2023 10:00 PM;Dec 14, 2023 11:00 PM;54,431.00;54,681.50;250.50;46,721.50
Dec 14, 2023 11:00 PM;Dec 15, 2023 12:00 AM;50,714.00;51,787.75;1,073.75;42,181.25
Dec 15, 2023 12:00 AM;Dec 15, 2023 1:00 AM;47,978.50;48,949.00;970.50;38,471.25
Dec 15, 2023 1:00 AM;Dec 15, 2023 2:00 AM;46,299.00;48,539.75;2,240.75;36,265.50
Dec 15, 2023 2:00 AM;Dec 15, 2023 3:00 AM;45,532.50;49,207.25;3,674.75;34,744.00
Dec 15, 2023 3:00 AM;Dec 15, 2023 4:00 AM;45,938.25;50,127.25;4,189.00;34,905.25
Dec 15, 2023 4:00 AM;Dec 15, 2023 5:00 AM;47,091.75;51,220.25;4,128.50;35,104.25
Dec 15, 2023 5:00 AM;Dec 15, 2023 6:00 AM;50,038.50;52,173.25;2,134.75;37,873.50
Dec 15, 2023 6:00 AM;Dec 15, 2023 7:00 AM;57,472.75;57,864.50;391.75;45,576.75
Dec 15, 2023 7:00 AM;Dec 15, 2023 8:00 AM;63,560.25;63,571.75;11.50;51,415.75
Dec 15, 2023 8:00 AM;Dec 15, 2023 9:00 AM;66,302.25;66,304.50;2.25;53,602.00
Dec 15, 2023 9:00 AM;Dec 15, 2023 10:00 AM;66,932.25;66,936.25;4.00;52,344.25
Dec 15, 2023 10:00 AM;Dec 15, 2023 11:00 AM;67,836.50;67,930.75;94.25;50,922.50
Dec 15, 2023 11:00 AM;Dec 15, 2023 12:00 PM;67,790.25;67,942.25;152.00;49,947.00
Dec 15, 2023 12:00 PM;Dec 15, 2023 1:00 PM;67,208.00;67,286.25;78.25;48,905.25
Dec 15, 2023 1:00 PM;Dec 15, 2023 2:00 PM;65,754.25;65,768.25;14.00;48,072.75
Dec 15, 2023 2:00 PM;Dec 15, 2023 3:00 PM;64,185.00;64,216.75;31.75;47,462.50
Dec 15, 2023 3:00 PM;Dec 15, 2023 4:00 PM;63,917.50;63,927.50;10.00;48,741.25
Dec 15, 2023 4:00 PM;Dec 15, 2023 5:00 PM;65,125.50;65,163.75;38.25;49,337.50
Dec 15, 2023 5:00 PM;Dec 15, 2023 6:00 PM;66,023.75;66,029.00;5.25;49,156.00
Dec 15, 2023 6:00 PM;Dec 15, 2023 7:00 PM;64,853.50;64,862.00;8.50;47,836.75
Dec 15, 2023 7:00 PM;Dec 15, 2023 8:00 PM;62,900.25;62,934.00;33.75;45,821.25
Dec 15, 2023 8:00 PM;Dec 15, 2023 9:00 PM;59,410.50;59,580.75;170.25;41,830.75
Dec 15, 2023 9:00 PM;Dec 15, 2023 10:00 PM;56,269.50;56,605.75;336.25;37,638.00
Dec 15, 2023 10:00 PM;Dec 15, 2023 11:00 PM;53,393.25;53,875.75;482.50;34,122.75
Dec 15, 2023 11:00 PM;Dec 16, 2023 12:00 AM;49,722.25;50,462.25;740.00;30,003.75
Dec 16, 2023 12:00 AM;Dec 16, 2023 1:00 AM;46,931.50;48,159.50;1,228.00;26,436.75
Dec 16, 2023 1:00 AM;Dec 16, 2023 2:00 AM;45,247.50;47,961.50;2,714.00;23,948.25
Dec 16, 2023 2:00 AM;Dec 16, 2023 3:00 AM;44,111.00;47,857.50;3,746.50;22,075.50
Dec 16, 2023 3:00 AM;Dec 16, 2023 4:00 AM;44,926.50;49,846.50;4,920.00;21,649.50
Dec 16, 2023 4:00 AM;Dec 16, 2023 5:00 AM;45,632.25;50,932.50;5,300.25;21,528.00
Dec 16, 2023 5:00 AM;Dec 16, 2023 6:00 AM;46,114.25;50,669.75;4,555.50;21,803.50
Dec 16, 2023 6:00 AM;Dec 16, 2023 7:00 AM;47,086.50;49,783.75;2,697.25;21,796.50
Dec 16, 2023 7:00 AM;Dec 16, 2023 8:00 AM;50,150.50;51,744.50;1,594.00;23,778.75
Dec 16, 2023 8:00 AM;Dec 16, 2023 9:00 AM;53,929.25;54,843.50;914.25;25,431.50
Dec 16, 2023 9:00 AM;Dec 16, 2023 10:00 AM;56,919.75;57,515.75;596.00;25,534.25
Dec 16, 2023 10:00 AM;Dec 16, 2023 11:00 AM;57,738.00;58,107.75;369.75;23,238.50
Dec 16, 2023 11:00 AM;Dec 16, 2023 12:00 PM;58,084.00;60,610.00;2,526.00;21,145.25
Dec 16, 2023 12:00 PM;Dec 16, 2023 1:00 PM;57,510.50;59,766.25;2,255.75;19,268.25
Dec 16, 2023 1:00 PM;Dec 16, 2023 2:00 PM;55,763.50;58,188.75;2,425.25;18,761.00
Dec 16, 2023 2:00 PM;Dec 16, 2023 3:00 PM;54,730.50;56,302.25;1,571.75;19,612.00
Dec 16, 2023 3:00 PM;Dec 16, 2023 4:00 PM;55,051.25;55,814.25;763.00;21,912.00
Dec 16, 2023 4:00 PM;Dec 16, 2023 5:00 PM;57,239.00;57,675.25;436.25;24,856.00
Dec 16, 2023 5:00 PM;Dec 16, 2023 6:00 PM;59,110.25;59,138.75;28.50;26,510.75
Dec 16, 2023 6:00 PM;Dec 16, 2023 7:00 PM;58,596.50;58,603.75;7.25;26,726.25
Dec 16, 2023 7:00 PM;Dec 16, 2023 8:00 PM;56,950.75;56,958.75;8.00;25,360.00
Dec 16, 2023 8:00 PM;Dec 16, 2023 9:00 PM;53,779.25;53,986.75;207.50;22,203.75
Dec 16, 2023 9:00 PM;Dec 16, 2023 10:00 PM;51,679.25;52,279.25;600.00;20,857.75
Dec 16, 2023 10:00 PM;Dec 16, 2023 11:00 PM;49,967.00;50,167.75;200.75;20,582.50
Dec 16, 2023 11:00 PM;Dec 17, 2023 12:00 AM;47,858.25;48,931.50;1,073.25;18,283.00
Dec 17, 2023 12:00 AM;Dec 17, 2023 1:00 AM;44,921.25;48,080.25;3,159.00;15,699.00
Dec 17, 2023 1:00 AM;Dec 17, 2023 2:00 AM;43,204.00;45,872.25;2,668.25;15,216.00
Dec 17, 2023 2:00 AM;Dec 17, 2023 3:00 AM;42,377.50;45,388.75;3,011.25;15,693.50
Dec 17, 2023 3:00 AM;Dec 17, 2023 4:00 AM;42,329.25;46,677.75;4,348.50;15,474.00
Dec 17, 2023 4:00 AM;Dec 17, 2023 5:00 AM;42,300.75;46,855.25;4,554.50;14,780.25
Dec 17, 2023 5:00 AM;Dec 17, 2023 6:00 AM;42,326.75;46,785.00;4,458.25;14,887.25
Dec 17, 2023 6:00 AM;Dec 17, 2023 7:00 AM;43,023.25;46,913.50;3,890.25;15,464.75
Dec 17, 2023 7:00 AM;Dec 17, 2023 8:00 AM;44,800.75;46,744.00;1,943.25;17,094.75
Dec 17, 2023 8:00 AM;Dec 17, 2023 9:00 AM;47,771.75;49,083.25;1,311.50;19,176.25
Dec 17, 2023 9:00 AM;Dec 17, 2023 10:00 AM;50,660.00;52,417.25;1,757.25;18,206.00
Dec 17, 2023 10:00 AM;Dec 17, 2023 11:00 AM;52,572.75;54,767.75;2,195.00;15,891.50
Dec 17, 2023 11:00 AM;Dec 17, 2023 12:00 PM;54,085.25;55,903.25;1,818.00;14,628.25
Dec 17, 2023 12:00 PM;Dec 17, 2023 1:00 PM;54,215.00;55,946.25;1,731.25;13,109.75
Dec 17, 2023 1:00 PM;Dec 17, 2023 2:00 PM;53,365.50;55,535.75;2,170.25;13,796.00
Dec 17, 2023 2:00 PM;Dec 17, 2023 3:00 PM;51,912.25;53,286.50;1,374.25;17,991.00
Dec 17, 2023 3:00 PM;Dec 17, 2023 4:00 PM;51,859.75;52,342.50;482.75;22,474.50
Dec 17, 2023 4:00 PM;Dec 17, 2023 5:00 PM;54,474.25;54,706.50;232.25;24,873.75
Dec 17, 2023 5:00 PM;Dec 17, 2023 6:00 PM;56,864.75;56,866.00;1.25;26,360.50
Dec 17, 2023 6:00 PM;Dec 17, 2023 7:00 PM;56,933.00;56,934.00;1.00;25,744.50
Dec 17, 2023 7:00 PM;Dec 17, 2023 8:00 PM;56,208.25;56,241.50;33.25;23,998.25
Dec 17, 2023 8:00 PM;Dec 17, 2023 9:00 PM;54,117.75;54,576.25;458.50;21,488.00
Dec 17, 2023 9:00 PM;Dec 17, 2023 10:00 PM;52,143.00;52,500.00;357.00;20,216.25
Dec 17, 2023 10:00 PM;Dec 17, 2023 11:00 PM;50,949.00;51,309.50;360.50;19,801.00
Dec 17, 2023 11:00 PM;Dec 18, 2023 12:00 AM;48,488.00;50,739.25;2,251.25;17,333.25
Dec 18, 2023 12:00 AM;Dec 18, 2023 1:00 AM;47,626.00;51,343.75;3,717.75;15,513.00
Dec 18, 2023 1:00 AM;Dec 18, 2023 2:00 AM;45,561.25;49,175.50;3,614.25;13,811.50
Dec 18, 2023 2:00 AM;Dec 18, 2023 3:00 AM;45,009.25;48,633.50;3,624.25;14,262.50
Dec 18, 2023 3:00 AM;Dec 18, 2023 4:00 AM;45,357.00;49,227.75;3,870.75;14,856.25
Dec 18, 2023 4:00 AM;Dec 18, 2023 5:00 AM;47,009.75;49,746.25;2,736.50;16,794.00
Dec 18, 2023 5:00 AM;Dec 18, 2023 6:00 AM;50,682.25;51,758.25;1,076.00;20,810.00
Dec 18, 2023 6:00 AM;Dec 18, 2023 7:00 AM;58,154.50;58,379.00;224.50;27,597.00
Dec 18, 2023 7:00 AM;Dec 18, 2023 8:00 AM;64,646.00;64,652.50;6.50;34,405.25
Dec 18, 2023 8:00 AM;Dec 18, 2023 9:00 AM;67,513.25;67,516.00;2.75;37,626.00
Dec 18, 2023 9:00 AM;Dec 18, 2023 10:00 AM;68,177.00;68,180.50;3.50;34,868.25
Dec 18, 2023 10:00 AM;Dec 18, 2023 11:00 AM;68,048.25;68,069.50;21.25;31,023.25
Dec 18, 2023 11:00 AM;Dec 18, 2023 12:00 PM;68,096.75;68,253.25;156.50;28,469.25
Dec 18, 2023 12:00 PM;Dec 18, 2023 1:00 PM;67,457.75;68,451.25;993.50;27,411.50
Dec 18, 2023 1:00 PM;Dec 18, 2023 2:00 PM;66,219.75;67,175.00;955.25;27,859.75
Dec 18, 2023 2:00 PM;Dec 18, 2023 3:00 PM;64,883.75;65,134.00;250.25;30,876.75
Dec 18, 2023 3:00 PM;Dec 18, 2023 4:00 PM;65,559.25;65,670.75;111.50;35,129.25
Dec 18, 2023 4:00 PM;Dec 18, 2023 5:00 PM;67,396.50;67,410.75;14.25;37,141.75
Dec 18, 2023 5:00 PM;Dec 18, 2023 6:00 PM;69,153.25;69,162.25;9.00;36,948.25
Dec 18, 2023 6:00 PM;Dec 18, 2023 7:00 PM;68,396.25;68,406.00;9.75;34,603.75
Dec 18, 2023 7:00 PM;Dec 18, 2023 8:00 PM;66,921.50;66,946.25;24.75;31,315.00
Dec 18, 2023 8:00 PM;Dec 18, 2023 9:00 PM;63,735.50;63,905.75;170.25;27,018.00
Dec 18, 2023 9:00 PM;Dec 18, 2023 10:00 PM;60,621.50;61,212.00;590.50;23,308.00
Dec 18, 2023 10:00 PM;Dec 18, 2023 11:00 PM;56,968.50;57,853.75;885.25;20,554.25
Dec 18, 2023 11:00 PM;Dec 19, 2023 12:00 AM;53,830.00;56,198.25;2,368.25;18,510.75
Dec 19, 2023 12:00 AM;Dec 19, 2023 1:00 AM;50,845.75;54,247.25;3,401.50;15,441.00
Dec 19, 2023 1:00 AM;Dec 19, 2023 2:00 AM;49,141.25;53,613.75;4,472.50;14,518.50
Dec 19, 2023 2:00 AM;Dec 19, 2023 3:00 AM;48,181.75;52,479.00;4,297.25;14,819.75
Dec 19, 2023 3:00 AM;Dec 19, 2023 4:00 AM;48,149.25;52,048.00;3,898.75;16,338.00
Dec 19, 2023 4:00 AM;Dec 19, 2023 5:00 AM;49,179.75;52,485.50;3,305.75;19,220.00
Dec 19, 2023 5:00 AM;Dec 19, 2023 6:00 AM;52,420.25;55,353.25;2,933.00;22,674.75
Dec 19, 2023 6:00 AM;Dec 19, 2023 7:00 AM;58,784.00;59,701.50;917.50;29,311.25
Dec 19, 2023 7:00 AM;Dec 19, 2023 8:00 AM;65,025.25;65,208.50;183.25;35,941.25
Dec 19, 2023 8:00 AM;Dec 19, 2023 9:00 AM;67,993.75;67,995.75;2.00;39,326.50
Dec 19, 2023 9:00 AM;Dec 19, 2023 10:00 AM;68,262.50;68,274.25;11.75;36,792.75
Dec 19, 2023 10:00 AM;Dec 19, 2023 11:00 AM;68,737.25;68,877.00;139.75;33,457.00
Dec 19, 2023 11:00 AM;Dec 19, 2023 12:00 PM;68,866.75;69,046.75;180.00;30,399.75
Dec 19, 2023 12:00 PM;Dec 19, 2023 1:00 PM;68,542.00;69,387.75;845.75;28,363.00
Dec 19, 2023 1:00 PM;Dec 19, 2023 2:00 PM;67,706.25;67,829.50;123.25;29,701.75
Dec 19, 2023 2:00 PM;Dec 19, 2023 3:00 PM;66,952.50;67,024.75;72.25;32,106.75
Dec 19, 2023 3:00 PM;Dec 19, 2023 4:00 PM;66,924.50;66,971.50;47.00;34,149.25
Dec 19, 2023 4:00 PM;Dec 19, 2023 5:00 PM;67,796.50;67,865.75;69.25;37,009.00
Dec 19, 2023 5:00 PM;Dec 19, 2023 6:00 PM;68,725.75;68,730.75;5.00;38,197.75
Dec 19, 2023 6:00 PM;Dec 19, 2023 7:00 PM;67,876.75;67,884.25;7.50;38,140.75
Dec 19, 2023 7:00 PM;Dec 19, 2023 8:00 PM;65,490.75;65,608.75;118.00;36,086.25
Dec 19, 2023 8:00 PM;Dec 19, 2023 9:00 PM;61,251.25;61,416.50;165.25;32,183.25
Dec 19, 2023 9:00 PM;Dec 19, 2023 10:00 PM;57,581.50;57,911.50;330.00;29,049.00
Dec 19, 2023 10:00 PM;Dec 19, 2023 11:00 PM;54,587.75;54,846.00;258.25;26,145.25
Dec 19, 2023 11:00 PM;Dec 20, 2023 12:00 AM;50,592.75;51,455.00;862.25;21,865.50
Dec 20, 2023 12:00 AM;Dec 20, 2023 1:00 AM;47,120.75;49,413.50;2,292.75;18,587.25
Dec 20, 2023 1:00 AM;Dec 20, 2023 2:00 AM;45,650.75;48,862.25;3,211.50;16,635.75
Dec 20, 2023 2:00 AM;Dec 20, 2023 3:00 AM;45,173.00;49,027.00;3,854.00;15,119.75
Dec 20, 2023 3:00 AM;Dec 20, 2023 4:00 AM;46,164.25;50,755.75;4,591.50;14,229.75
Dec 20, 2023 4:00 AM;Dec 20, 2023 5:00 AM;47,495.50;51,735.25;4,239.75;14,643.00
Dec 20, 2023 5:00 AM;Dec 20, 2023 6:00 AM;50,405.75;53,785.75;3,380.00;15,277.50
Dec 20, 2023 6:00 AM;Dec 20, 2023 7:00 AM;56,060.25;57,110.50;1,050.25;20,253.00
Dec 20, 2023 7:00 AM;Dec 20, 2023 8:00 AM;62,817.50;63,024.25;206.75;24,281.50
Dec 20, 2023 8:00 AM;Dec 20, 2023 9:00 AM;66,160.75;66,166.25;5.50;25,382.00
Dec 20, 2023 9:00 AM;Dec 20, 2023 10:00 AM;66,205.25;66,282.25;77.00;24,525.50
Dec 20, 2023 10:00 AM;Dec 20, 2023 11:00 AM;66,401.25;66,713.50;312.25;21,401.00
Dec 20, 2023 11:00 AM;Dec 20, 2023 12:00 PM;66,731.50;67,887.00;1,155.50;19,429.50
Dec 20, 2023 12:00 PM;Dec 20, 2023 1:00 PM;66,515.25;67,972.25;1,457.00;17,320.25
Dec 20, 2023 1:00 PM;Dec 20, 2023 2:00 PM;66,692.50;67,512.50;820.00;17,745.00
Dec 20, 2023 2:00 PM;Dec 20, 2023 3:00 PM;65,296.75;65,733.00;436.25;18,191.75
Dec 20, 2023 3:00 PM;Dec 20, 2023 4:00 PM;65,312.25;66,578.50;1,266.25;19,939.50
Dec 20, 2023 4:00 PM;Dec 20, 2023 5:00 PM;66,115.25;66,698.50;583.25;22,209.50
Dec 20, 2023 5:00 PM;Dec 20, 2023 6:00 PM;66,661.75;66,663.50;1.75;24,290.00
Dec 20, 2023 6:00 PM;Dec 20, 2023 7:00 PM;65,351.00;65,354.75;3.75;25,211.00
Dec 20, 2023 7:00 PM;Dec 20, 2023 8:00 PM;63,657.00;63,659.25;2.25;25,251.75
Dec 20, 2023 8:00 PM;Dec 20, 2023 9:00 PM;60,935.75;61,130.50;194.75;21,283.00
Dec 20, 2023 9:00 PM;Dec 20, 2023 10:00 PM;57,713.50;58,876.75;1,163.25;17,087.25
Dec 20, 2023 10:00 PM;Dec 20, 2023 11:00 PM;54,435.50;55,346.00;910.50;15,192.00
Dec 20, 2023 11:00 PM;Dec 21, 2023 12:00 AM;50,466.75;52,011.25;1,544.50;11,534.75
Dec 21, 2023 12:00 AM;Dec 21, 2023 1:00 AM;47,128.50;49,740.25;2,611.75;7,365.75
Dec 21, 2023 1:00 AM;Dec 21, 2023 2:00 AM;45,682.25;49,423.75;3,741.50;4,673.50
Dec 21, 2023 2:00 AM;Dec 21, 2023 3:00 AM;45,062.75;49,776.75;4,714.00;3,195.50
Dec 21, 2023 3:00 AM;Dec 21, 2023 4:00 AM;44,592.25;49,606.25;5,014.00;2,434.75
Dec 21, 2023 4:00 AM;Dec 21, 2023 5:00 AM;45,592.00;50,560.00;4,968.00;3,294.25
Dec 21, 2023 5:00 AM;Dec 21, 2023 6:00 AM;48,329.50;52,862.25;4,532.75;4,812.00
Dec 21, 2023 6:00 AM;Dec 21, 2023 7:00 AM;53,988.00;56,872.25;2,884.25;7,711.00
Dec 21, 2023 7:00 AM;Dec 21, 2023 8:00 AM;59,704.75;60,145.75;441.00;10,600.75
Dec 21, 2023 8:00 AM;Dec 21, 2023 9:00 AM;63,884.00;63,926.00;42.00;12,108.50
Dec 21, 2023 9:00 AM;Dec 21, 2023 10:00 AM;65,295.75;65,391.75;96.00;12,399.00
Dec 21, 2023 10:00 AM;Dec 21, 2023 11:00 AM;65,884.75;66,122.50;237.75;12,368.00
Dec 21, 2023 11:00 AM;Dec 21, 2023 12:00 PM;66,308.25;66,376.00;67.75;11,960.25
Dec 21, 2023 12:00 PM;Dec 21, 2023 1:00 PM;66,082.75;66,134.75;52.00;11,559.75
Dec 21, 2023 1:00 PM;Dec 21, 2023 2:00 PM;65,670.00;65,945.25;275.25;11,375.75
Dec 21, 2023 2:00 PM;Dec 21, 2023 3:00 PM;64,501.50;64,734.00;232.50;12,242.50
Dec 21, 2023 3:00 PM;Dec 21, 2023 4:00 PM;63,795.75;63,928.75;133.00;12,434.25
Dec 21, 2023 4:00 PM;Dec 21, 2023 5:00 PM;64,410.25;64,503.25;93.00;13,774.50
Dec 21, 2023 5:00 PM;Dec 21, 2023 6:00 PM;65,179.25;65,316.25;137.00;15,530.75
Dec 21, 2023 6:00 PM;Dec 21, 2023 7:00 PM;64,652.75;64,761.25;108.50;15,243.75
Dec 21, 2023 7:00 PM;Dec 21, 2023 8:00 PM;62,673.50;62,840.00;166.50;13,698.75
Dec 21, 2023 8:00 PM;Dec 21, 2023 9:00 PM;59,371.25;60,117.25;746.00;10,461.50
Dec 21, 2023 9:00 PM;Dec 21, 2023 10:00 PM;55,993.75;57,687.50;1,693.75;7,918.75
Dec 21, 2023 10:00 PM;Dec 21, 2023 11:00 PM;52,738.25;53,837.50;1,099.25;7,286.50
Dec 21, 2023 11:00 PM;Dec 22, 2023 12:00 AM;49,169.75;51,637.00;2,467.25;3,786.50
Dec 22, 2023 12:00 AM;Dec 22, 2023 1:00 AM;47,861.00;52,108.50;4,247.50;3,176.50
Dec 22, 2023 1:00 AM;Dec 22, 2023 2:00 AM;45,588.25;50,273.75;4,685.50;2,087.75
Dec 22, 2023 2:00 AM;Dec 22, 2023 3:00 AM;44,360.00;49,626.25;5,266.25;1,174.00
Dec 22, 2023 3:00 AM;Dec 22, 2023 4:00 AM;44,594.50;49,881.00;5,286.50;2,901.50
Dec 22, 2023 4:00 AM;Dec 22, 2023 5:00 AM;45,862.50;50,987.50;5,125.00;2,687.25
Dec 22, 2023 5:00 AM;Dec 22, 2023 6:00 AM;47,975.50;52,620.75;4,645.25;3,850.50
Dec 22, 2023 6:00 AM;Dec 22, 2023 7:00 AM;53,161.75;56,195.50;3,033.75;5,192.50
Dec 22, 2023 7:00 AM;Dec 22, 2023 8:00 AM;57,693.75;58,556.50;862.75;8,431.25
Dec 22, 2023 8:00 AM;Dec 22, 2023 9:00 AM;60,973.25;61,346.50;373.25;10,705.75
Dec 22, 2023 9:00 AM;Dec 22, 2023 10:00 AM;62,341.50;62,945.25;603.75;11,250.75
Dec 22, 2023 10:00 AM;Dec 22, 2023 11:00 AM;62,703.50;62,951.25;247.75;10,805.50
Dec 22, 2023 11:00 AM;Dec 22, 2023 12:00 PM;63,343.75;64,152.50;808.75;10,892.25
Dec 22, 2023 12:00 PM;Dec 22, 2023 1:00 PM;63,444.25;64,397.25;953.00;12,025.75
Dec 22, 2023 1:00 PM;Dec 22, 2023 2:00 PM;62,255.25;63,374.75;1,119.50;12,128.00
Dec 22, 2023 2:00 PM;Dec 22, 2023 3:00 PM;60,549.00;61,599.25;1,050.25;13,516.00
Dec 22, 2023 3:00 PM;Dec 22, 2023 4:00 PM;59,822.25;60,539.50;717.25;13,910.50
Dec 22, 2023 4:00 PM;Dec 22, 2023 5:00 PM;61,065.00;61,221.00;156.00;14,589.00
Dec 22, 2023 5:00 PM;Dec 22, 2023 6:00 PM;61,863.00;61,870.75;7.75;15,716.75
Dec 22, 2023 6:00 PM;Dec 22, 2023 7:00 PM;61,791.75;62,306.25;514.50;15,543.75
Dec 22, 2023 7:00 PM;Dec 22, 2023 8:00 PM;59,672.50;60,660.25;987.75;13,286.75
Dec 22, 2023 8:00 PM;Dec 22, 2023 9:00 PM;56,936.00;57,999.50;1,063.50;10,156.50
Dec 22, 2023 9:00 PM;Dec 22, 2023 10:00 PM;53,933.50;55,720.25;1,786.75;6,577.75
Dec 22, 2023 10:00 PM;Dec 22, 2023 11:00 PM;51,736.75;54,650.25;2,913.50;4,488.75
Dec 22, 2023 11:00 PM;Dec 23, 2023 12:00 AM;49,004.25;52,694.50;3,690.25;1,238.00
Dec 23, 2023 12:00 AM;Dec 23, 2023 1:00 AM;45,611.00;49,773.25;4,162.25;-662.50
Dec 23, 2023 1:00 AM;Dec 23, 2023 2:00 AM;43,948.25;49,151.75;5,203.50;-17.75
Dec 23, 2023 2:00 AM;Dec 23, 2023 3:00 AM;42,538.25;47,729.50;5,191.25;-439.00
Dec 23, 2023 3:00 AM;Dec 23, 2023 4:00 AM;42,083.25;47,378.25;5,295.00;859.50
Dec 23, 2023 4:00 AM;Dec 23, 2023 5:00 AM;42,287.00;47,228.50;4,941.50;2,696.75
Dec 23, 2023 5:00 AM;Dec 23, 2023 6:00 AM;42,953.25;47,650.50;4,697.25;5,621.00
Dec 23, 2023 6:00 AM;Dec 23, 2023 7:00 AM;43,656.25;47,129.75;3,473.50;6,461.00
Dec 23, 2023 7:00 AM;Dec 23, 2023 8:00 AM;45,624.00;46,936.50;1,312.50;10,095.50
Dec 23, 2023 8:00 AM;Dec 23, 2023 9:00 AM;49,301.00;49,758.75;457.75;15,633.75
Dec 23, 2023 9:00 AM;Dec 23, 2023 10:00 AM;52,371.25;52,488.75;117.50;19,729.25
Dec 23, 2023 10:00 AM;Dec 23, 2023 11:00 AM;55,104.00;55,343.00;239.00;22,334.25
Dec 23, 2023 11:00 AM;Dec 23, 2023 12:00 PM;56,321.00;56,520.00;199.00;22,589.00
Dec 23, 2023 12:00 PM;Dec 23, 2023 1:00 PM;56,929.50;57,784.25;854.75;21,806.00
Dec 23, 2023 1:00 PM;Dec 23, 2023 2:00 PM;55,591.00;55,721.00;130.00;20,709.50
Dec 23, 2023 2:00 PM;Dec 23, 2023 3:00 PM;54,645.00;54,693.25;48.25;21,485.00
Dec 23, 2023 3:00 PM;Dec 23, 2023 4:00 PM;54,844.00;54,850.00;6.00;23,578.25
Dec 23, 2023 4:00 PM;Dec 23, 2023 5:00 PM;55,864.25;55,871.50;7.25;26,174.50
Dec 23, 2023 5:00 PM;Dec 23, 2023 6:00 PM;57,962.50;57,981.25;18.75;29,758.75
Dec 23, 2023 6:00 PM;Dec 23, 2023 7:00 PM;56,980.00;56,990.50;10.50;29,450.75
Dec 23, 2023 7:00 PM;Dec 23, 2023 8:00 PM;54,999.00;55,010.25;11.25;27,547.75
Dec 23, 2023 8:00 PM;Dec 23, 2023 9:00 PM;51,379.00;51,393.25;14.25;22,636.00
Dec 23, 2023 9:00 PM;Dec 23, 2023 10:00 PM;48,811.50;49,263.50;452.00;18,663.25
Dec 23, 2023 10:00 PM;Dec 23, 2023 11:00 PM;46,849.50;47,236.00;386.50;16,007.50
Dec 23, 2023 11:00 PM;Dec 24, 2023 12:00 AM;43,657.75;44,147.25;489.50;12,178.75
Dec 24, 2023 12:00 AM;Dec 24, 2023 1:00 AM;40,490.00;42,325.00;1,835.00;8,326.25
Dec 24, 2023 1:00 AM;Dec 24, 2023 2:00 AM;38,115.75;40,919.00;2,803.25;5,705.75
Dec 24, 2023 2:00 AM;Dec 24, 2023 3:00 AM;37,372.75;41,464.50;4,091.75;4,982.25
Dec 24, 2023 3:00 AM;Dec 24, 2023 4:00 AM;37,311.00;41,627.75;4,316.75;3,662.00
Dec 24, 2023 4:00 AM;Dec 24, 2023 5:00 AM;37,504.00;42,089.00;4,585.00;3,900.50
Dec 24, 2023 5:00 AM;Dec 24, 2023 6:00 AM;38,198.25;42,721.75;4,523.50;4,157.50
Dec 24, 2023 6:00 AM;Dec 24, 2023 7:00 AM;38,671.25;42,914.00;4,242.75;2,754.75
Dec 24, 2023 7:00 AM;Dec 24, 2023 8:00 AM;41,227.75;44,172.50;2,944.75;2,778.75
Dec 24, 2023 8:00 AM;Dec 24, 2023 9:00 AM;45,025.50;47,604.50;2,579.00;5,729.75
Dec 24, 2023 9:00 AM;Dec 24, 2023 10:00 AM;47,929.00;49,312.25;1,383.25;7,080.50
Dec 24, 2023 10:00 AM;Dec 24, 2023 11:00 AM;50,386.75;51,971.50;1,584.75;6,340.25
Dec 24, 2023 11:00 AM;Dec 24, 2023 12:00 PM;51,759.75;53,408.50;1,648.75;6,605.25
Dec 24, 2023 12:00 PM;Dec 24, 2023 1:00 PM;52,039.00;53,693.25;1,654.25;6,744.25
Dec 24, 2023 1:00 PM;Dec 24, 2023 2:00 PM;51,259.50;53,182.25;1,922.75;6,126.25
Dec 24, 2023 2:00 PM;Dec 24, 2023 3:00 PM;50,664.00;52,380.75;1,716.75;5,370.75
Dec 24, 2023 3:00 PM;Dec 24, 2023 4:00 PM;50,651.75;52,494.75;1,843.00;4,984.50
Dec 24, 2023 4:00 PM;Dec 24, 2023 5:00 PM;51,884.75;52,880.00;995.25;6,210.00
Dec 24, 2023 5:00 PM;Dec 24, 2023 6:00 PM;53,196.50;54,048.25;851.75;6,594.75
Dec 24, 2023 6:00 PM;Dec 24, 2023 7:00 PM;51,705.50;52,729.25;1,023.75;6,371.25
Dec 24, 2023 7:00 PM;Dec 24, 2023 8:00 PM;48,795.75;50,140.00;1,344.25;5,423.00
Dec 24, 2023 8:00 PM;Dec 24, 2023 9:00 PM;46,668.50;48,052.00;1,383.50;3,899.25
Dec 24, 2023 9:00 PM;Dec 24, 2023 10:00 PM;45,515.75;47,508.00;1,992.25;2,509.50
Dec 24, 2023 10:00 PM;Dec 24, 2023 11:00 PM;45,162.75;47,643.25;2,480.50;2,423.75
Dec 24, 2023 11:00 PM;Dec 25, 2023 12:00 AM;43,012.00;45,756.50;2,744.50;2,327.00
Dec 25, 2023 12:00 AM;Dec 25, 2023 1:00 AM;40,748.00;42,917.75;2,169.75;1,654.50
Dec 25, 2023 1:00 AM;Dec 25, 2023 2:00 AM;38,502.00;41,830.50;3,328.50;137.00
Dec 25, 2023 2:00 AM;Dec 25, 2023 3:00 AM;36,941.00;40,531.00;3,590.00;-806.25
Dec 25, 2023 3:00 AM;Dec 25, 2023 4:00 AM;37,002.00;41,231.50;4,229.50;352.25
Dec 25, 2023 4:00 AM;Dec 25, 2023 5:00 AM;37,503.00;41,702.50;4,199.50;1,311.75
Dec 25, 2023 5:00 AM;Dec 25, 2023 6:00 AM;37,378.25;40,791.00;3,412.75;943.75
Dec 25, 2023 6:00 AM;Dec 25, 2023 7:00 AM;38,371.50;40,738.75;2,367.25;703.25
Dec 25, 2023 7:00 AM;Dec 25, 2023 8:00 AM;39,814.75;41,614.75;1,800.00;2,809.00
Dec 25, 2023 8:00 AM;Dec 25, 2023 9:00 AM;43,037.50;44,583.75;1,546.25;3,298.75
Dec 25, 2023 9:00 AM;Dec 25, 2023 10:00 AM;46,232.75;47,694.00;1,461.25;6,901.50
Dec 25, 2023 10:00 AM;Dec 25, 2023 11:00 AM;48,835.00;49,908.00;1,073.00;7,608.75
Dec 25, 2023 11:00 AM;Dec 25, 2023 12:00 PM;50,712.00;51,832.25;1,120.25;8,295.75
Dec 25, 2023 12:00 PM;Dec 25, 2023 1:00 PM;49,990.25;51,262.25;1,272.00;7,913.25
Dec 25, 2023 1:00 PM;Dec 25, 2023 2:00 PM;48,024.00;49,813.00;1,789.00;7,888.75
Dec 25, 2023 2:00 PM;Dec 25, 2023 3:00 PM;46,666.25;48,009.00;1,342.75;9,572.00
Dec 25, 2023 3:00 PM;Dec 25, 2023 4:00 PM;45,819.50;46,328.00;508.50;12,019.50
Dec 25, 2023 4:00 PM;Dec 25, 2023 5:00 PM;47,661.75;47,895.25;233.50;16,635.75
Dec 25, 2023 5:00 PM;Dec 25, 2023 6:00 PM;49,707.75;49,785.75;78.00;20,510.25
Dec 25, 2023 6:00 PM;Dec 25, 2023 7:00 PM;49,848.75;49,857.50;8.75;19,806.25
Dec 25, 2023 7:00 PM;Dec 25, 2023 8:00 PM;48,558.00;48,569.25;11.25;18,106.00
Dec 25, 2023 8:00 PM;Dec 25, 2023 9:00 PM;46,740.00;46,752.00;12.00;14,796.50
Dec 25, 2023 9:00 PM;Dec 25, 2023 10:00 PM;45,421.50;46,066.50;645.00;11,196.00
Dec 25, 2023 10:00 PM;Dec 25, 2023 11:00 PM;44,197.25;45,967.00;1,769.75;8,811.25
Dec 25, 2023 11:00 PM;Dec 26, 2023 12:00 AM;41,484.25;44,666.50;3,182.25;5,373.75
Dec 26, 2023 12:00 AM;Dec 26, 2023 1:00 AM;39,132.50;42,293.00;3,160.50;4,253.75
Dec 26, 2023 1:00 AM;Dec 26, 2023 2:00 AM;36,787.50;39,531.00;2,743.50;2,348.00
Dec 26, 2023 2:00 AM;Dec 26, 2023 3:00 AM;36,454.50;40,187.50;3,733.00;2,163.50
Dec 26, 2023 3:00 AM;Dec 26, 2023 4:00 AM;36,768.25;40,886.00;4,117.75;2,021.50
Dec 26, 2023 4:00 AM;Dec 26, 2023 5:00 AM;37,293.75;41,090.50;3,796.75;1,787.00
Dec 26, 2023 5:00 AM;Dec 26, 2023 6:00 AM;38,156.50;41,777.75;3,621.25;1,074.00
Dec 26, 2023 6:00 AM;Dec 26, 2023 7:00 AM;38,207.50;41,156.25;2,948.75;327.50
Dec 26, 2023 7:00 AM;Dec 26, 2023 8:00 AM;39,996.00;41,943.75;1,947.75;315.25
Dec 26, 2023 8:00 AM;Dec 26, 2023 9:00 AM;43,008.75;44,925.75;1,917.00;2,416.75
Dec 26, 2023 9:00 AM;Dec 26, 2023 10:00 AM;46,644.75;48,281.00;1,636.25;1,894.25
Dec 26, 2023 10:00 AM;Dec 26, 2023 11:00 AM;48,988.75;50,732.00;1,743.25;1,767.50
Dec 26, 2023 11:00 AM;Dec 26, 2023 12:00 PM;51,084.00;53,013.75;1,929.75;2,228.75
Dec 26, 2023 12:00 PM;Dec 26, 2023 1:00 PM;50,481.50;52,372.00;1,890.50;2,623.00
Dec 26, 2023 1:00 PM;Dec 26, 2023 2:00 PM;48,736.25;50,717.25;1,981.00;581.50
Dec 26, 2023 2:00 PM;Dec 26, 2023 3:00 PM;47,156.25;48,637.00;1,480.75;1,796.00
Dec 26, 2023 3:00 PM;Dec 26, 2023 4:00 PM;47,292.75;48,677.50;1,384.75;3,781.50
Dec 26, 2023 4:00 PM;Dec 26, 2023 5:00 PM;49,646.75;51,498.50;1,851.75;8,121.00
Dec 26, 2023 5:00 PM;Dec 26, 2023 6:00 PM;51,636.50;52,703.75;1,067.25;11,315.25
Dec 26, 2023 6:00 PM;Dec 26, 2023 7:00 PM;51,712.00;51,807.25;95.25;13,495.50
Dec 26, 2023 7:00 PM;Dec 26, 2023 8:00 PM;50,889.75;50,898.00;8.25;15,382.25
Dec 26, 2023 8:00 PM;Dec 26, 2023 9:00 PM;49,195.00;49,689.00;494.00;15,427.25
Dec 26, 2023 9:00 PM;Dec 26, 2023 10:00 PM;47,721.75;48,551.75;830.00;15,910.00
Dec 26, 2023 10:00 PM;Dec 26, 2023 11:00 PM;46,525.25;46,930.25;405.00;17,408.25
Dec 26, 2023 11:00 PM;Dec 27, 2023 12:00 AM;43,675.75;43,923.50;247.75;17,164.00
Dec 27, 2023 12:00 AM;Dec 27, 2023 1:00 AM;40,705.25;41,193.25;488.00;17,243.50
Dec 27, 2023 1:00 AM;Dec 27, 2023 2:00 AM;38,259.75;39,588.75;1,329.00;17,372.50
Dec 27, 2023 2:00 AM;Dec 27, 2023 3:00 AM;38,014.75;40,019.00;2,004.25;20,218.25
Dec 27, 2023 3:00 AM;Dec 27, 2023 4:00 AM;37,749.50;39,652.50;1,903.00;22,476.00
Dec 27, 2023 4:00 AM;Dec 27, 2023 5:00 AM;38,485.75;39,759.00;1,273.25;25,531.50
Dec 27, 2023 5:00 AM;Dec 27, 2023 6:00 AM;40,620.00;41,304.50;684.50;29,278.25
Dec 27, 2023 6:00 AM;Dec 27, 2023 7:00 AM;43,778.25;44,306.00;527.75;33,497.75
Dec 27, 2023 7:00 AM;Dec 27, 2023 8:00 AM;47,341.00;47,506.25;165.25;37,732.75
Dec 27, 2023 8:00 AM;Dec 27, 2023 9:00 AM;49,955.00;49,959.75;4.75;39,698.75
Dec 27, 2023 9:00 AM;Dec 27, 2023 10:00 AM;51,596.50;51,825.25;228.75;37,114.75
Dec 27, 2023 10:00 AM;Dec 27, 2023 11:00 AM;52,376.25;52,586.00;209.75;32,681.25
Dec 27, 2023 11:00 AM;Dec 27, 2023 12:00 PM;53,418.00;53,655.50;237.50;29,761.00
Dec 27, 2023 12:00 PM;Dec 27, 2023 1:00 PM;53,167.50;53,240.75;73.25;28,601.50
Dec 27, 2023 1:00 PM;Dec 27, 2023 2:00 PM;51,957.00;51,993.00;36.00;29,238.75
Dec 27, 2023 2:00 PM;Dec 27, 2023 3:00 PM;51,105.75;51,116.00;10.25;30,487.75
Dec 27, 2023 3:00 PM;Dec 27, 2023 4:00 PM;51,305.25;51,335.00;29.75;30,432.50
Dec 27, 2023 4:00 PM;Dec 27, 2023 5:00 PM;53,489.25;53,687.50;198.25;29,098.75
Dec 27, 2023 5:00 PM;Dec 27, 2023 6:00 PM;56,062.75;56,246.00;183.25;27,583.75
Dec 27, 2023 6:00 PM;Dec 27, 2023 7:00 PM;55,988.75;56,099.50;110.75;23,958.00
Dec 27, 2023 7:00 PM;Dec 27, 2023 8:00 PM;54,357.00;54,693.25;336.25;19,448.25
Dec 27, 2023 8:00 PM;Dec 27, 2023 9:00 PM;51,953.75;52,313.00;359.25;14,456.75
Dec 27, 2023 9:00 PM;Dec 27, 2023 10:00 PM;50,487.00;51,859.75;1,372.75;9,911.50
Dec 27, 2023 10:00 PM;Dec 27, 2023 11:00 PM;48,724.75;50,497.50;1,772.75;7,302.00
Dec 27, 2023 11:00 PM;Dec 28, 2023 12:00 AM;46,163.75;49,655.00;3,491.25;4,261.25
Dec 28, 2023 12:00 AM;Dec 28, 2023 1:00 AM;42,851.00;46,944.00;4,093.00;3,442.25
Dec 28, 2023 1:00 AM;Dec 28, 2023 2:00 AM;41,303.25;46,110.25;4,807.00;3,683.50
Dec 28, 2023 2:00 AM;Dec 28, 2023 3:00 AM;40,498.50;45,420.50;4,922.00;4,008.25
Dec 28, 2023 3:00 AM;Dec 28, 2023 4:00 AM;40,448.75;45,096.75;4,648.00;2,545.75
Dec 28, 2023 4:00 AM;Dec 28, 2023 5:00 AM;40,706.25;45,572.75;4,866.50;4,114.25
Dec 28, 2023 5:00 AM;Dec 28, 2023 6:00 AM;42,294.00;47,009.25;4,715.25;5,212.00
Dec 28, 2023 6:00 AM;Dec 28, 2023 7:00 AM;46,109.50;50,234.25;4,124.75;4,957.25
Dec 28, 2023 7:00 AM;Dec 28, 2023 8:00 AM;49,127.75;51,182.75;2,055.00;6,548.50
Dec 28, 2023 8:00 AM;Dec 28, 2023 9:00 AM;51,709.75;52,441.50;731.75;8,044.50
Dec 28, 2023 9:00 AM;Dec 28, 2023 10:00 AM;53,789.25;54,190.50;401.25;7,686.75
Dec 28, 2023 10:00 AM;Dec 28, 2023 11:00 AM;54,503.50;54,981.75;478.25;6,213.25
Dec 28, 2023 11:00 AM;Dec 28, 2023 12:00 PM;55,686.25;56,137.75;451.50;5,543.25
Dec 28, 2023 12:00 PM;Dec 28, 2023 1:00 PM;56,309.50;57,116.75;807.25;6,090.50
Dec 28, 2023 1:00 PM;Dec 28, 2023 2:00 PM;55,094.25;55,732.75;638.50;5,793.50
Dec 28, 2023 2:00 PM;Dec 28, 2023 3:00 PM;53,881.25;54,265.75;384.50;7,015.50
Dec 28, 2023 3:00 PM;Dec 28, 2023 4:00 PM;54,329.50;54,769.50;440.00;9,778.50
Dec 28, 2023 4:00 PM;Dec 28, 2023 5:00 PM;55,761.00;56,006.00;245.00;12,196.75
Dec 28, 2023 5:00 PM;Dec 28, 2023 6:00 PM;57,689.50;57,697.25;7.75;13,633.25
Dec 28, 2023 6:00 PM;Dec 28, 2023 7:00 PM;58,092.75;58,372.25;279.50;13,006.00
Dec 28, 2023 7:00 PM;Dec 28, 2023 8:00 PM;56,561.50;56,850.00;288.50;10,736.00
Dec 28, 2023 8:00 PM;Dec 28, 2023 9:00 PM;53,132.00;53,529.75;397.75;6,865.75
Dec 28, 2023 9:00 PM;Dec 28, 2023 10:00 PM;50,779.00;51,218.00;439.00;3,579.50
Dec 28, 2023 10:00 PM;Dec 28, 2023 11:00 PM;48,664.75;49,902.25;1,237.50;2,240.25
Dec 28, 2023 11:00 PM;Dec 29, 2023 12:00 AM;45,643.50;48,903.50;3,260.00;-747.50
Dec 29, 2023 12:00 AM;Dec 29, 2023 1:00 AM;42,415.50;47,095.25;4,679.75;195.00
Dec 29, 2023 1:00 AM;Dec 29, 2023 2:00 AM;40,167.75;45,048.00;4,880.25;-240.75
Dec 29, 2023 2:00 AM;Dec 29, 2023 3:00 AM;38,922.75;43,573.50;4,650.75;-405.75
Dec 29, 2023 3:00 AM;Dec 29, 2023 4:00 AM;39,096.25;43,727.00;4,630.75;450.75
Dec 29, 2023 4:00 AM;Dec 29, 2023 5:00 AM;39,806.25;44,145.25;4,339.00;1,931.50
Dec 29, 2023 5:00 AM;Dec 29, 2023 6:00 AM;42,067.00;46,261.00;4,194.00;1,641.75
Dec 29, 2023 6:00 AM;Dec 29, 2023 7:00 AM;45,013.75;48,728.50;3,714.75;2,034.75
Dec 29, 2023 7:00 AM;Dec 29, 2023 8:00 AM;47,597.00;49,283.75;1,686.75;2,791.25
Dec 29, 2023 8:00 AM;Dec 29, 2023 9:00 AM;51,418.50;52,343.25;924.75;1,990.50
Dec 29, 2023 9:00 AM;Dec 29, 2023 10:00 AM;53,469.75;54,228.75;759.00;2,683.25
Dec 29, 2023 10:00 AM;Dec 29, 2023 11:00 AM;54,636.75;55,977.00;1,340.25;2,032.25
Dec 29, 2023 11:00 AM;Dec 29, 2023 12:00 PM;55,545.25;57,585.00;2,039.75;2,043.50
Dec 29, 2023 12:00 PM;Dec 29, 2023 1:00 PM;55,927.00;58,210.50;2,283.50;1,358.75
Dec 29, 2023 1:00 PM;Dec 29, 2023 2:00 PM;54,719.00;57,414.75;2,695.75;1,112.25
Dec 29, 2023 2:00 PM;Dec 29, 2023 3:00 PM;53,837.00;55,317.00;1,480.00;3,077.00
Dec 29, 2023 3:00 PM;Dec 29, 2023 4:00 PM;54,225.50;54,848.75;623.25;5,781.25
Dec 29, 2023 4:00 PM;Dec 29, 2023 5:00 PM;55,284.00;55,680.50;396.50;8,369.25
Dec 29, 2023 5:00 PM;Dec 29, 2023 6:00 PM;57,260.75;57,511.75;251.00;11,215.75
Dec 29, 2023 6:00 PM;Dec 29, 2023 7:00 PM;57,048.50;57,192.00;143.50;11,735.50
Dec 29, 2023 7:00 PM;Dec 29, 2023 8:00 PM;55,041.75;55,205.25;163.50;10,624.25
Dec 29, 2023 8:00 PM;Dec 29, 2023 9:00 PM;52,100.00;52,150.25;50.25;9,003.25
Dec 29, 2023 9:00 PM;Dec 29, 2023 10:00 PM;49,544.00;49,768.00;224.00;6,835.00
Dec 29, 2023 10:00 PM;Dec 29, 2023 11:00 PM;47,302.75;47,933.00;630.25;5,344.75
Dec 29, 2023 11:00 PM;Dec 30, 2023 12:00 AM;44,044.75;46,039.25;1,994.50;1,729.50
Dec 30, 2023 12:00 AM;Dec 30, 2023 1:00 AM;41,464.00;43,967.75;2,503.75;-432.00
Dec 30, 2023 1:00 AM;Dec 30, 2023 2:00 AM;39,584.00;42,394.50;2,810.50;-2,227.25
Dec 30, 2023 2:00 AM;Dec 30, 2023 3:00 AM;39,320.00;43,241.00;3,921.00;-3,639.75
Dec 30, 2023 3:00 AM;Dec 30, 2023 4:00 AM;39,693.00;44,268.00;4,575.00;-2,530.25
Dec 30, 2023 4:00 AM;Dec 30, 2023 5:00 AM;40,183.50;45,173.00;4,989.50;-1,573.50
Dec 30, 2023 5:00 AM;Dec 30, 2023 6:00 AM;40,412.25;44,304.75;3,892.50;-1,033.25
Dec 30, 2023 6:00 AM;Dec 30, 2023 7:00 AM;40,711.00;43,164.00;2,453.00;-354.50
Dec 30, 2023 7:00 AM;Dec 30, 2023 8:00 AM;43,040.75;44,398.00;1,357.25;2,520.00
Dec 30, 2023 8:00 AM;Dec 30, 2023 9:00 AM;45,591.75;46,257.25;665.50;6,020.75
Dec 30, 2023 9:00 AM;Dec 30, 2023 10:00 AM;47,812.75;48,215.25;402.50;7,201.25
Dec 30, 2023 10:00 AM;Dec 30, 2023 11:00 AM;49,830.75;50,743.75;913.00;6,477.75
Dec 30, 2023 11:00 AM;Dec 30, 2023 12:00 PM;51,401.50;53,917.00;2,515.50;6,083.75
Dec 30, 2023 12:00 PM;Dec 30, 2023 1:00 PM;51,097.75;52,992.00;1,894.25;6,785.00
Dec 30, 2023 1:00 PM;Dec 30, 2023 2:00 PM;49,671.50;50,801.50;1,130.00;9,229.00
Dec 30, 2023 2:00 PM;Dec 30, 2023 3:00 PM;48,131.00;48,811.50;680.50;14,523.25
Dec 30, 2023 3:00 PM;Dec 30, 2023 4:00 PM;48,200.25;48,610.75;410.50;21,806.25
Dec 30, 2023 4:00 PM;Dec 30, 2023 5:00 PM;49,880.50;49,952.25;71.75;28,353.75
Dec 30, 2023 5:00 PM;Dec 30, 2023 6:00 PM;52,688.75;52,690.00;1.25;32,066.75
Dec 30, 2023 6:00 PM;Dec 30, 2023 7:00 PM;53,540.50;53,540.50;0.00;32,439.75
Dec 30, 2023 7:00 PM;Dec 30, 2023 8:00 PM;51,672.00;51,672.00;0.00;29,824.00
Dec 30, 2023 8:00 PM;Dec 30, 2023 9:00 PM;48,793.50;48,818.25;24.75;26,457.75
Dec 30, 2023 9:00 PM;Dec 30, 2023 10:00 PM;46,169.00;46,236.25;67.25;24,297.50
Dec 30, 2023 10:00 PM;Dec 30, 2023 11:00 PM;44,365.50;44,586.25;220.75;22,833.00
Dec 30, 2023 11:00 PM;Dec 31, 2023 12:00 AM;41,074.25;41,971.75;897.50;18,935.00
Dec 31, 2023 12:00 AM;Dec 31, 2023 1:00 AM;38,361.75;39,347.00;985.25;15,577.25
Dec 31, 2023 1:00 AM;Dec 31, 2023 2:00 AM;36,413.00;37,605.50;1,192.50;13,429.50
Dec 31, 2023 2:00 AM;Dec 31, 2023 3:00 AM;35,189.75;36,152.00;962.25;11,949.25
Dec 31, 2023 3:00 AM;Dec 31, 2023 4:00 AM;35,430.75;37,585.25;2,154.50;11,024.50
Dec 31, 2023 4:00 AM;Dec 31, 2023 5:00 AM;35,961.75;39,049.50;3,087.75;10,419.50
Dec 31, 2023 5:00 AM;Dec 31, 2023 6:00 AM;36,133.00;39,856.00;3,723.00;9,300.50
Dec 31, 2023 6:00 AM;Dec 31, 2023 7:00 AM;36,744.75;40,993.50;4,248.75;8,323.50
Dec 31, 2023 7:00 AM;Dec 31, 2023 8:00 AM;38,557.75;42,643.50;4,085.75;8,415.00
Dec 31, 2023 8:00 AM;Dec 31, 2023 9:00 AM;41,436.75;44,704.00;3,267.25;7,666.00
Dec 31, 2023 9:00 AM;Dec 31, 2023 10:00 AM;44,422.50;47,602.25;3,179.75;6,709.75
Dec 31, 2023 10:00 AM;Dec 31, 2023 11:00 AM;46,637.75;48,725.25;2,087.50;5,685.75
Dec 31, 2023 11:00 AM;Dec 31, 2023 12:00 PM;48,188.75;50,320.50;2,131.75;6,138.75
Dec 31, 2023 12:00 PM;Dec 31, 2023 1:00 PM;49,025.25;50,690.50;1,665.25;7,167.75
Dec 31, 2023 1:00 PM;Dec 31, 2023 2:00 PM;48,420.75;51,675.50;3,254.75;7,504.25
Dec 31, 2023 2:00 PM;Dec 31, 2023 3:00 PM;48,105.00;49,661.25;1,556.25;9,882.25
Dec 31, 2023 3:00 PM;Dec 31, 2023 4:00 PM;48,502.25;48,708.75;206.50;11,586.75
Dec 31, 2023 4:00 PM;Dec 31, 2023 5:00 PM;50,203.00;50,604.25;401.25;14,349.50
Dec 31, 2023 5:00 PM;Dec 31, 2023 6:00 PM;52,685.50;52,910.75;225.25;17,001.75
Dec 31, 2023 6:00 PM;Dec 31, 2023 7:00 PM;52,607.25;52,840.00;232.75;16,459.00
Dec 31, 2023 7:00 PM;Dec 31, 2023 8:00 PM;50,395.00;50,879.75;484.75;14,451.75
Dec 31, 2023 8:00 PM;Dec 31, 2023 9:00 PM;47,080.50;48,069.75;989.25;10,712.75
Dec 31, 2023 9:00 PM;Dec 31, 2023 10:00 PM;45,158.75;46,478.75;1,320.00;9,121.50
Dec 31, 2023 10:00 PM;Dec 31, 2023 11:00 PM;44,088.50;45,513.25;1,424.75;8,048.25
Dec 31, 2023 11:00 PM;Jan 1, 2024 12:00 AM;42,140.00;44,024.25;1,884.25;5,759.25
